TransactionID,Date,Year,Month,Month_Name,Quarter,Season,State,District,Product,Category,Quantity_MT,Unit_Price,Discount_Pct,Revenue,COGS,Gross_Profit,Channel,SalesRep,CustomerType,ReturnFlag
TXN00001,8/17/2022,2022,8,Aug,Q3,Kharif,Uttar Pradesh,Kanpur,NPK 10-26-26,Complex,124,1179.6,0.017,146270.4,101680,44590.4,Dealer,SR-022,Small Farmer,No
TXN00002,5/14/2024,2024,5,May,Q2,Kharif,Uttar Pradesh,Lucknow,DAP,Phosphatic,121,1312.2,0.028,158776.2,108900,49876.2,Online Portal,SR-001,Medium Farmer,Yes
TXN00003,1/21/2025,2025,1,Jan,Q1,Rabi,Bihar,Muzaffarpur,Zinc Sulphate,Micronutrient,311,338.45,0.033,105257.95,55980,49277.95,Dealer,SR-025,Medium Farmer,No
TXN00004,11/28/2023,2023,11,Nov,Q4,Rabi,Rajasthan,Jodhpur,NPK 10-26-26,Complex,500,1089.6,0.092,544800,410000,134800,Dealer,SR-003,Cooperative,No
TXN00005,1/6/2024,2024,1,Jan,Q1,Rabi,Maharashtra,Kolhapur,SSP,Phosphatic,423,417.9,0.005,176771.7,84600,92171.7,Cooperative Society,SR-018,Small Farmer,No
TXN00006,6/11/2022,2022,6,Jun,Q2,Kharif,Andhra Pradesh,Kurnool,Ammonium Sulphate,Nitrogenous,305,635.05,0.023,193690.25,106750,86940.25,Dealer,SR-002,Medium Farmer,No
TXN00007,6/13/2022,2022,6,Jun,Q2,Kharif,Madhya Pradesh,Bhopal,Calcium Nitrate,Nitrogenous,152,804.1,0.054,122223.2,76000,46223.2,Government Scheme,SR-006,Large Farmer,No
TXN00008,3/6/2023,2023,3,Mar,Q1,Kharif,Rajasthan,Jaipur,MOP,Potassic,283,821.7,0.087,232541.1,169800,62741.1,Direct Farm,SR-015,Cooperative,No
TXN00009,2/14/2025,2025,2,Feb,Q1,Rabi,Madhya Pradesh,Gwalior,Urea,Nitrogenous,127,540.6,0.099,68656.2,35560,33096.2,Government Scheme,SR-013,Large Farmer,No
TXN00010,3/9/2023,2023,3,Mar,Q1,Kharif,Karnataka,Hubli,NPK 10-26-26,Complex,345,1128,0.06,389160,282900,106260,Cooperative Society,SR-005,Large Farmer,No
TXN00011,5/21/2023,2023,5,May,Q2,Kharif,Andhra Pradesh,Nellore,SSP,Phosphatic,392,390.6,0.07,153115.2,78400,74715.2,Online Portal,SR-013,Large Farmer,No
TXN00012,10/11/2022,2022,10,Oct,Q4,Rabi,Andhra Pradesh,Vijayawada,DAP,Phosphatic,396,1341.9,0.006,531392.4,356400,174992.4,Dealer,SR-005,Medium Farmer,No
TXN00013,5/11/2022,2022,5,May,Q2,Kharif,Bihar,Bhagalpur,Zinc Sulphate,Micronutrient,280,339.5,0.03,95060,50400,44660,Online Portal,SR-028,Small Farmer,No
TXN00014,1/4/2025,2025,1,Jan,Q1,Rabi,Rajasthan,Udaipur,DAP,Phosphatic,160,1279.8,0.052,204768,144000,60768,Cooperative Society,SR-001,Large Farmer,No
TXN00015,1/1/2023,2023,1,Jan,Q1,Rabi,Andhra Pradesh,Guntur,SSP,Phosphatic,440,387.66,0.077,170570.4,88000,82570.4,Online Portal,SR-007,Medium Farmer,No
TXN00016,11/27/2022,2022,11,Nov,Q4,Rabi,Andhra Pradesh,Nellore,Urea,Nitrogenous,316,576.6,0.039,182205.6,88480,93725.6,Dealer,SR-004,Large Farmer,No
TXN00017,5/6/2023,2023,5,May,Q2,Kharif,Uttar Pradesh,Agra,DAP,Phosphatic,53,1231.2,0.088,65253.6,47700,17553.6,Dealer,SR-025,Medium Farmer,No
TXN00018,8/31/2024,2024,8,Aug,Q3,Kharif,Andhra Pradesh,Visakhapatnam,SSP,Phosphatic,280,375.9,0.105,105252,56000,49252,Cooperative Society,SR-007,Medium Farmer,No
TXN00019,3/28/2024,2024,3,Mar,Q1,Kharif,Maharashtra,Nagpur,Zinc Sulphate,Micronutrient,71,339.5,0.03,24104.5,12780,11324.5,Dealer,SR-011,Small Farmer,No
TXN00020,2/8/2025,2025,2,Feb,Q1,Rabi,Madhya Pradesh,Ujjain,NPK 10-26-26,Complex,13,1189.2,0.009,15459.6,10660,4799.6,Dealer,SR-008,Small Farmer,No
TXN00021,11/8/2023,2023,11,Nov,Q4,Rabi,Punjab,Bathinda,NPK 10-26-26,Complex,152,1104,0.08,167808,124640,43168,Direct Farm,SR-018,Medium Farmer,No
TXN00022,3/26/2025,2025,3,Mar,Q1,Kharif,Gujarat,Surat,Zinc Sulphate,Micronutrient,423,332.85,0.049,140795.55,76140,64655.55,Dealer,SR-004,Cooperative,No
TXN00023,5/17/2024,2024,5,May,Q2,Kharif,Bihar,Bhagalpur,Urea,Nitrogenous,354,553.2,0.078,195832.8,99120,96712.8,Dealer,SR-002,Cooperative,No
TXN00024,8/12/2022,2022,8,Aug,Q3,Kharif,Madhya Pradesh,Indore,NPK 10-26-26,Complex,284,1135.2,0.054,322396.8,232880,89516.8,Cooperative Society,SR-006,Large Farmer,No
TXN00025,5/27/2023,2023,5,May,Q2,Kharif,Punjab,Patiala,DAP,Phosphatic,35,1244.7,0.078,43564.5,31500,12064.5,Online Portal,SR-027,Small Farmer,No
TXN00026,4/30/2023,2023,4,Apr,Q2,Kharif,Haryana,Hisar,Zinc Sulphate,Micronutrient,256,340.9,0.026,87270.4,46080,41190.4,Cooperative Society,SR-029,Small Farmer,No
TXN00027,2/16/2024,2024,2,Feb,Q1,Rabi,Uttar Pradesh,Varanasi,SSP,Phosphatic,484,380.52,0.094,184171.68,96800,87371.68,Cooperative Society,SR-010,Cooperative,No
TXN00028,9/23/2024,2024,9,Sep,Q3,Rabi,Haryana,Faridabad,SSP,Phosphatic,121,371.28,0.116,44924.88,24200,20724.88,Online Portal,SR-024,Small Farmer,No
TXN00029,4/28/2022,2022,4,Apr,Q2,Kharif,Uttar Pradesh,Meerut,Zinc Sulphate,Micronutrient,267,311.5,0.11,83170.5,48060,35110.5,Online Portal,SR-006,Small Farmer,No
TXN00030,6/14/2022,2022,6,Jun,Q2,Kharif,Haryana,Gurugram,DAP,Phosphatic,355,1210.95,0.103,429887.25,319500,110387.25,Cooperative Society,SR-004,Medium Farmer,No
TXN00031,5/2/2025,2025,5,May,Q2,Kharif,Uttar Pradesh,Meerut,DAP,Phosphatic,224,1243.35,0.079,278510.4,201600,76910.4,Online Portal,SR-017,Large Farmer,No
TXN00032,2/23/2023,2023,2,Feb,Q1,Rabi,Maharashtra,Nashik,SSP,Phosphatic,212,413.28,0.016,87615.36,42400,45215.36,Government Scheme,SR-015,Large Farmer,No
TXN00033,1/20/2022,2022,1,Jan,Q1,Rabi,Gujarat,Gandhinagar,DAP,Phosphatic,47,1262.25,0.065,59325.75,42300,17025.75,Online Portal,SR-009,Medium Farmer,No
TXN00034,5/21/2022,2022,5,May,Q2,Kharif,Madhya Pradesh,Gwalior,SSP,Phosphatic,90,397.74,0.053,35796.6,18000,17796.6,Online Portal,SR-023,Large Farmer,No
TXN00035,12/19/2024,2024,12,Dec,Q4,Rabi,Uttar Pradesh,Meerut,SSP,Phosphatic,487,386.4,0.08,188176.8,97400,90776.8,Direct Farm,SR-009,Small Farmer,No
TXN00036,2/7/2025,2025,2,Feb,Q1,Rabi,Haryana,Ambala,SSP,Phosphatic,319,409.5,0.025,130630.5,63800,66830.5,Government Scheme,SR-007,Large Farmer,No
TXN00037,9/27/2024,2024,9,Sep,Q3,Rabi,Rajasthan,Jaipur,DAP,Phosphatic,334,1281.15,0.051,427904.1,300600,127304.1,Government Scheme,SR-002,Small Farmer,No
TXN00038,9/25/2022,2022,9,Sep,Q3,Rabi,Rajasthan,Jodhpur,Zinc Sulphate,Micronutrient,292,320.25,0.085,93513,52560,40953,Online Portal,SR-001,Small Farmer,No
TXN00039,11/2/2022,2022,11,Nov,Q4,Rabi,Andhra Pradesh,Guntur,Ammonium Sulphate,Nitrogenous,308,607.1,0.066,186986.8,107800,79186.8,Cooperative Society,SR-005,Small Farmer,No
TXN00040,1/17/2024,2024,1,Jan,Q1,Rabi,Uttar Pradesh,Kanpur,NPK 10-26-26,Complex,359,1164,0.03,417876,294380,123496,Dealer,SR-012,Cooperative,No
TXN00041,11/13/2022,2022,11,Nov,Q4,Rabi,Madhya Pradesh,Indore,MOP,Potassic,461,855.9,0.049,394569.9,276600,117969.9,Direct Farm,SR-024,Large Farmer,No
TXN00042,5/24/2023,2023,5,May,Q2,Kharif,Rajasthan,Jodhpur,DAP,Phosphatic,205,1208.25,0.105,247691.25,184500,63191.25,Cooperative Society,SR-008,Medium Farmer,No
TXN00043,12/18/2023,2023,12,Dec,Q4,Rabi,Rajasthan,Jodhpur,NPK 10-26-26,Complex,22,1105.2,0.079,24314.4,18040,6274.4,Cooperative Society,SR-011,Large Farmer,No
TXN00044,7/26/2023,2023,7,Jul,Q3,Kharif,Maharashtra,Kolhapur,Calcium Nitrate,Nitrogenous,357,749.7,0.118,267642.9,178500,89142.9,Online Portal,SR-011,Small Farmer,No
TXN00045,6/19/2023,2023,6,Jun,Q2,Kharif,Haryana,Rohtak,SSP,Phosphatic,29,414.54,0.013,12021.66,5800,6221.66,Cooperative Society,SR-012,Large Farmer,No
TXN00046,11/13/2024,2024,11,Nov,Q4,Rabi,Punjab,Patiala,NPK 10-26-26,Complex,140,1194,0.005,167160,114800,52360,Cooperative Society,SR-001,Medium Farmer,No
TXN00047,6/2/2024,2024,6,Jun,Q2,Kharif,Punjab,Jalandhar,Ammonium Sulphate,Nitrogenous,349,583.7,0.102,203711.3,122150,81561.3,Government Scheme,SR-017,Large Farmer,No
TXN00048,10/31/2023,2023,10,Oct,Q4,Rabi,Bihar,Gaya,MOP,Potassic,108,855,0.05,92340,64800,27540,Cooperative Society,SR-022,Medium Farmer,No
TXN00049,3/11/2025,2025,3,Mar,Q1,Kharif,Rajasthan,Ajmer,Urea,Nitrogenous,165,579.6,0.034,95634,46200,49434,Cooperative Society,SR-026,Large Farmer,No
TXN00050,6/23/2024,2024,6,Jun,Q2,Kharif,Gujarat,Surat,Zinc Sulphate,Micronutrient,416,312.2,0.108,129875.2,74880,54995.2,Direct Farm,SR-022,Small Farmer,No
TXN00051,11/21/2024,2024,11,Nov,Q4,Rabi,Karnataka,Hubli,DAP,Phosphatic,429,1196.1,0.114,513126.9,386100,127026.9,Direct Farm,SR-022,Large Farmer,No
TXN00052,2/12/2023,2023,2,Feb,Q1,Rabi,Haryana,Gurugram,Urea,Nitrogenous,135,529.2,0.118,71442,37800,33642,Online Portal,SR-028,Small Farmer,No
TXN00053,4/28/2024,2024,4,Apr,Q2,Kharif,Karnataka,Mysuru,Calcium Nitrate,Nitrogenous,263,809.2,0.048,212819.6,131500,81319.6,Direct Farm,SR-021,Small Farmer,No
TXN00054,5/20/2024,2024,5,May,Q2,Kharif,Madhya Pradesh,Indore,Zinc Sulphate,Micronutrient,35,326.55,0.067,11429.25,6300,5129.25,Dealer,SR-015,Medium Farmer,No
TXN00055,12/23/2024,2024,12,Dec,Q4,Rabi,Andhra Pradesh,Nellore,Ammonium Sulphate,Nitrogenous,496,590.85,0.091,293061.6,173600,119461.6,Cooperative Society,SR-020,Cooperative,No
TXN00056,7/2/2024,2024,7,Jul,Q3,Kharif,Haryana,Hisar,Zinc Sulphate,Micronutrient,142,318.5,0.09,45227,25560,19667,Government Scheme,SR-025,Cooperative,Yes
TXN00057,5/5/2023,2023,5,May,Q2,Kharif,Rajasthan,Ajmer,DAP,Phosphatic,375,1304.1,0.034,489037.5,337500,151537.5,Government Scheme,SR-011,Large Farmer,No
TXN00058,6/15/2022,2022,6,Jun,Q2,Kharif,Haryana,Faridabad,NPK 10-26-26,Complex,206,1100.4,0.083,226682.4,168920,57762.4,Direct Farm,SR-003,Cooperative,No
TXN00059,11/9/2023,2023,11,Nov,Q4,Rabi,Andhra Pradesh,Vijayawada,Calcium Nitrate,Nitrogenous,41,828.75,0.025,33978.75,20500,13478.75,Cooperative Society,SR-013,Small Farmer,No
TXN00060,2/19/2024,2024,2,Feb,Q1,Rabi,Gujarat,Ahmedabad,Ammonium Sulphate,Nitrogenous,162,591.5,0.09,95823,56700,39123,Cooperative Society,SR-018,Medium Farmer,No
TXN00061,3/26/2023,2023,3,Mar,Q1,Kharif,Rajasthan,Ajmer,Zinc Sulphate,Micronutrient,24,333.55,0.047,8005.2,4320,3685.2,Cooperative Society,SR-024,Medium Farmer,No
TXN00062,9/19/2022,2022,9,Sep,Q3,Rabi,Karnataka,Belagavi,Urea,Nitrogenous,474,571.8,0.047,271033.2,132720,138313.2,Online Portal,SR-022,Small Farmer,No
TXN00063,5/27/2024,2024,5,May,Q2,Kharif,Haryana,Hisar,MOP,Potassic,35,872.1,0.031,30523.5,21000,9523.5,Government Scheme,SR-007,Cooperative,No
TXN00064,11/23/2023,2023,11,Nov,Q4,Rabi,Bihar,Gaya,Calcium Nitrate,Nitrogenous,139,765,0.1,106335,69500,36835,Cooperative Society,SR-001,Small Farmer,No
TXN00065,4/5/2023,2023,4,Apr,Q2,Kharif,Punjab,Ludhiana,Urea,Nitrogenous,496,582,0.03,288672,138880,149792,Dealer,SR-020,Medium Farmer,No
TXN00066,9/16/2022,2022,9,Sep,Q3,Rabi,Gujarat,Ahmedabad,NPK 10-26-26,Complex,248,1099.2,0.084,272601.6,203360,69241.6,Government Scheme,SR-006,Small Farmer,No
TXN00067,9/30/2023,2023,9,Sep,Q3,Rabi,Punjab,Bathinda,Urea,Nitrogenous,485,577.8,0.037,280233,135800,144433,Cooperative Society,SR-013,Medium Farmer,No
TXN00068,4/27/2025,2025,4,Apr,Q2,Kharif,Madhya Pradesh,Bhopal,SSP,Phosphatic,445,385.56,0.082,171574.2,89000,82574.2,Dealer,SR-026,Small Farmer,No
TXN00069,12/27/2024,2024,12,Dec,Q4,Rabi,Bihar,Gaya,DAP,Phosphatic,269,1244.7,0.078,334824.3,242100,92724.3,Dealer,SR-028,Cooperative,No
TXN00070,8/5/2022,2022,8,Aug,Q3,Kharif,Bihar,Gaya,Zinc Sulphate,Micronutrient,372,343.7,0.018,127856.4,66960,60896.4,Direct Farm,SR-024,Large Farmer,No
TXN00071,1/7/2025,2025,1,Jan,Q1,Rabi,Gujarat,Rajkot,Calcium Nitrate,Nitrogenous,432,775.2,0.088,334886.4,216000,118886.4,Government Scheme,SR-011,Medium Farmer,No
TXN00072,7/26/2023,2023,7,Jul,Q3,Kharif,Gujarat,Surat,Zinc Sulphate,Micronutrient,301,324.45,0.073,97659.45,54180,43479.45,Cooperative Society,SR-011,Small Farmer,No
TXN00073,10/28/2023,2023,10,Oct,Q4,Rabi,Haryana,Hisar,NPK 10-26-26,Complex,191,1084.8,0.096,207196.8,156620,50576.8,Government Scheme,SR-009,Large Farmer,No
TXN00074,1/21/2022,2022,1,Jan,Q1,Rabi,Andhra Pradesh,Visakhapatnam,DAP,Phosphatic,133,1233.9,0.086,164108.7,119700,44408.7,Cooperative Society,SR-018,Medium Farmer,No
TXN00075,10/2/2024,2024,10,Oct,Q4,Rabi,Gujarat,Ahmedabad,DAP,Phosphatic,160,1313.55,0.027,210168,144000,66168,Direct Farm,SR-010,Large Farmer,No
TXN00076,2/7/2025,2025,2,Feb,Q1,Rabi,Andhra Pradesh,Kurnool,Calcium Nitrate,Nitrogenous,391,793.9,0.066,310414.9,195500,114914.9,Government Scheme,SR-023,Cooperative,No
TXN00077,9/20/2023,2023,9,Sep,Q3,Rabi,Rajasthan,Jodhpur,DAP,Phosphatic,379,1318.95,0.023,499882.05,341100,158782.05,Dealer,SR-024,Medium Farmer,No
TXN00078,3/20/2023,2023,3,Mar,Q1,Kharif,Gujarat,Vadodara,SSP,Phosphatic,61,378,0.1,23058,12200,10858,Government Scheme,SR-008,Large Farmer,No
TXN00079,9/12/2023,2023,9,Sep,Q3,Rabi,Uttar Pradesh,Meerut,MOP,Potassic,150,895.5,0.005,134325,90000,44325,Dealer,SR-018,Large Farmer,No
TXN00080,10/2/2024,2024,10,Oct,Q4,Rabi,Punjab,Ludhiana,SSP,Phosphatic,250,396.06,0.057,99015,50000,49015,Government Scheme,SR-006,Small Farmer,No
TXN00081,9/5/2024,2024,9,Sep,Q3,Rabi,Punjab,Ludhiana,Calcium Nitrate,Nitrogenous,261,842.35,0.009,219853.35,130500,89353.35,Dealer,SR-005,Medium Farmer,No
TXN00082,9/15/2023,2023,9,Sep,Q3,Rabi,Punjab,Amritsar,DAP,Phosphatic,295,1225.8,0.092,361611,265500,96111,Online Portal,SR-020,Medium Farmer,No
TXN00083,2/19/2024,2024,2,Feb,Q1,Rabi,Gujarat,Rajkot,SSP,Phosphatic,450,390.18,0.071,175581,90000,85581,Cooperative Society,SR-010,Small Farmer,No
TXN00084,7/23/2022,2022,7,Jul,Q3,Kharif,Madhya Pradesh,Indore,SSP,Phosphatic,348,415.8,0.01,144698.4,69600,75098.4,Direct Farm,SR-006,Small Farmer,No
TXN00085,1/6/2022,2022,1,Jan,Q1,Rabi,Bihar,Bhagalpur,Zinc Sulphate,Micronutrient,159,348.6,0.004,55427.4,28620,26807.4,Government Scheme,SR-023,Large Farmer,No
TXN00086,5/26/2022,2022,5,May,Q2,Kharif,Madhya Pradesh,Gwalior,NPK 10-26-26,Complex,227,1183.2,0.014,268586.4,186140,82446.4,Direct Farm,SR-021,Medium Farmer,No
TXN00087,10/19/2022,2022,10,Oct,Q4,Rabi,Punjab,Ludhiana,MOP,Potassic,415,866.7,0.037,359680.5,249000,110680.5,Online Portal,SR-030,Large Farmer,No
TXN00088,9/12/2022,2022,9,Sep,Q3,Rabi,Gujarat,Vadodara,Calcium Nitrate,Nitrogenous,492,821.95,0.033,404399.4,246000,158399.4,Online Portal,SR-016,Cooperative,No
TXN00089,3/23/2022,2022,3,Mar,Q1,Kharif,Bihar,Gaya,SSP,Phosphatic,23,415.38,0.011,9553.74,4600,4953.74,Online Portal,SR-019,Small Farmer,No
TXN00090,3/26/2025,2025,3,Mar,Q1,Kharif,Uttar Pradesh,Agra,Zinc Sulphate,Micronutrient,275,322.7,0.078,88742.5,49500,39242.5,Government Scheme,SR-006,Cooperative,Yes
TXN00091,10/4/2024,2024,10,Oct,Q4,Rabi,Punjab,Patiala,Ammonium Sulphate,Nitrogenous,219,624,0.04,136656,76650,60006,Dealer,SR-028,Medium Farmer,No
TXN00092,4/23/2024,2024,4,Apr,Q2,Kharif,Gujarat,Vadodara,Calcium Nitrate,Nitrogenous,426,772.65,0.091,329148.9,213000,116148.9,Dealer,SR-015,Small Farmer,No
TXN00093,6/1/2023,2023,6,Jun,Q2,Kharif,Maharashtra,Pune,Calcium Nitrate,Nitrogenous,452,797.3,0.062,360379.6,226000,134379.6,Dealer,SR-022,Cooperative,No
TXN00094,4/22/2022,2022,4,Apr,Q2,Kharif,Madhya Pradesh,Ujjain,Ammonium Sulphate,Nitrogenous,328,590.85,0.091,193798.8,114800,78998.8,Cooperative Society,SR-025,Small Farmer,No
TXN00095,7/1/2023,2023,7,Jul,Q3,Kharif,Andhra Pradesh,Visakhapatnam,SSP,Phosphatic,234,375.48,0.106,87862.32,46800,41062.32,Cooperative Society,SR-004,Small Farmer,Yes
TXN00096,5/6/2023,2023,5,May,Q2,Kharif,Haryana,Ambala,Urea,Nitrogenous,292,570.6,0.049,166615.2,81760,84855.2,Direct Farm,SR-027,Small Farmer,No
TXN00097,8/29/2022,2022,8,Aug,Q3,Kharif,Haryana,Hisar,SSP,Phosphatic,270,384.3,0.085,103761,54000,49761,Cooperative Society,SR-027,Cooperative,No
TXN00098,5/15/2023,2023,5,May,Q2,Kharif,Gujarat,Gandhinagar,MOP,Potassic,206,879.3,0.023,181135.8,123600,57535.8,Online Portal,SR-017,Medium Farmer,No
TXN00099,7/20/2023,2023,7,Jul,Q3,Kharif,Bihar,Gaya,SSP,Phosphatic,430,420,0,180600,86000,94600,Government Scheme,SR-027,Cooperative,No
TXN00100,7/3/2024,2024,7,Jul,Q3,Kharif,Andhra Pradesh,Vijayawada,Ammonium Sulphate,Nitrogenous,180,607.1,0.066,109278,63000,46278,Online Portal,SR-013,Cooperative,No
TXN00101,1/22/2023,2023,1,Jan,Q1,Rabi,Madhya Pradesh,Ujjain,Calcium Nitrate,Nitrogenous,129,762.45,0.103,98356.05,64500,33856.05,Cooperative Society,SR-002,Large Farmer,No
TXN00102,2/20/2024,2024,2,Feb,Q1,Rabi,Bihar,Muzaffarpur,Zinc Sulphate,Micronutrient,28,344.75,0.015,9653,5040,4613,Online Portal,SR-011,Small Farmer,No
TXN00103,7/24/2022,2022,7,Jul,Q3,Kharif,Andhra Pradesh,Vijayawada,Urea,Nitrogenous,379,589.8,0.017,223534.2,106120,117414.2,Direct Farm,SR-003,Cooperative,No
TXN00104,11/25/2023,2023,11,Nov,Q4,Rabi,Karnataka,Mangaluru,DAP,Phosphatic,446,1297.35,0.039,578618.1,401400,177218.1,Online Portal,SR-013,Large Farmer,Yes
TXN00105,9/26/2024,2024,9,Sep,Q3,Rabi,Andhra Pradesh,Guntur,DAP,Phosphatic,130,1247.4,0.076,162162,117000,45162,Government Scheme,SR-008,Small Farmer,No
TXN00106,7/21/2022,2022,7,Jul,Q3,Kharif,Punjab,Patiala,MOP,Potassic,365,867.6,0.036,316674,219000,97674,Dealer,SR-002,Large Farmer,No
TXN00107,8/24/2023,2023,8,Aug,Q3,Kharif,Maharashtra,Aurangabad,Calcium Nitrate,Nitrogenous,84,825.35,0.029,69329.4,42000,27329.4,Cooperative Society,SR-019,Medium Farmer,No
TXN00108,12/25/2022,2022,12,Dec,Q4,Rabi,Punjab,Bathinda,Calcium Nitrate,Nitrogenous,327,780.3,0.082,255158.1,163500,91658.1,Cooperative Society,SR-030,Medium Farmer,No
TXN00109,8/2/2024,2024,8,Aug,Q3,Kharif,Rajasthan,Ajmer,SSP,Phosphatic,351,419.58,0.001,147272.58,70200,77072.58,Cooperative Society,SR-029,Large Farmer,No
TXN00110,11/20/2022,2022,11,Nov,Q4,Rabi,Punjab,Patiala,Ammonium Sulphate,Nitrogenous,310,626.6,0.036,194246,108500,85746,Cooperative Society,SR-023,Large Farmer,No
TXN00111,9/11/2023,2023,9,Sep,Q3,Rabi,Madhya Pradesh,Jabalpur,Zinc Sulphate,Micronutrient,64,340.2,0.028,21772.8,11520,10252.8,Online Portal,SR-012,Large Farmer,No
TXN00112,2/14/2022,2022,2,Feb,Q1,Rabi,Bihar,Gaya,Urea,Nitrogenous,299,537.6,0.104,160742.4,83720,77022.4,Dealer,SR-030,Cooperative,No
TXN00113,4/17/2023,2023,4,Apr,Q2,Kharif,Karnataka,Hubli,NPK 10-26-26,Complex,335,1172.4,0.023,392754,274700,118054,Government Scheme,SR-022,Medium Farmer,Yes
TXN00114,7/18/2022,2022,7,Jul,Q3,Kharif,Uttar Pradesh,Kanpur,Zinc Sulphate,Micronutrient,27,325.5,0.07,8788.5,4860,3928.5,Direct Farm,SR-003,Large Farmer,No
TXN00115,4/30/2024,2024,4,Apr,Q2,Kharif,Haryana,Faridabad,MOP,Potassic,412,841.5,0.065,346698,247200,99498,Government Scheme,SR-017,Large Farmer,No
TXN00116,6/11/2023,2023,6,Jun,Q2,Kharif,Gujarat,Vadodara,Ammonium Sulphate,Nitrogenous,421,640.9,0.014,269818.9,147350,122468.9,Dealer,SR-005,Medium Farmer,No
TXN00117,2/15/2025,2025,2,Feb,Q1,Rabi,Maharashtra,Pune,Calcium Nitrate,Nitrogenous,17,822.8,0.032,13987.6,8500,5487.6,Dealer,SR-015,Large Farmer,No
TXN00118,4/12/2025,2025,4,Apr,Q2,Kharif,Bihar,Gaya,DAP,Phosphatic,355,1312.2,0.028,465831,319500,146331,Dealer,SR-020,Large Farmer,No
TXN00119,3/30/2023,2023,3,Mar,Q1,Kharif,Punjab,Patiala,SSP,Phosphatic,342,399.42,0.049,136601.64,68400,68201.64,Direct Farm,SR-002,Small Farmer,No
TXN00120,10/5/2024,2024,10,Oct,Q4,Rabi,Punjab,Ludhiana,NPK 10-26-26,Complex,464,1122,0.065,520608,380480,140128,Cooperative Society,SR-015,Large Farmer,No
TXN00121,5/8/2024,2024,5,May,Q2,Kharif,Karnataka,Mysuru,Calcium Nitrate,Nitrogenous,345,839.8,0.012,289731,172500,117231,Cooperative Society,SR-020,Cooperative,No
TXN00122,3/9/2022,2022,3,Mar,Q1,Kharif,Maharashtra,Nashik,Zinc Sulphate,Micronutrient,237,310.1,0.114,73493.7,42660,30833.7,Government Scheme,SR-004,Large Farmer,No
TXN00123,1/5/2024,2024,1,Jan,Q1,Rabi,Uttar Pradesh,Varanasi,SSP,Phosphatic,107,371.28,0.116,39726.96,21400,18326.96,Cooperative Society,SR-003,Medium Farmer,Yes
TXN00124,2/13/2022,2022,2,Feb,Q1,Rabi,Uttar Pradesh,Kanpur,NPK 10-26-26,Complex,74,1087.2,0.094,80452.8,60680,19772.8,Direct Farm,SR-003,Medium Farmer,No
TXN00125,3/19/2023,2023,3,Mar,Q1,Kharif,Madhya Pradesh,Gwalior,MOP,Potassic,413,802.8,0.108,331556.4,247800,83756.4,Dealer,SR-009,Medium Farmer,No
TXN00126,1/11/2025,2025,1,Jan,Q1,Rabi,Rajasthan,Jodhpur,DAP,Phosphatic,348,1209.6,0.104,420940.8,313200,107740.8,Direct Farm,SR-001,Large Farmer,No
TXN00127,4/20/2025,2025,4,Apr,Q2,Kharif,Maharashtra,Pune,MOP,Potassic,145,894.6,0.006,129717,87000,42717,Cooperative Society,SR-017,Small Farmer,No
TXN00128,9/2/2024,2024,9,Sep,Q3,Rabi,Gujarat,Vadodara,DAP,Phosphatic,241,1269,0.06,305829,216900,88929,Online Portal,SR-002,Large Farmer,No
TXN00129,3/5/2022,2022,3,Mar,Q1,Kharif,Uttar Pradesh,Varanasi,Calcium Nitrate,Nitrogenous,228,780.3,0.082,177908.4,114000,63908.4,Cooperative Society,SR-023,Cooperative,No
TXN00130,6/15/2022,2022,6,Jun,Q2,Kharif,Maharashtra,Kolhapur,MOP,Potassic,43,886.5,0.015,38119.5,25800,12319.5,Online Portal,SR-021,Large Farmer,No
TXN00131,12/22/2024,2024,12,Dec,Q4,Rabi,Rajasthan,Ajmer,Calcium Nitrate,Nitrogenous,60,769.25,0.095,46155,30000,16155,Dealer,SR-028,Medium Farmer,No
TXN00132,7/13/2024,2024,7,Jul,Q3,Kharif,Madhya Pradesh,Jabalpur,Ammonium Sulphate,Nitrogenous,433,614.9,0.054,266251.7,151550,114701.7,Cooperative Society,SR-024,Small Farmer,No
TXN00133,5/24/2024,2024,5,May,Q2,Kharif,Maharashtra,Aurangabad,Ammonium Sulphate,Nitrogenous,498,638.3,0.018,317873.4,174300,143573.4,Cooperative Society,SR-003,Small Farmer,No
TXN00134,7/10/2022,2022,7,Jul,Q3,Kharif,Bihar,Patna,Ammonium Sulphate,Nitrogenous,425,639.6,0.016,271830,148750,123080,Dealer,SR-019,Large Farmer,No
TXN00135,4/21/2024,2024,4,Apr,Q2,Kharif,Maharashtra,Nagpur,Urea,Nitrogenous,157,556.8,0.072,87417.6,43960,43457.6,Government Scheme,SR-004,Medium Farmer,No
TXN00136,9/14/2024,2024,9,Sep,Q3,Rabi,Madhya Pradesh,Bhopal,Ammonium Sulphate,Nitrogenous,442,606.45,0.067,268050.9,154700,113350.9,Dealer,SR-025,Large Farmer,No
TXN00137,4/9/2023,2023,4,Apr,Q2,Kharif,Bihar,Darbhanga,Urea,Nitrogenous,321,533.4,0.111,171221.4,89880,81341.4,Government Scheme,SR-001,Medium Farmer,No
TXN00138,9/25/2023,2023,9,Sep,Q3,Rabi,Maharashtra,Aurangabad,Urea,Nitrogenous,102,537.6,0.104,54835.2,28560,26275.2,Online Portal,SR-022,Cooperative,No
TXN00139,10/18/2022,2022,10,Oct,Q4,Rabi,Uttar Pradesh,Lucknow,NPK 10-26-26,Complex,202,1140,0.05,230280,165640,64640,Government Scheme,SR-006,Large Farmer,No
TXN00140,10/27/2023,2023,10,Oct,Q4,Rabi,Karnataka,Belagavi,DAP,Phosphatic,462,1341.9,0.006,619957.8,415800,204157.8,Direct Farm,SR-025,Small Farmer,No
TXN00141,7/12/2023,2023,7,Jul,Q3,Kharif,Gujarat,Rajkot,Zinc Sulphate,Micronutrient,320,331.45,0.053,106064,57600,48464,Government Scheme,SR-007,Small Farmer,No
TXN00142,5/30/2024,2024,5,May,Q2,Kharif,Punjab,Jalandhar,Zinc Sulphate,Micronutrient,279,322,0.08,89838,50220,39618,Dealer,SR-008,Cooperative,No
TXN00143,4/23/2022,2022,4,Apr,Q2,Kharif,Uttar Pradesh,Agra,SSP,Phosphatic,494,409.5,0.025,202293,98800,103493,Direct Farm,SR-025,Large Farmer,No
TXN00144,11/3/2023,2023,11,Nov,Q4,Rabi,Punjab,Ludhiana,Zinc Sulphate,Micronutrient,392,331.8,0.052,130065.6,70560,59505.6,Direct Farm,SR-013,Medium Farmer,No
TXN00145,2/18/2025,2025,2,Feb,Q1,Rabi,Maharashtra,Pune,Calcium Nitrate,Nitrogenous,451,774.35,0.089,349231.85,225500,123731.85,Cooperative Society,SR-001,Cooperative,No
TXN00146,10/4/2023,2023,10,Oct,Q4,Rabi,Karnataka,Mangaluru,Calcium Nitrate,Nitrogenous,373,784.55,0.077,292637.15,186500,106137.15,Government Scheme,SR-004,Cooperative,No
TXN00147,10/28/2023,2023,10,Oct,Q4,Rabi,Haryana,Rohtak,Zinc Sulphate,Micronutrient,435,320.95,0.083,139613.25,78300,61313.25,Government Scheme,SR-003,Cooperative,No
TXN00148,5/14/2023,2023,5,May,Q2,Kharif,Bihar,Darbhanga,Calcium Nitrate,Nitrogenous,278,842.35,0.009,234173.3,139000,95173.3,Government Scheme,SR-024,Large Farmer,No
TXN00149,11/14/2023,2023,11,Nov,Q4,Rabi,Haryana,Gurugram,DAP,Phosphatic,281,1267.65,0.061,356209.65,252900,103309.65,Government Scheme,SR-012,Medium Farmer,No
TXN00150,7/30/2022,2022,7,Jul,Q3,Kharif,Haryana,Ambala,NPK 10-26-26,Complex,98,1113.6,0.072,109132.8,80360,28772.8,Dealer,SR-006,Cooperative,No
TXN00151,2/28/2025,2025,2,Feb,Q1,Rabi,Karnataka,Mangaluru,Ammonium Sulphate,Nitrogenous,452,573.95,0.117,259425.4,158200,101225.4,Government Scheme,SR-005,Cooperative,No
TXN00152,8/18/2024,2024,8,Aug,Q3,Kharif,Gujarat,Vadodara,SSP,Phosphatic,312,417.06,0.007,130122.72,62400,67722.72,Online Portal,SR-003,Large Farmer,No
TXN00153,7/14/2024,2024,7,Jul,Q3,Kharif,Uttar Pradesh,Lucknow,Ammonium Sulphate,Nitrogenous,435,627.9,0.034,273136.5,152250,120886.5,Dealer,SR-020,Cooperative,No
TXN00154,4/3/2025,2025,4,Apr,Q2,Kharif,Andhra Pradesh,Guntur,Zinc Sulphate,Micronutrient,475,316.05,0.097,150123.75,85500,64623.75,Direct Farm,SR-011,Cooperative,No
TXN00155,11/5/2022,2022,11,Nov,Q4,Rabi,Uttar Pradesh,Varanasi,DAP,Phosphatic,425,1204.2,0.108,511785,382500,129285,Government Scheme,SR-023,Small Farmer,No
TXN00156,12/20/2022,2022,12,Dec,Q4,Rabi,Uttar Pradesh,Agra,Zinc Sulphate,Micronutrient,234,327.95,0.063,76740.3,42120,34620.3,Online Portal,SR-006,Large Farmer,No
TXN00157,8/3/2023,2023,8,Aug,Q3,Kharif,Bihar,Bhagalpur,Ammonium Sulphate,Nitrogenous,357,603.2,0.072,215342.4,124950,90392.4,Government Scheme,SR-003,Large Farmer,No
TXN00158,2/16/2025,2025,2,Feb,Q1,Rabi,Bihar,Gaya,SSP,Phosphatic,380,377.16,0.102,143320.8,76000,67320.8,Online Portal,SR-028,Medium Farmer,No
TXN00159,6/16/2022,2022,6,Jun,Q2,Kharif,Karnataka,Mysuru,Ammonium Sulphate,Nitrogenous,168,574.6,0.116,96532.8,58800,37732.8,Cooperative Society,SR-005,Small Farmer,No
TXN00160,2/18/2025,2025,2,Feb,Q1,Rabi,Bihar,Gaya,MOP,Potassic,353,824.4,0.084,291013.2,211800,79213.2,Online Portal,SR-003,Cooperative,No
TXN00161,1/12/2024,2024,1,Jan,Q1,Rabi,Uttar Pradesh,Kanpur,SSP,Phosphatic,102,372.12,0.114,37956.24,20400,17556.24,Government Scheme,SR-025,Cooperative,No
TXN00162,4/9/2023,2023,4,Apr,Q2,Kharif,Haryana,Faridabad,DAP,Phosphatic,161,1213.65,0.101,195397.65,144900,50497.65,Dealer,SR-017,Small Farmer,No
TXN00163,9/26/2022,2022,9,Sep,Q3,Rabi,Karnataka,Mangaluru,MOP,Potassic,93,880.2,0.022,81858.6,55800,26058.6,Online Portal,SR-026,Medium Farmer,No
TXN00164,3/31/2022,2022,3,Mar,Q1,Kharif,Bihar,Gaya,NPK 10-26-26,Complex,237,1112.4,0.073,263638.8,194340,69298.8,Cooperative Society,SR-008,Medium Farmer,No
TXN00165,8/18/2024,2024,8,Aug,Q3,Kharif,Madhya Pradesh,Gwalior,Zinc Sulphate,Micronutrient,246,317.8,0.092,78178.8,44280,33898.8,Cooperative Society,SR-017,Cooperative,No
TXN00166,2/13/2023,2023,2,Feb,Q1,Rabi,Karnataka,Mysuru,SSP,Phosphatic,36,387.66,0.077,13955.76,7200,6755.76,Government Scheme,SR-018,Small Farmer,No
TXN00167,9/13/2022,2022,9,Sep,Q3,Rabi,Rajasthan,Jaipur,MOP,Potassic,149,851.4,0.054,126858.6,89400,37458.6,Online Portal,SR-005,Cooperative,No
TXN00168,3/31/2023,2023,3,Mar,Q1,Kharif,Gujarat,Vadodara,Urea,Nitrogenous,222,596.4,0.006,132400.8,62160,70240.8,Online Portal,SR-012,Medium Farmer,No
TXN00169,6/17/2022,2022,6,Jun,Q2,Kharif,Maharashtra,Nashik,Urea,Nitrogenous,173,532.8,0.112,92174.4,48440,43734.4,Government Scheme,SR-026,Medium Farmer,No
TXN00170,3/20/2022,2022,3,Mar,Q1,Kharif,Rajasthan,Ajmer,MOP,Potassic,398,823.5,0.085,327753,238800,88953,Cooperative Society,SR-020,Small Farmer,No
TXN00171,2/8/2022,2022,2,Feb,Q1,Rabi,Rajasthan,Jodhpur,MOP,Potassic,290,798.3,0.113,231507,174000,57507,Online Portal,SR-017,Cooperative,No
TXN00172,8/14/2023,2023,8,Aug,Q3,Kharif,Madhya Pradesh,Gwalior,DAP,Phosphatic,34,1310.85,0.029,44568.9,30600,13968.9,Online Portal,SR-015,Small Farmer,No
TXN00173,10/20/2024,2024,10,Oct,Q4,Rabi,Karnataka,Belagavi,Urea,Nitrogenous,333,562.8,0.062,187412.4,93240,94172.4,Direct Farm,SR-023,Medium Farmer,No
TXN00174,5/29/2024,2024,5,May,Q2,Kharif,Uttar Pradesh,Meerut,Ammonium Sulphate,Nitrogenous,133,605.8,0.068,80571.4,46550,34021.4,Direct Farm,SR-022,Small Farmer,No
TXN00175,1/9/2024,2024,1,Jan,Q1,Rabi,Punjab,Bathinda,Urea,Nitrogenous,209,537,0.105,112233,58520,53713,Dealer,SR-021,Cooperative,No
TXN00176,6/4/2023,2023,6,Jun,Q2,Kharif,Uttar Pradesh,Kanpur,DAP,Phosphatic,186,1310.85,0.029,243818.1,167400,76418.1,Dealer,SR-025,Large Farmer,No
TXN00177,4/1/2022,2022,4,Apr,Q2,Kharif,Maharashtra,Kolhapur,Ammonium Sulphate,Nitrogenous,426,599.95,0.077,255578.7,149100,106478.7,Cooperative Society,SR-023,Cooperative,Yes
TXN00178,1/9/2023,2023,1,Jan,Q1,Rabi,Haryana,Gurugram,Zinc Sulphate,Micronutrient,28,337.75,0.035,9457,5040,4417,Dealer,SR-026,Medium Farmer,No
TXN00179,10/9/2023,2023,10,Oct,Q4,Rabi,Rajasthan,Kota,Calcium Nitrate,Nitrogenous,427,794.75,0.065,339358.25,213500,125858.25,Government Scheme,SR-002,Medium Farmer,No
TXN00180,1/2/2024,2024,1,Jan,Q1,Rabi,Uttar Pradesh,Kanpur,SSP,Phosphatic,73,379.68,0.096,27716.64,14600,13116.64,Cooperative Society,SR-029,Cooperative,No
TXN00181,3/2/2024,2024,3,Mar,Q1,Kharif,Maharashtra,Nashik,Zinc Sulphate,Micronutrient,364,329,0.06,119756,65520,54236,Online Portal,SR-009,Small Farmer,No
TXN00182,6/11/2022,2022,6,Jun,Q2,Kharif,Bihar,Darbhanga,MOP,Potassic,289,868.5,0.035,250996.5,173400,77596.5,Dealer,SR-003,Large Farmer,No
TXN00183,9/20/2023,2023,9,Sep,Q3,Rabi,Gujarat,Gandhinagar,Calcium Nitrate,Nitrogenous,95,779.45,0.083,74047.75,47500,26547.75,Government Scheme,SR-015,Small Farmer,No
TXN00184,6/9/2024,2024,6,Jun,Q2,Kharif,Rajasthan,Jaipur,DAP,Phosphatic,353,1246.05,0.077,439855.65,317700,122155.65,Government Scheme,SR-017,Medium Farmer,No
TXN00185,10/20/2022,2022,10,Oct,Q4,Rabi,Karnataka,Mangaluru,Urea,Nitrogenous,74,595.2,0.008,44044.8,20720,23324.8,Government Scheme,SR-012,Cooperative,No
TXN00186,3/8/2022,2022,3,Mar,Q1,Kharif,Karnataka,Mysuru,Zinc Sulphate,Micronutrient,495,334.25,0.045,165453.75,89100,76353.75,Cooperative Society,SR-025,Small Farmer,No
TXN00187,10/9/2022,2022,10,Oct,Q4,Rabi,Andhra Pradesh,Kurnool,Calcium Nitrate,Nitrogenous,170,783.7,0.078,133229,85000,48229,Direct Farm,SR-004,Small Farmer,No
TXN00188,10/19/2024,2024,10,Oct,Q4,Rabi,Andhra Pradesh,Vijayawada,DAP,Phosphatic,144,1224.45,0.093,176320.8,129600,46720.8,Cooperative Society,SR-007,Large Farmer,No
TXN00189,2/14/2023,2023,2,Feb,Q1,Rabi,Punjab,Amritsar,DAP,Phosphatic,241,1321.65,0.021,318517.65,216900,101617.65,Cooperative Society,SR-003,Large Farmer,No
TXN00190,5/13/2022,2022,5,May,Q2,Kharif,Andhra Pradesh,Nellore,SSP,Phosphatic,466,404.88,0.036,188674.08,93200,95474.08,Direct Farm,SR-023,Medium Farmer,No
TXN00191,11/7/2024,2024,11,Nov,Q4,Rabi,Madhya Pradesh,Bhopal,NPK 10-26-26,Complex,415,1179.6,0.017,489534,340300,149234,Cooperative Society,SR-001,Large Farmer,No
TXN00192,3/18/2025,2025,3,Mar,Q1,Kharif,Maharashtra,Nagpur,MOP,Potassic,323,804.6,0.106,259885.8,193800,66085.8,Dealer,SR-010,Cooperative,No
TXN00193,12/12/2024,2024,12,Dec,Q4,Rabi,Bihar,Bhagalpur,DAP,Phosphatic,74,1192.05,0.117,88211.7,66600,21611.7,Dealer,SR-015,Cooperative,No
TXN00194,12/7/2023,2023,12,Dec,Q4,Rabi,Haryana,Rohtak,MOP,Potassic,403,795.6,0.116,320626.8,241800,78826.8,Cooperative Society,SR-017,Small Farmer,No
TXN00195,11/27/2024,2024,11,Nov,Q4,Rabi,Haryana,Ambala,MOP,Potassic,92,864.9,0.039,79570.8,55200,24370.8,Direct Farm,SR-012,Large Farmer,No
TXN00196,5/29/2023,2023,5,May,Q2,Kharif,Madhya Pradesh,Ujjain,SSP,Phosphatic,74,388.5,0.075,28749,14800,13949,Online Portal,SR-018,Small Farmer,No
TXN00197,12/12/2022,2022,12,Dec,Q4,Rabi,Karnataka,Belagavi,MOP,Potassic,97,828.9,0.079,80403.3,58200,22203.3,Online Portal,SR-011,Small Farmer,No
TXN00198,6/16/2022,2022,6,Jun,Q2,Kharif,Uttar Pradesh,Meerut,SSP,Phosphatic,343,409.5,0.025,140458.5,68600,71858.5,Online Portal,SR-014,Small Farmer,No
TXN00199,1/22/2025,2025,1,Jan,Q1,Rabi,Rajasthan,Udaipur,Zinc Sulphate,Micronutrient,135,316.05,0.097,42666.75,24300,18366.75,Cooperative Society,SR-010,Cooperative,No
TXN00200,5/3/2022,2022,5,May,Q2,Kharif,Haryana,Hisar,Calcium Nitrate,Nitrogenous,257,802.4,0.056,206216.8,128500,77716.8,Government Scheme,SR-020,Medium Farmer,No
TXN00201,10/16/2023,2023,10,Oct,Q4,Rabi,Maharashtra,Nagpur,MOP,Potassic,399,860.4,0.044,343299.6,239400,103899.6,Online Portal,SR-004,Large Farmer,No
TXN00202,8/13/2024,2024,8,Aug,Q3,Kharif,Punjab,Jalandhar,Zinc Sulphate,Micronutrient,136,344.05,0.017,46790.8,24480,22310.8,Dealer,SR-010,Cooperative,No
TXN00203,5/6/2024,2024,5,May,Q2,Kharif,Madhya Pradesh,Indore,Ammonium Sulphate,Nitrogenous,488,605.15,0.069,295313.2,170800,124513.2,Government Scheme,SR-007,Medium Farmer,No
TXN00204,11/20/2024,2024,11,Nov,Q4,Rabi,Gujarat,Rajkot,SSP,Phosphatic,264,418.74,0.003,110547.36,52800,57747.36,Cooperative Society,SR-017,Cooperative,No
TXN00205,3/17/2023,2023,3,Mar,Q1,Kharif,Karnataka,Hubli,Urea,Nitrogenous,35,579.6,0.034,20286,9800,10486,Online Portal,SR-029,Cooperative,No
TXN00206,1/4/2025,2025,1,Jan,Q1,Rabi,Uttar Pradesh,Lucknow,Calcium Nitrate,Nitrogenous,78,759.9,0.106,59272.2,39000,20272.2,Government Scheme,SR-025,Cooperative,No
TXN00207,4/3/2022,2022,4,Apr,Q2,Kharif,Bihar,Patna,NPK 10-26-26,Complex,195,1120.8,0.066,218556,159900,58656,Dealer,SR-013,Cooperative,No
TXN00208,7/27/2023,2023,7,Jul,Q3,Kharif,Karnataka,Belagavi,DAP,Phosphatic,75,1192.05,0.117,89403.75,67500,21903.75,Cooperative Society,SR-012,Large Farmer,No
TXN00209,1/19/2024,2024,1,Jan,Q1,Rabi,Haryana,Faridabad,Calcium Nitrate,Nitrogenous,266,845.75,0.005,224969.5,133000,91969.5,Dealer,SR-005,Large Farmer,No
TXN00210,11/29/2024,2024,11,Nov,Q4,Rabi,Gujarat,Surat,MOP,Potassic,177,799.2,0.112,141458.4,106200,35258.4,Government Scheme,SR-006,Cooperative,No
TXN00211,9/5/2023,2023,9,Sep,Q3,Rabi,Karnataka,Hubli,Zinc Sulphate,Micronutrient,372,326.2,0.068,121346.4,66960,54386.4,Cooperative Society,SR-027,Small Farmer,No
TXN00212,11/10/2023,2023,11,Nov,Q4,Rabi,Punjab,Patiala,SSP,Phosphatic,417,374.64,0.108,156224.88,83400,72824.88,Dealer,SR-020,Cooperative,No
TXN00213,3/30/2025,2025,3,Mar,Q1,Kharif,Karnataka,Mysuru,Urea,Nitrogenous,308,565.2,0.058,174081.6,86240,87841.6,Online Portal,SR-021,Cooperative,No
TXN00214,5/12/2023,2023,5,May,Q2,Kharif,Uttar Pradesh,Meerut,DAP,Phosphatic,107,1347.3,0.002,144161.1,96300,47861.1,Government Scheme,SR-014,Medium Farmer,No
TXN00215,2/22/2023,2023,2,Feb,Q1,Rabi,Bihar,Darbhanga,Zinc Sulphate,Micronutrient,456,314.3,0.102,143320.8,82080,61240.8,Dealer,SR-023,Medium Farmer,No
TXN00216,3/1/2023,2023,3,Mar,Q1,Kharif,Andhra Pradesh,Kurnool,Zinc Sulphate,Micronutrient,279,334.25,0.045,93255.75,50220,43035.75,Direct Farm,SR-015,Large Farmer,No
TXN00217,12/27/2023,2023,12,Dec,Q4,Rabi,Rajasthan,Kota,Zinc Sulphate,Micronutrient,108,309.75,0.115,33453,19440,14013,Government Scheme,SR-018,Large Farmer,No
TXN00218,9/2/2023,2023,9,Sep,Q3,Rabi,Rajasthan,Jodhpur,Zinc Sulphate,Micronutrient,172,329.7,0.058,56708.4,30960,25748.4,Online Portal,SR-030,Large Farmer,No
TXN00219,9/7/2022,2022,9,Sep,Q3,Rabi,Karnataka,Belagavi,Calcium Nitrate,Nitrogenous,468,749.7,0.118,350859.6,234000,116859.6,Government Scheme,SR-025,Medium Farmer,No
TXN00220,3/28/2022,2022,3,Mar,Q1,Kharif,Rajasthan,Jaipur,Ammonium Sulphate,Nitrogenous,483,615.55,0.053,297310.65,169050,128260.65,Government Scheme,SR-024,Cooperative,No
TXN00221,2/18/2023,2023,2,Feb,Q1,Rabi,Andhra Pradesh,Kurnool,SSP,Phosphatic,80,414.54,0.013,33163.2,16000,17163.2,Online Portal,SR-008,Medium Farmer,No
TXN00222,12/23/2024,2024,12,Dec,Q4,Rabi,Madhya Pradesh,Indore,Urea,Nitrogenous,61,570,0.05,34770,17080,17690,Cooperative Society,SR-004,Medium Farmer,No
TXN00223,2/1/2025,2025,2,Feb,Q1,Rabi,Haryana,Hisar,Zinc Sulphate,Micronutrient,254,322.7,0.078,81965.8,45720,36245.8,Government Scheme,SR-011,Large Farmer,Yes
TXN00224,5/2/2022,2022,5,May,Q2,Kharif,Punjab,Bathinda,NPK 10-26-26,Complex,283,1093.2,0.089,309375.6,232060,77315.6,Dealer,SR-030,Medium Farmer,No
TXN00225,12/27/2022,2022,12,Dec,Q4,Rabi,Uttar Pradesh,Varanasi,Zinc Sulphate,Micronutrient,105,310.8,0.112,32634,18900,13734,Government Scheme,SR-029,Small Farmer,No
TXN00226,9/4/2023,2023,9,Sep,Q3,Rabi,Karnataka,Belagavi,DAP,Phosphatic,485,1190.7,0.118,577489.5,436500,140989.5,Government Scheme,SR-015,Cooperative,No
TXN00227,10/29/2024,2024,10,Oct,Q4,Rabi,Gujarat,Vadodara,NPK 10-26-26,Complex,424,1183.2,0.014,501676.8,347680,153996.8,Direct Farm,SR-024,Cooperative,Yes
TXN00228,6/11/2023,2023,6,Jun,Q2,Kharif,Haryana,Gurugram,Ammonium Sulphate,Nitrogenous,414,627.25,0.035,259681.5,144900,114781.5,Direct Farm,SR-006,Cooperative,No
TXN00229,11/21/2024,2024,11,Nov,Q4,Rabi,Maharashtra,Pune,Calcium Nitrate,Nitrogenous,352,840.65,0.011,295908.8,176000,119908.8,Direct Farm,SR-016,Large Farmer,No
TXN00230,1/14/2022,2022,1,Jan,Q1,Rabi,Rajasthan,Ajmer,NPK 10-26-26,Complex,238,1092,0.09,259896,195160,64736,Government Scheme,SR-010,Small Farmer,No
TXN00231,1/7/2024,2024,1,Jan,Q1,Rabi,Madhya Pradesh,Bhopal,DAP,Phosphatic,248,1300.05,0.037,322412.4,223200,99212.4,Cooperative Society,SR-022,Large Farmer,No
TXN00232,8/28/2023,2023,8,Aug,Q3,Kharif,Maharashtra,Kolhapur,NPK 10-26-26,Complex,122,1062,0.115,129564,100040,29524,Cooperative Society,SR-005,Cooperative,No
TXN00233,2/5/2024,2024,2,Feb,Q1,Rabi,Bihar,Darbhanga,Zinc Sulphate,Micronutrient,397,327.25,0.065,129918.25,71460,58458.25,Direct Farm,SR-025,Medium Farmer,No
TXN00234,6/17/2022,2022,6,Jun,Q2,Kharif,Andhra Pradesh,Vijayawada,Ammonium Sulphate,Nitrogenous,49,578.5,0.11,28346.5,17150,11196.5,Dealer,SR-002,Medium Farmer,No
TXN00235,1/4/2025,2025,1,Jan,Q1,Rabi,Haryana,Faridabad,Ammonium Sulphate,Nitrogenous,447,609.7,0.062,272535.9,156450,116085.9,Dealer,SR-022,Medium Farmer,No
TXN00236,9/28/2024,2024,9,Sep,Q3,Rabi,Punjab,Bathinda,Zinc Sulphate,Micronutrient,424,347.55,0.007,147361.2,76320,71041.2,Direct Farm,SR-017,Cooperative,No
TXN00237,2/28/2025,2025,2,Feb,Q1,Rabi,Uttar Pradesh,Meerut,Zinc Sulphate,Micronutrient,354,316.05,0.097,111881.7,63720,48161.7,Dealer,SR-013,Large Farmer,No
TXN00238,3/23/2023,2023,3,Mar,Q1,Kharif,Karnataka,Bengaluru,Urea,Nitrogenous,226,575.4,0.041,130040.4,63280,66760.4,Dealer,SR-018,Small Farmer,No
TXN00239,8/24/2024,2024,8,Aug,Q3,Kharif,Uttar Pradesh,Kanpur,Calcium Nitrate,Nitrogenous,102,771.8,0.092,78723.6,51000,27723.6,Cooperative Society,SR-012,Cooperative,No
TXN00240,2/13/2024,2024,2,Feb,Q1,Rabi,Bihar,Patna,MOP,Potassic,344,807.3,0.103,277711.2,206400,71311.2,Dealer,SR-006,Cooperative,No
TXN00241,9/18/2022,2022,9,Sep,Q3,Rabi,Madhya Pradesh,Bhopal,Urea,Nitrogenous,162,566.4,0.056,91756.8,45360,46396.8,Online Portal,SR-014,Cooperative,No
TXN00242,5/22/2023,2023,5,May,Q2,Kharif,Gujarat,Vadodara,MOP,Potassic,151,879.3,0.023,132774.3,90600,42174.3,Dealer,SR-002,Cooperative,No
TXN00243,2/2/2022,2022,2,Feb,Q1,Rabi,Madhya Pradesh,Indore,DAP,Phosphatic,61,1254.15,0.071,76503.15,54900,21603.15,Cooperative Society,SR-020,Small Farmer,No
TXN00244,4/1/2022,2022,4,Apr,Q2,Kharif,Bihar,Bhagalpur,NPK 10-26-26,Complex,286,1168.8,0.026,334276.8,234520,99756.8,Dealer,SR-005,Large Farmer,No
TXN00245,3/25/2025,2025,3,Mar,Q1,Kharif,Maharashtra,Kolhapur,Ammonium Sulphate,Nitrogenous,131,626.6,0.036,82084.6,45850,36234.6,Direct Farm,SR-022,Medium Farmer,No
TXN00246,9/8/2023,2023,9,Sep,Q3,Rabi,Rajasthan,Jaipur,MOP,Potassic,330,827.1,0.081,272943,198000,74943,Online Portal,SR-016,Small Farmer,No
TXN00247,2/20/2024,2024,2,Feb,Q1,Rabi,Andhra Pradesh,Kurnool,Calcium Nitrate,Nitrogenous,219,834.7,0.018,182799.3,109500,73299.3,Cooperative Society,SR-006,Cooperative,No
TXN00248,4/7/2023,2023,4,Apr,Q2,Kharif,Rajasthan,Jodhpur,Zinc Sulphate,Micronutrient,478,347.55,0.007,166128.9,86040,80088.9,Cooperative Society,SR-014,Medium Farmer,No
TXN00249,5/13/2023,2023,5,May,Q2,Kharif,Rajasthan,Jodhpur,Ammonium Sulphate,Nitrogenous,341,644.15,0.009,219655.15,119350,100305.15,Cooperative Society,SR-028,Large Farmer,No
TXN00250,1/1/2025,2025,1,Jan,Q1,Rabi,Madhya Pradesh,Bhopal,SSP,Phosphatic,203,385.98,0.081,78353.94,40600,37753.94,Online Portal,SR-002,Small Farmer,No
TXN00251,4/18/2025,2025,4,Apr,Q2,Kharif,Andhra Pradesh,Visakhapatnam,Zinc Sulphate,Micronutrient,116,313.6,0.104,36377.6,20880,15497.6,Government Scheme,SR-010,Small Farmer,No
TXN00252,1/25/2023,2023,1,Jan,Q1,Rabi,Punjab,Patiala,NPK 10-26-26,Complex,366,1112.4,0.073,407138.4,300120,107018.4,Direct Farm,SR-013,Medium Farmer,No
TXN00253,10/21/2023,2023,10,Oct,Q4,Rabi,Rajasthan,Ajmer,Zinc Sulphate,Micronutrient,283,322.7,0.078,91324.1,50940,40384.1,Government Scheme,SR-009,Large Farmer,No
TXN00254,10/15/2024,2024,10,Oct,Q4,Rabi,Gujarat,Ahmedabad,Zinc Sulphate,Micronutrient,399,314.65,0.101,125545.35,71820,53725.35,Direct Farm,SR-012,Large Farmer,No
TXN00255,4/4/2022,2022,4,Apr,Q2,Kharif,Karnataka,Mysuru,MOP,Potassic,18,872.1,0.031,15697.8,10800,4897.8,Online Portal,SR-019,Cooperative,No
TXN00256,11/9/2022,2022,11,Nov,Q4,Rabi,Madhya Pradesh,Gwalior,NPK 10-26-26,Complex,204,1118.4,0.068,228153.6,167280,60873.6,Direct Farm,SR-016,Large Farmer,No
TXN00257,9/27/2024,2024,9,Sep,Q3,Rabi,Gujarat,Rajkot,MOP,Potassic,385,814.5,0.095,313582.5,231000,82582.5,Direct Farm,SR-005,Cooperative,No
TXN00258,1/15/2025,2025,1,Jan,Q1,Rabi,Uttar Pradesh,Meerut,Urea,Nitrogenous,439,538.8,0.102,236533.2,122920,113613.2,Dealer,SR-025,Small Farmer,No
TXN00259,10/9/2022,2022,10,Oct,Q4,Rabi,Madhya Pradesh,Bhopal,MOP,Potassic,14,876.6,0.026,12272.4,8400,3872.4,Cooperative Society,SR-012,Small Farmer,No
TXN00260,9/16/2024,2024,9,Sep,Q3,Rabi,Gujarat,Ahmedabad,Urea,Nitrogenous,282,560.4,0.066,158032.8,78960,79072.8,Dealer,SR-001,Large Farmer,No
TXN00261,8/11/2023,2023,8,Aug,Q3,Kharif,Uttar Pradesh,Meerut,Calcium Nitrate,Nitrogenous,422,753.95,0.113,318166.9,211000,107166.9,Direct Farm,SR-004,Small Farmer,No
TXN00262,11/1/2022,2022,11,Nov,Q4,Rabi,Madhya Pradesh,Indore,SSP,Phosphatic,427,401.94,0.043,171628.38,85400,86228.38,Cooperative Society,SR-003,Large Farmer,No
TXN00263,7/29/2024,2024,7,Jul,Q3,Kharif,Karnataka,Mysuru,NPK 10-26-26,Complex,163,1101.6,0.082,179560.8,133660,45900.8,Dealer,SR-021,Small Farmer,No
TXN00264,4/10/2024,2024,4,Apr,Q2,Kharif,Bihar,Bhagalpur,Zinc Sulphate,Micronutrient,38,323.4,0.076,12289.2,6840,5449.2,Direct Farm,SR-003,Cooperative,No
TXN00265,11/10/2023,2023,11,Nov,Q4,Rabi,Karnataka,Bengaluru,Urea,Nitrogenous,127,585,0.025,74295,35560,38735,Online Portal,SR-016,Large Farmer,No
TXN00266,6/2/2022,2022,6,Jun,Q2,Kharif,Rajasthan,Kota,Urea,Nitrogenous,101,533.4,0.111,53873.4,28280,25593.4,Government Scheme,SR-001,Medium Farmer,No
TXN00267,10/23/2022,2022,10,Oct,Q4,Rabi,Bihar,Patna,SSP,Phosphatic,93,391.44,0.068,36403.92,18600,17803.92,Online Portal,SR-027,Cooperative,No
TXN00268,11/11/2023,2023,11,Nov,Q4,Rabi,Bihar,Muzaffarpur,DAP,Phosphatic,266,1229.85,0.089,327140.1,239400,87740.1,Government Scheme,SR-002,Small Farmer,No
TXN00269,4/21/2023,2023,4,Apr,Q2,Kharif,Punjab,Jalandhar,Calcium Nitrate,Nitrogenous,406,816.85,0.039,331641.1,203000,128641.1,Government Scheme,SR-026,Cooperative,No
TXN00270,4/13/2023,2023,4,Apr,Q2,Kharif,Maharashtra,Kolhapur,Calcium Nitrate,Nitrogenous,231,831.3,0.022,192030.3,115500,76530.3,Online Portal,SR-022,Cooperative,No
TXN00271,8/28/2023,2023,8,Aug,Q3,Kharif,Madhya Pradesh,Bhopal,DAP,Phosphatic,147,1324.35,0.019,194679.45,132300,62379.45,Direct Farm,SR-024,Cooperative,No
TXN00272,1/9/2024,2024,1,Jan,Q1,Rabi,Punjab,Ludhiana,Urea,Nitrogenous,492,577.8,0.037,284277.6,137760,146517.6,Government Scheme,SR-025,Large Farmer,No
TXN00273,9/29/2022,2022,9,Sep,Q3,Rabi,Punjab,Amritsar,Calcium Nitrate,Nitrogenous,239,793.05,0.067,189538.95,119500,70038.95,Online Portal,SR-014,Small Farmer,No
TXN00274,7/3/2022,2022,7,Jul,Q3,Kharif,Maharashtra,Kolhapur,DAP,Phosphatic,315,1252.8,0.072,394632,283500,111132,Government Scheme,SR-028,Cooperative,No
TXN00275,8/21/2023,2023,8,Aug,Q3,Kharif,Bihar,Bhagalpur,DAP,Phosphatic,381,1204.2,0.108,458800.2,342900,115900.2,Direct Farm,SR-019,Medium Farmer,No
TXN00276,12/14/2022,2022,12,Dec,Q4,Rabi,Haryana,Ambala,SSP,Phosphatic,147,395.22,0.059,58097.34,29400,28697.34,Dealer,SR-006,Cooperative,No
TXN00277,5/12/2024,2024,5,May,Q2,Kharif,Rajasthan,Ajmer,DAP,Phosphatic,194,1309.5,0.03,254043,174600,79443,Direct Farm,SR-024,Cooperative,No
TXN00278,2/5/2023,2023,2,Feb,Q1,Rabi,Gujarat,Ahmedabad,MOP,Potassic,165,899.1,0.001,148351.5,99000,49351.5,Cooperative Society,SR-011,Cooperative,No
TXN00279,6/20/2024,2024,6,Jun,Q2,Kharif,Maharashtra,Nagpur,MOP,Potassic,163,865.8,0.038,141125.4,97800,43325.4,Direct Farm,SR-016,Large Farmer,No
TXN00280,3/26/2024,2024,3,Mar,Q1,Kharif,Maharashtra,Aurangabad,Zinc Sulphate,Micronutrient,304,317.1,0.094,96398.4,54720,41678.4,Government Scheme,SR-013,Large Farmer,No
TXN00281,1/18/2024,2024,1,Jan,Q1,Rabi,Punjab,Bathinda,NPK 10-26-26,Complex,313,1056,0.12,330528,256660,73868,Direct Farm,SR-022,Small Farmer,No
TXN00282,3/6/2023,2023,3,Mar,Q1,Kharif,Gujarat,Vadodara,DAP,Phosphatic,429,1212.3,0.102,520076.7,386100,133976.7,Cooperative Society,SR-022,Cooperative,No
TXN00283,9/13/2023,2023,9,Sep,Q3,Rabi,Madhya Pradesh,Gwalior,MOP,Potassic,376,854.1,0.051,321141.6,225600,95541.6,Cooperative Society,SR-003,Cooperative,No
TXN00284,9/8/2024,2024,9,Sep,Q3,Rabi,Karnataka,Mangaluru,Calcium Nitrate,Nitrogenous,288,846.6,0.004,243820.8,144000,99820.8,Government Scheme,SR-023,Small Farmer,No
TXN00285,5/24/2023,2023,5,May,Q2,Kharif,Maharashtra,Nashik,Urea,Nitrogenous,298,529.2,0.118,157701.6,83440,74261.6,Cooperative Society,SR-025,Large Farmer,No
TXN00286,8/5/2022,2022,8,Aug,Q3,Kharif,Uttar Pradesh,Lucknow,SSP,Phosphatic,123,394.38,0.061,48508.74,24600,23908.74,Online Portal,SR-018,Medium Farmer,No
TXN00287,2/6/2024,2024,2,Feb,Q1,Rabi,Bihar,Bhagalpur,MOP,Potassic,186,792,0.12,147312,111600,35712,Cooperative Society,SR-004,Large Farmer,No
TXN00288,6/25/2022,2022,6,Jun,Q2,Kharif,Punjab,Amritsar,Ammonium Sulphate,Nitrogenous,169,623.35,0.041,105346.15,59150,46196.15,Direct Farm,SR-017,Cooperative,No
TXN00289,9/2/2024,2024,9,Sep,Q3,Rabi,Punjab,Patiala,Zinc Sulphate,Micronutrient,173,347.2,0.008,60065.6,31140,28925.6,Dealer,SR-026,Small Farmer,No
TXN00290,12/4/2023,2023,12,Dec,Q4,Rabi,Punjab,Amritsar,NPK 10-26-26,Complex,274,1174.8,0.021,321895.2,224680,97215.2,Direct Farm,SR-011,Cooperative,No
TXN00291,4/20/2023,2023,4,Apr,Q2,Kharif,Bihar,Muzaffarpur,MOP,Potassic,337,828.9,0.079,279339.3,202200,77139.3,Cooperative Society,SR-001,Medium Farmer,No
TXN00292,4/27/2025,2025,4,Apr,Q2,Kharif,Bihar,Bhagalpur,Urea,Nitrogenous,370,584.4,0.026,216228,103600,112628,Government Scheme,SR-025,Small Farmer,No
TXN00293,7/28/2022,2022,7,Jul,Q3,Kharif,Andhra Pradesh,Visakhapatnam,Ammonium Sulphate,Nitrogenous,176,634.4,0.024,111654.4,61600,50054.4,Dealer,SR-009,Cooperative,No
TXN00294,10/4/2023,2023,10,Oct,Q4,Rabi,Karnataka,Mangaluru,Calcium Nitrate,Nitrogenous,310,838.1,0.014,259811,155000,104811,Government Scheme,SR-028,Cooperative,No
TXN00295,12/20/2022,2022,12,Dec,Q4,Rabi,Rajasthan,Kota,DAP,Phosphatic,354,1328.4,0.016,470253.6,318600,151653.6,Dealer,SR-008,Large Farmer,No
TXN00296,1/10/2023,2023,1,Jan,Q1,Rabi,Maharashtra,Nashik,Calcium Nitrate,Nitrogenous,224,788.8,0.072,176691.2,112000,64691.2,Online Portal,SR-013,Cooperative,No
TXN00297,9/23/2024,2024,9,Sep,Q3,Rabi,Andhra Pradesh,Visakhapatnam,MOP,Potassic,260,868.5,0.035,225810,156000,69810,Direct Farm,SR-011,Cooperative,No
TXN00298,4/20/2022,2022,4,Apr,Q2,Kharif,Maharashtra,Pune,Zinc Sulphate,Micronutrient,79,341.95,0.023,27014.05,14220,12794.05,Cooperative Society,SR-018,Cooperative,No
TXN00299,10/4/2024,2024,10,Oct,Q4,Rabi,Bihar,Bhagalpur,Zinc Sulphate,Micronutrient,95,346.5,0.01,32917.5,17100,15817.5,Dealer,SR-026,Medium Farmer,No
TXN00300,3/8/2022,2022,3,Mar,Q1,Kharif,Rajasthan,Jodhpur,SSP,Phosphatic,96,380.52,0.094,36529.92,19200,17329.92,Online Portal,SR-024,Cooperative,No
TXN00301,11/12/2024,2024,11,Nov,Q4,Rabi,Punjab,Bathinda,DAP,Phosphatic,147,1224.45,0.093,179994.15,132300,47694.15,Government Scheme,SR-018,Small Farmer,No
TXN00302,1/23/2025,2025,1,Jan,Q1,Rabi,Madhya Pradesh,Jabalpur,DAP,Phosphatic,386,1215,0.1,468990,347400,121590,Direct Farm,SR-010,Small Farmer,No
TXN00303,6/23/2023,2023,6,Jun,Q2,Kharif,Maharashtra,Pune,Zinc Sulphate,Micronutrient,453,308.35,0.119,139682.55,81540,58142.55,Direct Farm,SR-007,Large Farmer,No
TXN00304,5/26/2024,2024,5,May,Q2,Kharif,Haryana,Rohtak,MOP,Potassic,411,877.5,0.025,360652.5,246600,114052.5,Direct Farm,SR-026,Small Farmer,No
TXN00305,12/20/2023,2023,12,Dec,Q4,Rabi,Andhra Pradesh,Kurnool,MOP,Potassic,175,794.7,0.117,139072.5,105000,34072.5,Government Scheme,SR-010,Large Farmer,No
TXN00306,7/15/2022,2022,7,Jul,Q3,Kharif,Haryana,Hisar,Urea,Nitrogenous,151,537.6,0.104,81177.6,42280,38897.6,Direct Farm,SR-023,Medium Farmer,No
TXN00307,10/27/2022,2022,10,Oct,Q4,Rabi,Maharashtra,Nashik,Calcium Nitrate,Nitrogenous,260,835.55,0.017,217243,130000,87243,Government Scheme,SR-021,Cooperative,No
TXN00308,7/14/2024,2024,7,Jul,Q3,Kharif,Punjab,Ludhiana,Calcium Nitrate,Nitrogenous,273,773.5,0.09,211165.5,136500,74665.5,Government Scheme,SR-015,Cooperative,No
TXN00309,4/6/2025,2025,4,Apr,Q2,Kharif,Uttar Pradesh,Lucknow,Zinc Sulphate,Micronutrient,335,322,0.08,107870,60300,47570,Government Scheme,SR-028,Small Farmer,No
TXN00310,3/25/2024,2024,3,Mar,Q1,Kharif,Madhya Pradesh,Jabalpur,NPK 10-26-26,Complex,263,1161.6,0.032,305500.8,215660,89840.8,Government Scheme,SR-011,Medium Farmer,No
TXN00311,9/20/2024,2024,9,Sep,Q3,Rabi,Maharashtra,Pune,Urea,Nitrogenous,60,555,0.075,33300,16800,16500,Cooperative Society,SR-001,Small Farmer,No
TXN00312,6/22/2024,2024,6,Jun,Q2,Kharif,Gujarat,Ahmedabad,Calcium Nitrate,Nitrogenous,113,748.85,0.119,84620.05,56500,28120.05,Direct Farm,SR-029,Large Farmer,No
TXN00313,7/16/2023,2023,7,Jul,Q3,Kharif,Punjab,Jalandhar,SSP,Phosphatic,52,401.1,0.045,20857.2,10400,10457.2,Direct Farm,SR-002,Cooperative,Yes
TXN00314,9/18/2023,2023,9,Sep,Q3,Rabi,Madhya Pradesh,Jabalpur,DAP,Phosphatic,370,1335.15,0.011,494005.5,333000,161005.5,Direct Farm,SR-016,Small Farmer,No
TXN00315,4/30/2025,2025,4,Apr,Q2,Kharif,Madhya Pradesh,Ujjain,Zinc Sulphate,Micronutrient,14,349.65,0.001,4895.1,2520,2375.1,Government Scheme,SR-027,Small Farmer,No
TXN00316,9/28/2022,2022,9,Sep,Q3,Rabi,Gujarat,Ahmedabad,NPK 10-26-26,Complex,206,1186.8,0.011,244480.8,168920,75560.8,Dealer,SR-004,Large Farmer,No
TXN00317,9/5/2023,2023,9,Sep,Q3,Rabi,Haryana,Hisar,MOP,Potassic,338,792.9,0.119,268000.2,202800,65200.2,Direct Farm,SR-003,Small Farmer,No
TXN00318,12/3/2022,2022,12,Dec,Q4,Rabi,Gujarat,Vadodara,NPK 10-26-26,Complex,331,1092,0.09,361452,271420,90032,Cooperative Society,SR-020,Cooperative,No
TXN00319,6/27/2022,2022,6,Jun,Q2,Kharif,Punjab,Amritsar,DAP,Phosphatic,311,1231.2,0.088,382903.2,279900,103003.2,Government Scheme,SR-014,Large Farmer,No
TXN00320,5/23/2023,2023,5,May,Q2,Kharif,Rajasthan,Jaipur,NPK 10-26-26,Complex,293,1113.6,0.072,326284.8,240260,86024.8,Online Portal,SR-010,Small Farmer,No
TXN00321,2/25/2023,2023,2,Feb,Q1,Rabi,Andhra Pradesh,Nellore,NPK 10-26-26,Complex,392,1143.6,0.047,448291.2,321440,126851.2,Dealer,SR-026,Medium Farmer,No
TXN00322,3/1/2024,2024,3,Mar,Q1,Kharif,Punjab,Amritsar,Zinc Sulphate,Micronutrient,336,325.15,0.071,109250.4,60480,48770.4,Online Portal,SR-029,Small Farmer,No
TXN00323,10/11/2023,2023,10,Oct,Q4,Rabi,Haryana,Hisar,Calcium Nitrate,Nitrogenous,197,793.9,0.066,156398.3,98500,57898.3,Direct Farm,SR-025,Cooperative,No
TXN00324,2/4/2022,2022,2,Feb,Q1,Rabi,Karnataka,Bengaluru,Urea,Nitrogenous,144,584.4,0.026,84153.6,40320,43833.6,Dealer,SR-026,Cooperative,No
TXN00325,8/10/2023,2023,8,Aug,Q3,Kharif,Andhra Pradesh,Vijayawada,Calcium Nitrate,Nitrogenous,369,809.2,0.048,298594.8,184500,114094.8,Online Portal,SR-018,Medium Farmer,No
TXN00326,6/21/2022,2022,6,Jun,Q2,Kharif,Rajasthan,Jaipur,NPK 10-26-26,Complex,423,1177.2,0.019,497955.6,346860,151095.6,Government Scheme,SR-013,Small Farmer,No
TXN00327,6/14/2024,2024,6,Jun,Q2,Kharif,Madhya Pradesh,Bhopal,NPK 10-26-26,Complex,54,1066.8,0.111,57607.2,44280,13327.2,Dealer,SR-015,Small Farmer,No
TXN00328,12/26/2022,2022,12,Dec,Q4,Rabi,Punjab,Ludhiana,MOP,Potassic,369,899.1,0.001,331767.9,221400,110367.9,Cooperative Society,SR-012,Large Farmer,No
TXN00329,2/1/2024,2024,2,Feb,Q1,Rabi,Haryana,Ambala,DAP,Phosphatic,404,1204.2,0.108,486496.8,363600,122896.8,Government Scheme,SR-026,Cooperative,No
TXN00330,12/8/2024,2024,12,Dec,Q4,Rabi,Punjab,Jalandhar,DAP,Phosphatic,264,1275.75,0.055,336798,237600,99198,Government Scheme,SR-002,Cooperative,No
TXN00331,12/8/2022,2022,12,Dec,Q4,Rabi,Maharashtra,Nashik,SSP,Phosphatic,405,414.96,0.012,168058.8,81000,87058.8,Online Portal,SR-022,Small Farmer,No
TXN00332,11/8/2024,2024,11,Nov,Q4,Rabi,Uttar Pradesh,Lucknow,Urea,Nitrogenous,135,596.4,0.006,80514,37800,42714,Government Scheme,SR-013,Medium Farmer,No
TXN00333,3/14/2022,2022,3,Mar,Q1,Kharif,Andhra Pradesh,Vijayawada,NPK 10-26-26,Complex,174,1164,0.03,202536,142680,59856,Government Scheme,SR-009,Small Farmer,No
TXN00334,2/3/2024,2024,2,Feb,Q1,Rabi,Punjab,Bathinda,Urea,Nitrogenous,101,583.8,0.027,58963.8,28280,30683.8,Online Portal,SR-002,Cooperative,No
TXN00335,8/10/2024,2024,8,Aug,Q3,Kharif,Rajasthan,Udaipur,Ammonium Sulphate,Nitrogenous,54,607.1,0.066,32783.4,18900,13883.4,Dealer,SR-012,Medium Farmer,No
TXN00336,2/28/2025,2025,2,Feb,Q1,Rabi,Rajasthan,Kota,NPK 10-26-26,Complex,247,1147.2,0.044,283358.4,202540,80818.4,Cooperative Society,SR-025,Medium Farmer,No
TXN00337,5/18/2023,2023,5,May,Q2,Kharif,Haryana,Gurugram,Calcium Nitrate,Nitrogenous,22,826.2,0.028,18176.4,11000,7176.4,Government Scheme,SR-021,Small Farmer,No
TXN00338,1/3/2022,2022,1,Jan,Q1,Rabi,Bihar,Gaya,DAP,Phosphatic,115,1263.6,0.064,145314,103500,41814,Direct Farm,SR-014,Cooperative,No
TXN00339,10/19/2022,2022,10,Oct,Q4,Rabi,Rajasthan,Jaipur,Urea,Nitrogenous,481,583.2,0.028,280519.2,134680,145839.2,Online Portal,SR-014,Large Farmer,No
TXN00340,6/23/2022,2022,6,Jun,Q2,Kharif,Karnataka,Bengaluru,MOP,Potassic,336,811.8,0.098,272764.8,201600,71164.8,Dealer,SR-019,Small Farmer,No
TXN00341,9/25/2022,2022,9,Sep,Q3,Rabi,Madhya Pradesh,Gwalior,SSP,Phosphatic,445,404.04,0.038,179797.8,89000,90797.8,Cooperative Society,SR-023,Large Farmer,No
TXN00342,7/16/2024,2024,7,Jul,Q3,Kharif,Rajasthan,Jodhpur,DAP,Phosphatic,493,1317.6,0.024,649576.8,443700,205876.8,Online Portal,SR-004,Medium Farmer,No
TXN00343,12/3/2022,2022,12,Dec,Q4,Rabi,Gujarat,Rajkot,Ammonium Sulphate,Nitrogenous,218,640.9,0.014,139716.2,76300,63416.2,Government Scheme,SR-025,Medium Farmer,No
TXN00344,9/24/2023,2023,9,Sep,Q3,Rabi,Gujarat,Vadodara,DAP,Phosphatic,56,1324.35,0.019,74163.6,50400,23763.6,Government Scheme,SR-027,Small Farmer,No
TXN00345,11/3/2023,2023,11,Nov,Q4,Rabi,Haryana,Gurugram,NPK 10-26-26,Complex,192,1142.4,0.048,219340.8,157440,61900.8,Dealer,SR-022,Large Farmer,No
TXN00346,12/23/2022,2022,12,Dec,Q4,Rabi,Uttar Pradesh,Varanasi,Zinc Sulphate,Micronutrient,294,318.5,0.09,93639,52920,40719,Direct Farm,SR-004,Cooperative,No
TXN00347,10/14/2022,2022,10,Oct,Q4,Rabi,Punjab,Ludhiana,Urea,Nitrogenous,435,543.6,0.094,236466,121800,114666,Direct Farm,SR-005,Medium Farmer,No
TXN00348,2/2/2024,2024,2,Feb,Q1,Rabi,Punjab,Bathinda,SSP,Phosphatic,479,378.84,0.098,181464.36,95800,85664.36,Dealer,SR-003,Medium Farmer,Yes
TXN00349,6/27/2024,2024,6,Jun,Q2,Kharif,Haryana,Gurugram,Ammonium Sulphate,Nitrogenous,72,646.75,0.005,46566,25200,21366,Cooperative Society,SR-002,Medium Farmer,No
TXN00350,6/6/2024,2024,6,Jun,Q2,Kharif,Bihar,Bhagalpur,Urea,Nitrogenous,205,550.8,0.082,112914,57400,55514,Direct Farm,SR-012,Medium Farmer,No
TXN00351,7/18/2023,2023,7,Jul,Q3,Kharif,Rajasthan,Ajmer,MOP,Potassic,27,833.4,0.074,22501.8,16200,6301.8,Online Portal,SR-008,Large Farmer,No
TXN00352,4/23/2024,2024,4,Apr,Q2,Kharif,Andhra Pradesh,Vijayawada,Urea,Nitrogenous,54,579.6,0.034,31298.4,15120,16178.4,Direct Farm,SR-014,Medium Farmer,Yes
TXN00353,12/12/2024,2024,12,Dec,Q4,Rabi,Madhya Pradesh,Ujjain,Urea,Nitrogenous,205,543.6,0.094,111438,57400,54038,Government Scheme,SR-016,Cooperative,No
TXN00354,3/4/2025,2025,3,Mar,Q1,Kharif,Andhra Pradesh,Kurnool,Calcium Nitrate,Nitrogenous,148,831.3,0.022,123032.4,74000,49032.4,Government Scheme,SR-020,Medium Farmer,No
TXN00355,7/30/2023,2023,7,Jul,Q3,Kharif,Uttar Pradesh,Varanasi,Ammonium Sulphate,Nitrogenous,402,604.5,0.07,243009,140700,102309,Direct Farm,SR-006,Small Farmer,No
TXN00356,5/9/2023,2023,5,May,Q2,Kharif,Rajasthan,Kota,Urea,Nitrogenous,401,528,0.12,211728,112280,99448,Direct Farm,SR-019,Cooperative,No
TXN00357,12/22/2022,2022,12,Dec,Q4,Rabi,Haryana,Faridabad,Ammonium Sulphate,Nitrogenous,422,592.15,0.089,249887.3,147700,102187.3,Government Scheme,SR-030,Small Farmer,No
TXN00358,3/8/2025,2025,3,Mar,Q1,Kharif,Karnataka,Mysuru,NPK 10-26-26,Complex,438,1057.2,0.119,463053.6,359160,103893.6,Cooperative Society,SR-018,Large Farmer,No
TXN00359,10/1/2024,2024,10,Oct,Q4,Rabi,Uttar Pradesh,Lucknow,Urea,Nitrogenous,129,556.8,0.072,71827.2,36120,35707.2,Dealer,SR-017,Cooperative,No
TXN00360,11/11/2023,2023,11,Nov,Q4,Rabi,Karnataka,Mysuru,MOP,Potassic,184,822.6,0.086,151358.4,110400,40958.4,Government Scheme,SR-002,Small Farmer,No
TXN00361,4/16/2025,2025,4,Apr,Q2,Kharif,Haryana,Gurugram,Ammonium Sulphate,Nitrogenous,47,620.75,0.045,29175.25,16450,12725.25,Cooperative Society,SR-019,Small Farmer,No
TXN00362,9/11/2023,2023,9,Sep,Q3,Rabi,Maharashtra,Nashik,MOP,Potassic,384,797.4,0.114,306201.6,230400,75801.6,Cooperative Society,SR-021,Large Farmer,No
TXN00363,2/24/2025,2025,2,Feb,Q1,Rabi,Karnataka,Hubli,NPK 10-26-26,Complex,350,1114.8,0.071,390180,287000,103180,Direct Farm,SR-013,Large Farmer,No
TXN00364,9/18/2022,2022,9,Sep,Q3,Rabi,Haryana,Gurugram,Calcium Nitrate,Nitrogenous,445,748.85,0.119,333238.25,222500,110738.25,Online Portal,SR-002,Medium Farmer,No
TXN00365,10/14/2023,2023,10,Oct,Q4,Rabi,Karnataka,Mysuru,DAP,Phosphatic,489,1269,0.06,620541,440100,180441,Government Scheme,SR-024,Small Farmer,No
TXN00366,12/12/2023,2023,12,Dec,Q4,Rabi,Maharashtra,Nashik,DAP,Phosphatic,430,1235.25,0.085,531157.5,387000,144157.5,Government Scheme,SR-015,Small Farmer,No
TXN00367,3/6/2023,2023,3,Mar,Q1,Kharif,Madhya Pradesh,Bhopal,Ammonium Sulphate,Nitrogenous,141,588.9,0.094,83034.9,49350,33684.9,Dealer,SR-002,Cooperative,No
TXN00368,5/9/2024,2024,5,May,Q2,Kharif,Haryana,Hisar,Zinc Sulphate,Micronutrient,461,334.25,0.045,154089.25,82980,71109.25,Online Portal,SR-013,Small Farmer,No
TXN00369,3/29/2025,2025,3,Mar,Q1,Kharif,Madhya Pradesh,Indore,Zinc Sulphate,Micronutrient,47,316.4,0.096,14870.8,8460,6410.8,Dealer,SR-010,Small Farmer,No
TXN00370,6/19/2023,2023,6,Jun,Q2,Kharif,Punjab,Ludhiana,Ammonium Sulphate,Nitrogenous,97,580.45,0.107,56303.65,33950,22353.65,Direct Farm,SR-024,Small Farmer,No
TXN00371,7/10/2022,2022,7,Jul,Q3,Kharif,Maharashtra,Kolhapur,Zinc Sulphate,Micronutrient,370,348.6,0.004,128982,66600,62382,Direct Farm,SR-020,Cooperative,No
TXN00372,4/20/2022,2022,4,Apr,Q2,Kharif,Punjab,Jalandhar,NPK 10-26-26,Complex,107,1141.2,0.049,122108.4,87740,34368.4,Online Portal,SR-024,Large Farmer,No
TXN00373,9/2/2023,2023,9,Sep,Q3,Rabi,Madhya Pradesh,Bhopal,Urea,Nitrogenous,211,558.6,0.069,117864.6,59080,58784.6,Cooperative Society,SR-005,Small Farmer,No
TXN00374,1/8/2022,2022,1,Jan,Q1,Rabi,Bihar,Patna,SSP,Phosphatic,431,386.82,0.079,166719.42,86200,80519.42,Online Portal,SR-016,Medium Farmer,No
TXN00375,2/22/2022,2022,2,Feb,Q1,Rabi,Madhya Pradesh,Indore,SSP,Phosphatic,51,396.06,0.057,20199.06,10200,9999.06,Dealer,SR-010,Cooperative,No
TXN00376,9/28/2024,2024,9,Sep,Q3,Rabi,Rajasthan,Jaipur,Calcium Nitrate,Nitrogenous,104,811.75,0.045,84422,52000,32422,Cooperative Society,SR-012,Medium Farmer,No
TXN00377,4/2/2022,2022,4,Apr,Q2,Kharif,Rajasthan,Ajmer,Zinc Sulphate,Micronutrient,144,340.55,0.027,49039.2,25920,23119.2,Government Scheme,SR-019,Small Farmer,No
TXN00378,7/18/2022,2022,7,Jul,Q3,Kharif,Punjab,Jalandhar,Calcium Nitrate,Nitrogenous,397,789.65,0.071,313491.05,198500,114991.05,Online Portal,SR-002,Cooperative,No
TXN00379,5/7/2024,2024,5,May,Q2,Kharif,Andhra Pradesh,Vijayawada,NPK 10-26-26,Complex,253,1156.8,0.036,292670.4,207460,85210.4,Cooperative Society,SR-029,Small Farmer,No
TXN00380,3/15/2025,2025,3,Mar,Q1,Kharif,Andhra Pradesh,Nellore,MOP,Potassic,71,797.4,0.114,56615.4,42600,14015.4,Cooperative Society,SR-006,Medium Farmer,No
TXN00381,1/30/2023,2023,1,Jan,Q1,Rabi,Haryana,Gurugram,Calcium Nitrate,Nitrogenous,50,748.85,0.119,37442.5,25000,12442.5,Cooperative Society,SR-007,Medium Farmer,No
TXN00382,6/13/2023,2023,6,Jun,Q2,Kharif,Maharashtra,Pune,DAP,Phosphatic,208,1259.55,0.067,261986.4,187200,74786.4,Online Portal,SR-011,Large Farmer,No
TXN00383,7/27/2024,2024,7,Jul,Q3,Kharif,Uttar Pradesh,Meerut,Calcium Nitrate,Nitrogenous,67,807.5,0.05,54102.5,33500,20602.5,Direct Farm,SR-019,Small Farmer,No
TXN00384,2/26/2025,2025,2,Feb,Q1,Rabi,Punjab,Jalandhar,Ammonium Sulphate,Nitrogenous,459,618.15,0.049,283730.85,160650,123080.85,Cooperative Society,SR-021,Cooperative,No
TXN00385,8/26/2024,2024,8,Aug,Q3,Kharif,Uttar Pradesh,Agra,SSP,Phosphatic,216,412.86,0.017,89177.76,43200,45977.76,Online Portal,SR-022,Cooperative,No
TXN00386,3/21/2024,2024,3,Mar,Q1,Kharif,Maharashtra,Nashik,Urea,Nitrogenous,391,565.8,0.057,221227.8,109480,111747.8,Government Scheme,SR-029,Large Farmer,No
TXN00387,11/23/2023,2023,11,Nov,Q4,Rabi,Rajasthan,Udaipur,SSP,Phosphatic,441,395.22,0.059,174292.02,88200,86092.02,Dealer,SR-028,Medium Farmer,No
TXN00388,9/8/2023,2023,9,Sep,Q3,Rabi,Gujarat,Vadodara,SSP,Phosphatic,383,399,0.05,152817,76600,76217,Dealer,SR-007,Cooperative,No
TXN00389,4/13/2024,2024,4,Apr,Q2,Kharif,Gujarat,Gandhinagar,Ammonium Sulphate,Nitrogenous,430,645.45,0.007,277543.5,150500,127043.5,Direct Farm,SR-003,Large Farmer,No
TXN00390,4/6/2024,2024,4,Apr,Q2,Kharif,Haryana,Rohtak,Urea,Nitrogenous,98,586.2,0.023,57447.6,27440,30007.6,Direct Farm,SR-027,Small Farmer,No
TXN00391,3/9/2022,2022,3,Mar,Q1,Kharif,Gujarat,Ahmedabad,Ammonium Sulphate,Nitrogenous,370,634.4,0.024,234728,129500,105228,Government Scheme,SR-027,Cooperative,No
TXN00392,3/23/2024,2024,3,Mar,Q1,Kharif,Punjab,Ludhiana,NPK 10-26-26,Complex,200,1129.2,0.059,225840,164000,61840,Cooperative Society,SR-006,Cooperative,No
TXN00393,2/3/2025,2025,2,Feb,Q1,Rabi,Maharashtra,Aurangabad,MOP,Potassic,438,803.7,0.107,352020.6,262800,89220.6,Dealer,SR-010,Small Farmer,No
TXN00394,4/12/2022,2022,4,Apr,Q2,Kharif,Haryana,Rohtak,NPK 10-26-26,Complex,448,1167.6,0.027,523084.8,367360,155724.8,Direct Farm,SR-022,Medium Farmer,No
TXN00395,4/18/2024,2024,4,Apr,Q2,Kharif,Andhra Pradesh,Guntur,Urea,Nitrogenous,252,534.6,0.109,134719.2,70560,64159.2,Direct Farm,SR-020,Small Farmer,No
TXN00396,6/1/2023,2023,6,Jun,Q2,Kharif,Karnataka,Hubli,SSP,Phosphatic,226,375.06,0.107,84763.56,45200,39563.56,Government Scheme,SR-015,Large Farmer,No
TXN00397,8/13/2024,2024,8,Aug,Q3,Kharif,Rajasthan,Kota,Calcium Nitrate,Nitrogenous,309,839.8,0.012,259498.2,154500,104998.2,Online Portal,SR-022,Large Farmer,No
TXN00398,5/1/2025,2025,5,May,Q2,Kharif,Karnataka,Hubli,SSP,Phosphatic,360,414.54,0.013,149234.4,72000,77234.4,Dealer,SR-011,Large Farmer,Yes
TXN00399,10/28/2023,2023,10,Oct,Q4,Rabi,Rajasthan,Udaipur,SSP,Phosphatic,106,412.44,0.018,43718.64,21200,22518.64,Direct Farm,SR-029,Small Farmer,No
TXN00400,4/7/2024,2024,4,Apr,Q2,Kharif,Maharashtra,Nashik,Urea,Nitrogenous,345,564,0.06,194580,96600,97980,Government Scheme,SR-009,Cooperative,No
TXN00401,3/6/2024,2024,3,Mar,Q1,Kharif,Uttar Pradesh,Meerut,NPK 10-26-26,Complex,185,1095.6,0.087,202686,151700,50986,Direct Farm,SR-022,Cooperative,No
TXN00402,11/4/2024,2024,11,Nov,Q4,Rabi,Rajasthan,Jodhpur,MOP,Potassic,160,889.2,0.012,142272,96000,46272,Direct Farm,SR-024,Large Farmer,No
TXN00403,1/10/2023,2023,1,Jan,Q1,Rabi,Maharashtra,Pune,NPK 10-26-26,Complex,191,1167.6,0.027,223011.6,156620,66391.6,Government Scheme,SR-014,Large Farmer,No
TXN00404,6/18/2023,2023,6,Jun,Q2,Kharif,Karnataka,Hubli,Zinc Sulphate,Micronutrient,445,345.1,0.014,153569.5,80100,73469.5,Dealer,SR-028,Small Farmer,No
TXN00405,2/3/2023,2023,2,Feb,Q1,Rabi,Andhra Pradesh,Guntur,Calcium Nitrate,Nitrogenous,281,819.4,0.036,230251.4,140500,89751.4,Dealer,SR-028,Medium Farmer,No
TXN00406,2/15/2023,2023,2,Feb,Q1,Rabi,Maharashtra,Nagpur,Zinc Sulphate,Micronutrient,83,336.7,0.038,27946.1,14940,13006.1,Direct Farm,SR-025,Small Farmer,No
TXN00407,11/13/2023,2023,11,Nov,Q4,Rabi,Haryana,Ambala,Urea,Nitrogenous,12,567.6,0.054,6811.2,3360,3451.2,Direct Farm,SR-025,Medium Farmer,No
TXN00408,11/21/2022,2022,11,Nov,Q4,Rabi,Gujarat,Ahmedabad,MOP,Potassic,324,853.2,0.052,276436.8,194400,82036.8,Cooperative Society,SR-013,Cooperative,No
TXN00409,2/25/2024,2024,2,Feb,Q1,Rabi,Uttar Pradesh,Lucknow,NPK 10-26-26,Complex,384,1146,0.045,440064,314880,125184,Dealer,SR-029,Large Farmer,No
TXN00410,1/26/2023,2023,1,Jan,Q1,Rabi,Uttar Pradesh,Lucknow,NPK 10-26-26,Complex,125,1100.4,0.083,137550,102500,35050,Government Scheme,SR-010,Medium Farmer,No
TXN00411,2/25/2024,2024,2,Feb,Q1,Rabi,Andhra Pradesh,Nellore,SSP,Phosphatic,95,416.64,0.008,39580.8,19000,20580.8,Dealer,SR-010,Large Farmer,No
TXN00412,12/1/2024,2024,12,Dec,Q4,Rabi,Karnataka,Belagavi,Ammonium Sulphate,Nitrogenous,232,580.45,0.107,134664.4,81200,53464.4,Direct Farm,SR-011,Cooperative,No
TXN00413,1/21/2023,2023,1,Jan,Q1,Rabi,Haryana,Hisar,Urea,Nitrogenous,126,583.8,0.027,73558.8,35280,38278.8,Direct Farm,SR-007,Small Farmer,No
TXN00414,10/30/2024,2024,10,Oct,Q4,Rabi,Haryana,Gurugram,Ammonium Sulphate,Nitrogenous,374,599.3,0.078,224138.2,130900,93238.2,Dealer,SR-013,Large Farmer,No
TXN00415,4/10/2022,2022,4,Apr,Q2,Kharif,Karnataka,Bengaluru,DAP,Phosphatic,344,1215,0.1,417960,309600,108360,Dealer,SR-023,Small Farmer,No
TXN00416,6/28/2024,2024,6,Jun,Q2,Kharif,Bihar,Patna,SSP,Phosphatic,252,384.72,0.084,96949.44,50400,46549.44,Direct Farm,SR-023,Small Farmer,No
TXN00417,5/11/2024,2024,5,May,Q2,Kharif,Punjab,Bathinda,SSP,Phosphatic,328,389.34,0.073,127703.52,65600,62103.52,Direct Farm,SR-014,Small Farmer,No
TXN00418,8/30/2022,2022,8,Aug,Q3,Kharif,Rajasthan,Jaipur,DAP,Phosphatic,264,1317.6,0.024,347846.4,237600,110246.4,Direct Farm,SR-025,Large Farmer,No
TXN00419,2/18/2023,2023,2,Feb,Q1,Rabi,Maharashtra,Nagpur,SSP,Phosphatic,92,417.9,0.005,38446.8,18400,20046.8,Cooperative Society,SR-030,Medium Farmer,No
TXN00420,11/9/2023,2023,11,Nov,Q4,Rabi,Madhya Pradesh,Bhopal,Urea,Nitrogenous,353,593.4,0.011,209470.2,98840,110630.2,Dealer,SR-027,Cooperative,No
TXN00421,7/4/2022,2022,7,Jul,Q3,Kharif,Andhra Pradesh,Guntur,DAP,Phosphatic,473,1308.15,0.031,618754.95,425700,193054.95,Direct Farm,SR-015,Large Farmer,No
TXN00422,8/8/2024,2024,8,Aug,Q3,Kharif,Uttar Pradesh,Lucknow,MOP,Potassic,457,895.5,0.005,409243.5,274200,135043.5,Government Scheme,SR-012,Large Farmer,No
TXN00423,8/26/2022,2022,8,Aug,Q3,Kharif,Punjab,Ludhiana,Urea,Nitrogenous,446,589.8,0.017,263050.8,124880,138170.8,Direct Farm,SR-011,Large Farmer,No
TXN00424,7/4/2023,2023,7,Jul,Q3,Kharif,Punjab,Jalandhar,Ammonium Sulphate,Nitrogenous,103,640.9,0.014,66012.7,36050,29962.7,Cooperative Society,SR-015,Large Farmer,No
TXN00425,9/6/2024,2024,9,Sep,Q3,Rabi,Bihar,Muzaffarpur,DAP,Phosphatic,77,1236.6,0.084,95218.2,69300,25918.2,Dealer,SR-028,Medium Farmer,No
TXN00426,5/2/2024,2024,5,May,Q2,Kharif,Karnataka,Mangaluru,Zinc Sulphate,Micronutrient,102,324.45,0.073,33093.9,18360,14733.9,Government Scheme,SR-020,Small Farmer,No
TXN00427,9/16/2024,2024,9,Sep,Q3,Rabi,Gujarat,Ahmedabad,Calcium Nitrate,Nitrogenous,235,844.9,0.006,198551.5,117500,81051.5,Government Scheme,SR-021,Large Farmer,No
TXN00428,12/10/2024,2024,12,Dec,Q4,Rabi,Karnataka,Belagavi,NPK 10-26-26,Complex,499,1104,0.08,550896,409180,141716,Government Scheme,SR-017,Small Farmer,No
TXN00429,5/25/2023,2023,5,May,Q2,Kharif,Gujarat,Vadodara,Calcium Nitrate,Nitrogenous,86,764.15,0.101,65716.9,43000,22716.9,Online Portal,SR-029,Small Farmer,No
TXN00430,11/18/2022,2022,11,Nov,Q4,Rabi,Andhra Pradesh,Vijayawada,Zinc Sulphate,Micronutrient,455,343,0.02,156065,81900,74165,Cooperative Society,SR-011,Medium Farmer,No
TXN00431,7/24/2023,2023,7,Jul,Q3,Kharif,Uttar Pradesh,Meerut,NPK 10-26-26,Complex,291,1107.6,0.077,322311.6,238620,83691.6,Cooperative Society,SR-027,Medium Farmer,No
TXN00432,7/29/2024,2024,7,Jul,Q3,Kharif,Gujarat,Gandhinagar,Zinc Sulphate,Micronutrient,55,313.95,0.103,17267.25,9900,7367.25,Cooperative Society,SR-011,Small Farmer,No
TXN00433,2/6/2022,2022,2,Feb,Q1,Rabi,Punjab,Patiala,Calcium Nitrate,Nitrogenous,28,793.05,0.067,22205.4,14000,8205.4,Dealer,SR-027,Small Farmer,No
TXN00434,9/16/2023,2023,9,Sep,Q3,Rabi,Andhra Pradesh,Nellore,NPK 10-26-26,Complex,345,1102.8,0.081,380466,282900,97566,Government Scheme,SR-012,Small Farmer,No
TXN00435,7/19/2024,2024,7,Jul,Q3,Kharif,Maharashtra,Kolhapur,Zinc Sulphate,Micronutrient,376,322.35,0.079,121203.6,67680,53523.6,Cooperative Society,SR-004,Small Farmer,No
TXN00436,1/5/2022,2022,1,Jan,Q1,Rabi,Maharashtra,Aurangabad,SSP,Phosphatic,290,393.54,0.063,114126.6,58000,56126.6,Dealer,SR-002,Medium Farmer,No
TXN00437,10/15/2022,2022,10,Oct,Q4,Rabi,Bihar,Patna,SSP,Phosphatic,322,409.92,0.024,131994.24,64400,67594.24,Dealer,SR-030,Cooperative,No
TXN00438,7/25/2024,2024,7,Jul,Q3,Kharif,Madhya Pradesh,Gwalior,DAP,Phosphatic,397,1282.5,0.05,509152.5,357300,151852.5,Online Portal,SR-004,Cooperative,No
TXN00439,4/21/2025,2025,4,Apr,Q2,Kharif,Andhra Pradesh,Visakhapatnam,Zinc Sulphate,Micronutrient,12,327.6,0.064,3931.2,2160,1771.2,Dealer,SR-018,Cooperative,No
TXN00440,9/16/2024,2024,9,Sep,Q3,Rabi,Andhra Pradesh,Visakhapatnam,MOP,Potassic,384,811.8,0.098,311731.2,230400,81331.2,Dealer,SR-013,Large Farmer,No
TXN00441,2/27/2024,2024,2,Feb,Q1,Rabi,Bihar,Darbhanga,NPK 10-26-26,Complex,150,1142.4,0.048,171360,123000,48360,Government Scheme,SR-010,Cooperative,No
TXN00442,10/10/2022,2022,10,Oct,Q4,Rabi,Bihar,Darbhanga,SSP,Phosphatic,441,384.72,0.084,169661.52,88200,81461.52,Government Scheme,SR-023,Medium Farmer,No
TXN00443,3/6/2023,2023,3,Mar,Q1,Kharif,Karnataka,Hubli,Ammonium Sulphate,Nitrogenous,481,597.35,0.081,287325.35,168350,118975.35,Direct Farm,SR-017,Large Farmer,No
TXN00444,12/23/2023,2023,12,Dec,Q4,Rabi,Andhra Pradesh,Vijayawada,Calcium Nitrate,Nitrogenous,355,773.5,0.09,274592.5,177500,97092.5,Online Portal,SR-010,Cooperative,No
TXN00445,12/6/2024,2024,12,Dec,Q4,Rabi,Punjab,Ludhiana,Calcium Nitrate,Nitrogenous,84,844.9,0.006,70971.6,42000,28971.6,Dealer,SR-007,Large Farmer,No
TXN00446,8/10/2023,2023,8,Aug,Q3,Kharif,Rajasthan,Jodhpur,Urea,Nitrogenous,363,543.6,0.094,197326.8,101640,95686.8,Direct Farm,SR-025,Small Farmer,No
TXN00447,7/15/2024,2024,7,Jul,Q3,Kharif,Punjab,Bathinda,NPK 10-26-26,Complex,390,1106.4,0.078,431496,319800,111696,Cooperative Society,SR-008,Large Farmer,No
TXN00448,2/21/2024,2024,2,Feb,Q1,Rabi,Bihar,Bhagalpur,Ammonium Sulphate,Nitrogenous,292,646.1,0.006,188661.2,102200,86461.2,Government Scheme,SR-007,Cooperative,No
TXN00449,1/24/2024,2024,1,Jan,Q1,Rabi,Karnataka,Belagavi,NPK 10-26-26,Complex,407,1095.6,0.087,445909.2,333740,112169.2,Direct Farm,SR-010,Cooperative,No
TXN00450,6/2/2022,2022,6,Jun,Q2,Kharif,Haryana,Faridabad,DAP,Phosphatic,203,1343.25,0.005,272679.75,182700,89979.75,Government Scheme,SR-018,Large Farmer,No
TXN00451,11/26/2022,2022,11,Nov,Q4,Rabi,Karnataka,Hubli,Urea,Nitrogenous,179,566.4,0.056,101385.6,50120,51265.6,Direct Farm,SR-002,Medium Farmer,No
TXN00452,4/15/2022,2022,4,Apr,Q2,Kharif,Karnataka,Hubli,Zinc Sulphate,Micronutrient,414,325.85,0.069,134901.9,74520,60381.9,Government Scheme,SR-003,Large Farmer,No
TXN00453,3/27/2023,2023,3,Mar,Q1,Kharif,Haryana,Rohtak,DAP,Phosphatic,412,1267.65,0.061,522271.8,370800,151471.8,Cooperative Society,SR-018,Cooperative,No
TXN00454,12/17/2023,2023,12,Dec,Q4,Rabi,Madhya Pradesh,Indore,Ammonium Sulphate,Nitrogenous,179,622.05,0.043,111346.95,62650,48696.95,Direct Farm,SR-025,Cooperative,No
TXN00455,1/19/2022,2022,1,Jan,Q1,Rabi,Punjab,Jalandhar,Zinc Sulphate,Micronutrient,133,311.85,0.109,41476.05,23940,17536.05,Online Portal,SR-030,Medium Farmer,No
TXN00456,10/20/2023,2023,10,Oct,Q4,Rabi,Bihar,Patna,Calcium Nitrate,Nitrogenous,141,794.75,0.065,112059.75,70500,41559.75,Government Scheme,SR-001,Large Farmer,No
TXN00457,11/7/2024,2024,11,Nov,Q4,Rabi,Gujarat,Rajkot,Urea,Nitrogenous,161,535.2,0.108,86167.2,45080,41087.2,Direct Farm,SR-011,Small Farmer,No
TXN00458,12/9/2022,2022,12,Dec,Q4,Rabi,Andhra Pradesh,Nellore,Urea,Nitrogenous,330,595.2,0.008,196416,92400,104016,Direct Farm,SR-028,Cooperative,No
TXN00459,2/26/2023,2023,2,Feb,Q1,Rabi,Andhra Pradesh,Vijayawada,DAP,Phosphatic,392,1239.3,0.082,485805.6,352800,133005.6,Dealer,SR-015,Large Farmer,No
TXN00460,6/29/2022,2022,6,Jun,Q2,Kharif,Punjab,Ludhiana,MOP,Potassic,416,873,0.03,363168,249600,113568,Dealer,SR-019,Medium Farmer,No
TXN00461,4/14/2024,2024,4,Apr,Q2,Kharif,Bihar,Bhagalpur,Calcium Nitrate,Nitrogenous,231,817.7,0.038,188888.7,115500,73388.7,Cooperative Society,SR-022,Small Farmer,No
TXN00462,1/13/2022,2022,1,Jan,Q1,Rabi,Karnataka,Bengaluru,Urea,Nitrogenous,368,538.8,0.102,198278.4,103040,95238.4,Government Scheme,SR-030,Small Farmer,No
TXN00463,9/10/2023,2023,9,Sep,Q3,Rabi,Karnataka,Bengaluru,SSP,Phosphatic,401,373.38,0.111,149725.38,80200,69525.38,Cooperative Society,SR-013,Small Farmer,No
TXN00464,11/17/2022,2022,11,Nov,Q4,Rabi,Andhra Pradesh,Visakhapatnam,MOP,Potassic,392,857.7,0.047,336218.4,235200,101018.4,Online Portal,SR-010,Medium Farmer,No
TXN00465,2/4/2024,2024,2,Feb,Q1,Rabi,Uttar Pradesh,Meerut,MOP,Potassic,73,895.5,0.005,65371.5,43800,21571.5,Online Portal,SR-020,Cooperative,No
TXN00466,1/26/2025,2025,1,Jan,Q1,Rabi,Punjab,Jalandhar,NPK 10-26-26,Complex,393,1093.2,0.089,429627.6,322260,107367.6,Government Scheme,SR-007,Cooperative,Yes
TXN00467,11/15/2024,2024,11,Nov,Q4,Rabi,Haryana,Faridabad,MOP,Potassic,123,833.4,0.074,102508.2,73800,28708.2,Government Scheme,SR-007,Small Farmer,No
TXN00468,3/7/2025,2025,3,Mar,Q1,Kharif,Uttar Pradesh,Meerut,Zinc Sulphate,Micronutrient,340,326.9,0.066,111146,61200,49946,Government Scheme,SR-022,Small Farmer,No
TXN00469,7/21/2022,2022,7,Jul,Q3,Kharif,Madhya Pradesh,Ujjain,Zinc Sulphate,Micronutrient,497,336,0.04,166992,89460,77532,Direct Farm,SR-022,Medium Farmer,No
TXN00470,8/7/2023,2023,8,Aug,Q3,Kharif,Karnataka,Bengaluru,NPK 10-26-26,Complex,172,1130.4,0.058,194428.8,141040,53388.8,Government Scheme,SR-020,Large Farmer,No
TXN00471,11/9/2022,2022,11,Nov,Q4,Rabi,Karnataka,Belagavi,Ammonium Sulphate,Nitrogenous,423,625.3,0.038,264501.9,148050,116451.9,Cooperative Society,SR-006,Small Farmer,No
TXN00472,5/20/2023,2023,5,May,Q2,Kharif,Madhya Pradesh,Jabalpur,SSP,Phosphatic,440,401.94,0.043,176853.6,88000,88853.6,Government Scheme,SR-029,Cooperative,No
TXN00473,7/1/2024,2024,7,Jul,Q3,Kharif,Maharashtra,Aurangabad,Zinc Sulphate,Micronutrient,292,345.45,0.013,100871.4,52560,48311.4,Online Portal,SR-003,Large Farmer,No
TXN00474,1/8/2025,2025,1,Jan,Q1,Rabi,Madhya Pradesh,Gwalior,DAP,Phosphatic,382,1337.85,0.009,511058.7,343800,167258.7,Dealer,SR-028,Small Farmer,No
TXN00475,3/31/2025,2025,3,Mar,Q1,Kharif,Bihar,Darbhanga,NPK 10-26-26,Complex,474,1195.2,0.004,566524.8,388680,177844.8,Government Scheme,SR-018,Cooperative,Yes
TXN00476,11/1/2022,2022,11,Nov,Q4,Rabi,Maharashtra,Nagpur,NPK 10-26-26,Complex,466,1088.4,0.093,507194.4,382120,125074.4,Government Scheme,SR-005,Cooperative,No
TXN00477,11/11/2024,2024,11,Nov,Q4,Rabi,Punjab,Patiala,Ammonium Sulphate,Nitrogenous,267,649.35,0.001,173376.45,93450,79926.45,Direct Farm,SR-028,Medium Farmer,No
TXN00478,10/15/2022,2022,10,Oct,Q4,Rabi,Gujarat,Surat,MOP,Potassic,299,797.4,0.114,238422.6,179400,59022.6,Direct Farm,SR-024,Cooperative,No
TXN00479,3/24/2022,2022,3,Mar,Q1,Kharif,Madhya Pradesh,Jabalpur,NPK 10-26-26,Complex,42,1161.6,0.032,48787.2,34440,14347.2,Direct Farm,SR-002,Medium Farmer,No
TXN00480,1/10/2024,2024,1,Jan,Q1,Rabi,Bihar,Bhagalpur,Zinc Sulphate,Micronutrient,461,347.9,0.006,160381.9,82980,77401.9,Government Scheme,SR-004,Large Farmer,No
TXN00481,3/31/2025,2025,3,Mar,Q1,Kharif,Andhra Pradesh,Nellore,MOP,Potassic,202,829.8,0.078,167619.6,121200,46419.6,Government Scheme,SR-019,Small Farmer,No
TXN00482,5/31/2023,2023,5,May,Q2,Kharif,Bihar,Muzaffarpur,Calcium Nitrate,Nitrogenous,190,766.7,0.098,145673,95000,50673,Government Scheme,SR-016,Cooperative,No
TXN00483,1/14/2022,2022,1,Jan,Q1,Rabi,Andhra Pradesh,Visakhapatnam,Zinc Sulphate,Micronutrient,94,340.2,0.028,31978.8,16920,15058.8,Online Portal,SR-021,Large Farmer,No
TXN00484,11/4/2022,2022,11,Nov,Q4,Rabi,Haryana,Faridabad,Ammonium Sulphate,Nitrogenous,318,594.1,0.086,188923.8,111300,77623.8,Dealer,SR-022,Medium Farmer,No
TXN00485,11/8/2023,2023,11,Nov,Q4,Rabi,Punjab,Patiala,Zinc Sulphate,Micronutrient,255,341.25,0.025,87018.75,45900,41118.75,Direct Farm,SR-021,Cooperative,No
TXN00486,5/15/2023,2023,5,May,Q2,Kharif,Uttar Pradesh,Agra,MOP,Potassic,78,831.6,0.076,64864.8,46800,18064.8,Dealer,SR-029,Medium Farmer,No
TXN00487,12/7/2022,2022,12,Dec,Q4,Rabi,Rajasthan,Jodhpur,Calcium Nitrate,Nitrogenous,316,751.4,0.116,237442.4,158000,79442.4,Dealer,SR-029,Large Farmer,No
TXN00488,3/20/2023,2023,3,Mar,Q1,Kharif,Gujarat,Gandhinagar,Zinc Sulphate,Micronutrient,454,329.7,0.058,149683.8,81720,67963.8,Direct Farm,SR-027,Cooperative,No
TXN00489,10/20/2022,2022,10,Oct,Q4,Rabi,Karnataka,Mysuru,SSP,Phosphatic,95,383.46,0.087,36428.7,19000,17428.7,Government Scheme,SR-030,Cooperative,No
TXN00490,4/24/2025,2025,4,Apr,Q2,Kharif,Punjab,Amritsar,Calcium Nitrate,Nitrogenous,207,836.4,0.016,173134.8,103500,69634.8,Dealer,SR-007,Cooperative,No
TXN00491,7/17/2022,2022,7,Jul,Q3,Kharif,Haryana,Hisar,Urea,Nitrogenous,459,543.6,0.094,249512.4,128520,120992.4,Online Portal,SR-025,Small Farmer,No
TXN00492,9/14/2024,2024,9,Sep,Q3,Rabi,Haryana,Rohtak,Urea,Nitrogenous,469,532.2,0.113,249601.8,131320,118281.8,Cooperative Society,SR-017,Cooperative,No
TXN00493,3/30/2022,2022,3,Mar,Q1,Kharif,Andhra Pradesh,Vijayawada,NPK 10-26-26,Complex,490,1084.8,0.096,531552,401800,129752,Cooperative Society,SR-012,Small Farmer,No
TXN00494,10/2/2022,2022,10,Oct,Q4,Rabi,Rajasthan,Ajmer,NPK 10-26-26,Complex,475,1076.4,0.103,511290,389500,121790,Government Scheme,SR-020,Cooperative,No
TXN00495,1/23/2023,2023,1,Jan,Q1,Rabi,Uttar Pradesh,Lucknow,DAP,Phosphatic,276,1348.65,0.001,372227.4,248400,123827.4,Direct Farm,SR-023,Large Farmer,No
TXN00496,1/12/2024,2024,1,Jan,Q1,Rabi,Punjab,Amritsar,Calcium Nitrate,Nitrogenous,343,790.5,0.07,271141.5,171500,99641.5,Government Scheme,SR-028,Cooperative,No
TXN00497,1/19/2024,2024,1,Jan,Q1,Rabi,Karnataka,Hubli,Calcium Nitrate,Nitrogenous,396,829.6,0.024,328521.6,198000,130521.6,Online Portal,SR-026,Cooperative,No
TXN00498,1/29/2024,2024,1,Jan,Q1,Rabi,Andhra Pradesh,Nellore,Zinc Sulphate,Micronutrient,139,308.35,0.119,42860.65,25020,17840.65,Online Portal,SR-012,Cooperative,No
TXN00499,9/1/2022,2022,9,Sep,Q3,Rabi,Madhya Pradesh,Jabalpur,MOP,Potassic,61,876.6,0.026,53472.6,36600,16872.6,Cooperative Society,SR-026,Large Farmer,No
TXN00500,4/17/2022,2022,4,Apr,Q2,Kharif,Haryana,Hisar,Urea,Nitrogenous,421,593.4,0.011,249821.4,117880,131941.4,Direct Farm,SR-016,Cooperative,No
TXN00501,5/12/2022,2022,5,May,Q2,Kharif,Rajasthan,Jodhpur,Ammonium Sulphate,Nitrogenous,50,602.55,0.073,30127.5,17500,12627.5,Cooperative Society,SR-030,Cooperative,No
TXN00502,12/3/2024,2024,12,Dec,Q4,Rabi,Rajasthan,Kota,Urea,Nitrogenous,494,544.2,0.093,268834.8,138320,130514.8,Direct Farm,SR-021,Cooperative,No
TXN00503,1/22/2022,2022,1,Jan,Q1,Rabi,Madhya Pradesh,Ujjain,SSP,Phosphatic,109,418.32,0.004,45596.88,21800,23796.88,Online Portal,SR-017,Medium Farmer,No
TXN00504,12/14/2022,2022,12,Dec,Q4,Rabi,Uttar Pradesh,Kanpur,NPK 10-26-26,Complex,345,1200,0,414000,282900,131100,Direct Farm,SR-003,Large Farmer,No
TXN00505,12/25/2023,2023,12,Dec,Q4,Rabi,Bihar,Bhagalpur,NPK 10-26-26,Complex,275,1197.6,0.002,329340,225500,103840,Dealer,SR-030,Small Farmer,No
TXN00506,8/6/2023,2023,8,Aug,Q3,Kharif,Andhra Pradesh,Nellore,Ammonium Sulphate,Nitrogenous,187,574.6,0.116,107450.2,65450,42000.2,Government Scheme,SR-008,Medium Farmer,No
TXN00507,4/7/2024,2024,4,Apr,Q2,Kharif,Karnataka,Bengaluru,SSP,Phosphatic,99,399.42,0.049,39542.58,19800,19742.58,Dealer,SR-018,Small Farmer,No
TXN00508,8/26/2023,2023,8,Aug,Q3,Kharif,Maharashtra,Pune,SSP,Phosphatic,458,392.7,0.065,179856.6,91600,88256.6,Online Portal,SR-009,Cooperative,No
TXN00509,2/27/2025,2025,2,Feb,Q1,Rabi,Gujarat,Surat,Ammonium Sulphate,Nitrogenous,407,614.25,0.055,249999.75,142450,107549.75,Cooperative Society,SR-029,Small Farmer,No
TXN00510,8/27/2022,2022,8,Aug,Q3,Kharif,Rajasthan,Jaipur,Calcium Nitrate,Nitrogenous,334,769.25,0.095,256929.5,167000,89929.5,Direct Farm,SR-022,Medium Farmer,No
TXN00511,4/24/2024,2024,4,Apr,Q2,Kharif,Maharashtra,Kolhapur,Urea,Nitrogenous,368,540,0.1,198720,103040,95680,Direct Farm,SR-010,Small Farmer,No
TXN00512,12/2/2023,2023,12,Dec,Q4,Rabi,Punjab,Bathinda,MOP,Potassic,253,865.8,0.038,219047.4,151800,67247.4,Direct Farm,SR-029,Large Farmer,No
TXN00513,1/25/2023,2023,1,Jan,Q1,Rabi,Gujarat,Surat,NPK 10-26-26,Complex,386,1165.2,0.029,449767.2,316520,133247.2,Government Scheme,SR-007,Medium Farmer,No
TXN00514,5/27/2023,2023,5,May,Q2,Kharif,Karnataka,Hubli,MOP,Potassic,408,888.3,0.013,362426.4,244800,117626.4,Dealer,SR-022,Cooperative,No
TXN00515,1/14/2022,2022,1,Jan,Q1,Rabi,Andhra Pradesh,Guntur,Zinc Sulphate,Micronutrient,200,324.1,0.074,64820,36000,28820,Cooperative Society,SR-029,Large Farmer,No
TXN00516,1/10/2023,2023,1,Jan,Q1,Rabi,Andhra Pradesh,Kurnool,Calcium Nitrate,Nitrogenous,123,773.5,0.09,95140.5,61500,33640.5,Direct Farm,SR-002,Cooperative,No
TXN00517,1/12/2025,2025,1,Jan,Q1,Rabi,Uttar Pradesh,Meerut,Ammonium Sulphate,Nitrogenous,211,583.05,0.103,123023.55,73850,49173.55,Direct Farm,SR-015,Small Farmer,No
TXN00518,7/31/2024,2024,7,Jul,Q3,Kharif,Maharashtra,Pune,Urea,Nitrogenous,355,585,0.025,207675,99400,108275,Online Portal,SR-004,Large Farmer,No
TXN00519,6/16/2023,2023,6,Jun,Q2,Kharif,Haryana,Rohtak,SSP,Phosphatic,131,406.56,0.032,53259.36,26200,27059.36,Online Portal,SR-011,Large Farmer,No
TXN00520,10/18/2024,2024,10,Oct,Q4,Rabi,Bihar,Muzaffarpur,Calcium Nitrate,Nitrogenous,368,773.5,0.09,284648,184000,100648,Government Scheme,SR-028,Cooperative,No
TXN00521,7/12/2024,2024,7,Jul,Q3,Kharif,Haryana,Rohtak,MOP,Potassic,304,826.2,0.082,251164.8,182400,68764.8,Dealer,SR-024,Large Farmer,No
TXN00522,2/11/2025,2025,2,Feb,Q1,Rabi,Bihar,Bhagalpur,NPK 10-26-26,Complex,84,1084.8,0.096,91123.2,68880,22243.2,Direct Farm,SR-016,Small Farmer,No
TXN00523,5/13/2024,2024,5,May,Q2,Kharif,Gujarat,Surat,Ammonium Sulphate,Nitrogenous,412,612.3,0.058,252267.6,144200,108067.6,Government Scheme,SR-018,Small Farmer,No
TXN00524,7/22/2022,2022,7,Jul,Q3,Kharif,Haryana,Gurugram,NPK 10-26-26,Complex,426,1162.8,0.031,495352.8,349320,146032.8,Dealer,SR-015,Large Farmer,No
TXN00525,1/10/2024,2024,1,Jan,Q1,Rabi,Maharashtra,Kolhapur,SSP,Phosphatic,186,419.16,0.002,77963.76,37200,40763.76,Dealer,SR-012,Medium Farmer,No
TXN00526,3/25/2025,2025,3,Mar,Q1,Kharif,Andhra Pradesh,Visakhapatnam,SSP,Phosphatic,191,403.62,0.039,77091.42,38200,38891.42,Online Portal,SR-016,Cooperative,No
TXN00527,2/20/2024,2024,2,Feb,Q1,Rabi,Karnataka,Hubli,Zinc Sulphate,Micronutrient,333,309.75,0.115,103146.75,59940,43206.75,Direct Farm,SR-021,Large Farmer,No
TXN00528,3/16/2025,2025,3,Mar,Q1,Kharif,Bihar,Patna,DAP,Phosphatic,92,1294.65,0.041,119107.8,82800,36307.8,Government Scheme,SR-011,Large Farmer,No
TXN00529,3/20/2024,2024,3,Mar,Q1,Kharif,Rajasthan,Ajmer,Ammonium Sulphate,Nitrogenous,392,604.5,0.07,236964,137200,99764,Cooperative Society,SR-014,Medium Farmer,No
TXN00530,2/17/2022,2022,2,Feb,Q1,Rabi,Haryana,Faridabad,SSP,Phosphatic,491,382.62,0.089,187866.42,98200,89666.42,Dealer,SR-007,Medium Farmer,No
TXN00531,7/30/2022,2022,7,Jul,Q3,Kharif,Punjab,Ludhiana,Zinc Sulphate,Micronutrient,290,347.9,0.006,100891,52200,48691,Cooperative Society,SR-017,Small Farmer,No
TXN00532,6/22/2023,2023,6,Jun,Q2,Kharif,Karnataka,Mysuru,DAP,Phosphatic,345,1198.8,0.112,413586,310500,103086,Cooperative Society,SR-010,Medium Farmer,No
TXN00533,8/5/2023,2023,8,Aug,Q3,Kharif,Gujarat,Surat,MOP,Potassic,279,809.1,0.101,225738.9,167400,58338.9,Dealer,SR-002,Large Farmer,No
TXN00534,9/2/2024,2024,9,Sep,Q3,Rabi,Gujarat,Gandhinagar,SSP,Phosphatic,290,397.74,0.053,115344.6,58000,57344.6,Online Portal,SR-006,Cooperative,Yes
TXN00535,3/1/2025,2025,3,Mar,Q1,Kharif,Bihar,Darbhanga,SSP,Phosphatic,475,402.36,0.042,191121,95000,96121,Online Portal,SR-008,Small Farmer,No
TXN00536,9/23/2023,2023,9,Sep,Q3,Rabi,Maharashtra,Nagpur,SSP,Phosphatic,89,404.88,0.036,36034.32,17800,18234.32,Dealer,SR-017,Medium Farmer,No
TXN00537,8/11/2023,2023,8,Aug,Q3,Kharif,Gujarat,Gandhinagar,Urea,Nitrogenous,362,533.4,0.111,193090.8,101360,91730.8,Cooperative Society,SR-010,Small Farmer,No
TXN00538,8/23/2023,2023,8,Aug,Q3,Kharif,Karnataka,Mysuru,Urea,Nitrogenous,290,573,0.045,166170,81200,84970,Cooperative Society,SR-029,Cooperative,No
TXN00539,5/27/2023,2023,5,May,Q2,Kharif,Haryana,Hisar,Calcium Nitrate,Nitrogenous,122,822.8,0.032,100381.6,61000,39381.6,Cooperative Society,SR-021,Medium Farmer,No
TXN00540,7/11/2023,2023,7,Jul,Q3,Kharif,Rajasthan,Kota,SSP,Phosphatic,221,410.34,0.023,90685.14,44200,46485.14,Dealer,SR-006,Medium Farmer,No
TXN00541,8/15/2022,2022,8,Aug,Q3,Kharif,Gujarat,Gandhinagar,Zinc Sulphate,Micronutrient,149,320.6,0.084,47769.4,26820,20949.4,Cooperative Society,SR-007,Large Farmer,No
TXN00542,11/8/2022,2022,11,Nov,Q4,Rabi,Uttar Pradesh,Meerut,Urea,Nitrogenous,105,529.8,0.117,55629,29400,26229,Government Scheme,SR-009,Medium Farmer,No
TXN00543,1/17/2022,2022,1,Jan,Q1,Rabi,Madhya Pradesh,Bhopal,MOP,Potassic,17,846.9,0.059,14397.3,10200,4197.3,Government Scheme,SR-014,Large Farmer,No
TXN00544,1/31/2024,2024,1,Jan,Q1,Rabi,Gujarat,Ahmedabad,Ammonium Sulphate,Nitrogenous,51,584.35,0.101,29801.85,17850,11951.85,Direct Farm,SR-002,Large Farmer,No
TXN00545,5/27/2022,2022,5,May,Q2,Kharif,Andhra Pradesh,Vijayawada,MOP,Potassic,108,803.7,0.107,86799.6,64800,21999.6,Government Scheme,SR-027,Cooperative,No
TXN00546,9/7/2022,2022,9,Sep,Q3,Rabi,Madhya Pradesh,Jabalpur,Zinc Sulphate,Micronutrient,136,318.85,0.089,43363.6,24480,18883.6,Dealer,SR-007,Cooperative,No
TXN00547,12/3/2024,2024,12,Dec,Q4,Rabi,Madhya Pradesh,Jabalpur,Calcium Nitrate,Nitrogenous,358,752.25,0.115,269305.5,179000,90305.5,Government Scheme,SR-006,Small Farmer,No
TXN00548,12/2/2024,2024,12,Dec,Q4,Rabi,Punjab,Jalandhar,Zinc Sulphate,Micronutrient,336,337.4,0.036,113366.4,60480,52886.4,Government Scheme,SR-029,Small Farmer,No
TXN00549,8/20/2022,2022,8,Aug,Q3,Kharif,Madhya Pradesh,Jabalpur,Ammonium Sulphate,Nitrogenous,17,637,0.02,10829,5950,4879,Government Scheme,SR-019,Small Farmer,No
TXN00550,5/13/2023,2023,5,May,Q2,Kharif,Uttar Pradesh,Lucknow,Zinc Sulphate,Micronutrient,362,324.8,0.072,117577.6,65160,52417.6,Government Scheme,SR-025,Small Farmer,No
TXN00551,11/19/2022,2022,11,Nov,Q4,Rabi,Gujarat,Ahmedabad,Ammonium Sulphate,Nitrogenous,486,574.6,0.116,279255.6,170100,109155.6,Dealer,SR-002,Large Farmer,Yes
TXN00552,11/12/2022,2022,11,Nov,Q4,Rabi,Andhra Pradesh,Guntur,MOP,Potassic,259,874.8,0.028,226573.2,155400,71173.2,Online Portal,SR-026,Large Farmer,No
TXN00553,1/31/2023,2023,1,Jan,Q1,Rabi,Uttar Pradesh,Varanasi,Ammonium Sulphate,Nitrogenous,380,639.6,0.016,243048,133000,110048,Dealer,SR-016,Cooperative,No
TXN00554,8/27/2023,2023,8,Aug,Q3,Kharif,Andhra Pradesh,Vijayawada,NPK 10-26-26,Complex,300,1173.6,0.022,352080,246000,106080,Government Scheme,SR-011,Cooperative,No
TXN00555,2/9/2025,2025,2,Feb,Q1,Rabi,Haryana,Gurugram,MOP,Potassic,240,868.5,0.035,208440,144000,64440,Government Scheme,SR-018,Large Farmer,No
TXN00556,1/2/2022,2022,1,Jan,Q1,Rabi,Andhra Pradesh,Vijayawada,MOP,Potassic,462,898.2,0.002,414968.4,277200,137768.4,Government Scheme,SR-025,Medium Farmer,No
TXN00557,5/10/2022,2022,5,May,Q2,Kharif,Andhra Pradesh,Vijayawada,NPK 10-26-26,Complex,278,1101.6,0.082,306244.8,227960,78284.8,Online Portal,SR-005,Large Farmer,No
TXN00558,4/19/2024,2024,4,Apr,Q2,Kharif,Maharashtra,Pune,DAP,Phosphatic,277,1243.35,0.079,344407.95,249300,95107.95,Dealer,SR-027,Medium Farmer,No
TXN00559,3/6/2022,2022,3,Mar,Q1,Kharif,Madhya Pradesh,Bhopal,Zinc Sulphate,Micronutrient,108,345.8,0.012,37346.4,19440,17906.4,Online Portal,SR-021,Cooperative,No
TXN00560,12/12/2024,2024,12,Dec,Q4,Rabi,Karnataka,Belagavi,SSP,Phosphatic,35,401.52,0.044,14053.2,7000,7053.2,Online Portal,SR-023,Small Farmer,No
TXN00561,3/4/2023,2023,3,Mar,Q1,Kharif,Gujarat,Ahmedabad,Zinc Sulphate,Micronutrient,420,323.05,0.077,135681,75600,60081,Government Scheme,SR-018,Cooperative,No
TXN00562,4/30/2022,2022,4,Apr,Q2,Kharif,Karnataka,Hubli,Urea,Nitrogenous,385,595.2,0.008,229152,107800,121352,Government Scheme,SR-003,Medium Farmer,No
TXN00563,7/18/2022,2022,7,Jul,Q3,Kharif,Punjab,Amritsar,Calcium Nitrate,Nitrogenous,107,830.45,0.023,88858.15,53500,35358.15,Direct Farm,SR-019,Medium Farmer,No
TXN00564,2/17/2025,2025,2,Feb,Q1,Rabi,Bihar,Patna,Ammonium Sulphate,Nitrogenous,355,614.25,0.055,218058.75,124250,93808.75,Cooperative Society,SR-029,Small Farmer,No
TXN00565,1/5/2023,2023,1,Jan,Q1,Rabi,Andhra Pradesh,Vijayawada,Ammonium Sulphate,Nitrogenous,346,637.65,0.019,220626.9,121100,99526.9,Online Portal,SR-015,Large Farmer,No
TXN00566,1/31/2025,2025,1,Jan,Q1,Rabi,Maharashtra,Aurangabad,Calcium Nitrate,Nitrogenous,401,785.4,0.076,314945.4,200500,114445.4,Government Scheme,SR-020,Medium Farmer,No
TXN00567,1/22/2025,2025,1,Jan,Q1,Rabi,Madhya Pradesh,Jabalpur,SSP,Phosphatic,194,371.7,0.115,72109.8,38800,33309.8,Cooperative Society,SR-013,Small Farmer,No
TXN00568,8/6/2023,2023,8,Aug,Q3,Kharif,Karnataka,Bengaluru,MOP,Potassic,465,867.6,0.036,403434,279000,124434,Government Scheme,SR-008,Medium Farmer,No
TXN00569,2/14/2022,2022,2,Feb,Q1,Rabi,Rajasthan,Kota,MOP,Potassic,58,895.5,0.005,51939,34800,17139,Government Scheme,SR-005,Medium Farmer,No
TXN00570,1/22/2024,2024,1,Jan,Q1,Rabi,Karnataka,Mysuru,NPK 10-26-26,Complex,141,1083.6,0.097,152787.6,115620,37167.6,Dealer,SR-019,Cooperative,No
TXN00571,3/22/2023,2023,3,Mar,Q1,Kharif,Punjab,Jalandhar,Zinc Sulphate,Micronutrient,98,329.35,0.059,32276.3,17640,14636.3,Online Portal,SR-027,Small Farmer,No
TXN00572,9/8/2023,2023,9,Sep,Q3,Rabi,Uttar Pradesh,Meerut,Calcium Nitrate,Nitrogenous,50,770.1,0.094,38505,25000,13505,Government Scheme,SR-012,Cooperative,No
TXN00573,9/4/2022,2022,9,Sep,Q3,Rabi,Madhya Pradesh,Ujjain,Urea,Nitrogenous,334,544.2,0.093,181762.8,93520,88242.8,Cooperative Society,SR-002,Large Farmer,No
TXN00574,3/26/2022,2022,3,Mar,Q1,Kharif,Maharashtra,Kolhapur,MOP,Potassic,177,846,0.06,149742,106200,43542,Direct Farm,SR-005,Small Farmer,No
TXN00575,7/1/2024,2024,7,Jul,Q3,Kharif,Karnataka,Belagavi,DAP,Phosphatic,123,1279.8,0.052,157415.4,110700,46715.4,Cooperative Society,SR-005,Medium Farmer,No
TXN00576,6/19/2022,2022,6,Jun,Q2,Kharif,Gujarat,Gandhinagar,Urea,Nitrogenous,290,571.2,0.048,165648,81200,84448,Dealer,SR-013,Cooperative,No
TXN00577,10/4/2022,2022,10,Oct,Q4,Rabi,Gujarat,Gandhinagar,NPK 10-26-26,Complex,259,1143.6,0.047,296192.4,212380,83812.4,Online Portal,SR-007,Medium Farmer,No
TXN00578,5/27/2022,2022,5,May,Q2,Kharif,Rajasthan,Ajmer,Ammonium Sulphate,Nitrogenous,360,577.85,0.111,208026,126000,82026,Dealer,SR-004,Cooperative,No
TXN00579,1/19/2024,2024,1,Jan,Q1,Rabi,Maharashtra,Nashik,Ammonium Sulphate,Nitrogenous,186,603.85,0.071,112316.1,65100,47216.1,Dealer,SR-025,Large Farmer,No
TXN00580,12/18/2023,2023,12,Dec,Q4,Rabi,Karnataka,Mangaluru,MOP,Potassic,235,895.5,0.005,210442.5,141000,69442.5,Direct Farm,SR-007,Large Farmer,No
TXN00581,6/25/2022,2022,6,Jun,Q2,Kharif,Punjab,Ludhiana,NPK 10-26-26,Complex,495,1110,0.075,549450,405900,143550,Direct Farm,SR-028,Large Farmer,No
TXN00582,12/5/2023,2023,12,Dec,Q4,Rabi,Punjab,Jalandhar,Zinc Sulphate,Micronutrient,251,348.95,0.003,87586.45,45180,42406.45,Direct Farm,SR-024,Medium Farmer,No
TXN00583,1/24/2025,2025,1,Jan,Q1,Rabi,Andhra Pradesh,Kurnool,Zinc Sulphate,Micronutrient,328,319.2,0.088,104697.6,59040,45657.6,Direct Farm,SR-023,Small Farmer,No
TXN00584,4/8/2025,2025,4,Apr,Q2,Kharif,Andhra Pradesh,Guntur,SSP,Phosphatic,97,417.06,0.007,40454.82,19400,21054.82,Direct Farm,SR-026,Large Farmer,No
TXN00585,8/10/2024,2024,8,Aug,Q3,Kharif,Uttar Pradesh,Lucknow,Calcium Nitrate,Nitrogenous,348,821.95,0.033,286038.6,174000,112038.6,Government Scheme,SR-028,Small Farmer,No
TXN00586,8/23/2023,2023,8,Aug,Q3,Kharif,Bihar,Muzaffarpur,Calcium Nitrate,Nitrogenous,270,750.55,0.117,202648.5,135000,67648.5,Dealer,SR-029,Large Farmer,No
TXN00587,12/24/2024,2024,12,Dec,Q4,Rabi,Punjab,Amritsar,NPK 10-26-26,Complex,266,1060.8,0.116,282172.8,218120,64052.8,Online Portal,SR-030,Small Farmer,No
TXN00588,5/22/2023,2023,5,May,Q2,Kharif,Andhra Pradesh,Kurnool,Ammonium Sulphate,Nitrogenous,260,619.45,0.047,161057,91000,70057,Direct Farm,SR-001,Large Farmer,No
TXN00589,12/29/2023,2023,12,Dec,Q4,Rabi,Rajasthan,Jodhpur,SSP,Phosphatic,425,417.06,0.007,177250.5,85000,92250.5,Government Scheme,SR-029,Cooperative,No
TXN00590,2/10/2025,2025,2,Feb,Q1,Rabi,Rajasthan,Jodhpur,MOP,Potassic,184,802.8,0.108,147715.2,110400,37315.2,Direct Farm,SR-003,Cooperative,No
TXN00591,4/11/2023,2023,4,Apr,Q2,Kharif,Bihar,Muzaffarpur,MOP,Potassic,228,795.6,0.116,181396.8,136800,44596.8,Online Portal,SR-011,Cooperative,No
TXN00592,9/27/2022,2022,9,Sep,Q3,Rabi,Madhya Pradesh,Indore,NPK 10-26-26,Complex,451,1179.6,0.017,531999.6,369820,162179.6,Online Portal,SR-030,Medium Farmer,No
TXN00593,10/25/2022,2022,10,Oct,Q4,Rabi,Karnataka,Mysuru,Ammonium Sulphate,Nitrogenous,44,606.45,0.067,26683.8,15400,11283.8,Dealer,SR-006,Large Farmer,No
TXN00594,3/2/2022,2022,3,Mar,Q1,Kharif,Maharashtra,Nagpur,Calcium Nitrate,Nitrogenous,165,804.95,0.053,132816.75,82500,50316.75,Government Scheme,SR-005,Medium Farmer,No
TXN00595,9/27/2022,2022,9,Sep,Q3,Rabi,Haryana,Gurugram,SSP,Phosphatic,320,391.44,0.068,125260.8,64000,61260.8,Direct Farm,SR-020,Medium Farmer,No
TXN00596,2/23/2022,2022,2,Feb,Q1,Rabi,Maharashtra,Pune,Zinc Sulphate,Micronutrient,78,329,0.06,25662,14040,11622,Online Portal,SR-016,Large Farmer,No
TXN00597,3/4/2024,2024,3,Mar,Q1,Kharif,Gujarat,Rajkot,MOP,Potassic,93,879.3,0.023,81774.9,55800,25974.9,Dealer,SR-014,Small Farmer,No
TXN00598,4/25/2024,2024,4,Apr,Q2,Kharif,Madhya Pradesh,Indore,NPK 10-26-26,Complex,43,1174.8,0.021,50516.4,35260,15256.4,Cooperative Society,SR-028,Cooperative,No
TXN00599,7/26/2024,2024,7,Jul,Q3,Kharif,Madhya Pradesh,Jabalpur,Calcium Nitrate,Nitrogenous,407,845.75,0.005,344220.25,203500,140720.25,Cooperative Society,SR-024,Large Farmer,No
TXN00600,3/17/2025,2025,3,Mar,Q1,Kharif,Karnataka,Belagavi,Urea,Nitrogenous,276,592.2,0.013,163447.2,77280,86167.2,Cooperative Society,SR-027,Small Farmer,No
TXN00601,11/28/2024,2024,11,Nov,Q4,Rabi,Andhra Pradesh,Vijayawada,Urea,Nitrogenous,295,572.4,0.046,168858,82600,86258,Dealer,SR-007,Large Farmer,No
TXN00602,3/26/2024,2024,3,Mar,Q1,Kharif,Rajasthan,Udaipur,Zinc Sulphate,Micronutrient,95,332.15,0.051,31554.25,17100,14454.25,Online Portal,SR-030,Small Farmer,No
TXN00603,10/19/2022,2022,10,Oct,Q4,Rabi,Gujarat,Rajkot,DAP,Phosphatic,379,1269,0.06,480951,341100,139851,Direct Farm,SR-025,Medium Farmer,No
TXN00604,4/26/2024,2024,4,Apr,Q2,Kharif,Maharashtra,Nagpur,Urea,Nitrogenous,101,567.6,0.054,57327.6,28280,29047.6,Direct Farm,SR-029,Cooperative,No
TXN00605,5/28/2023,2023,5,May,Q2,Kharif,Maharashtra,Nashik,DAP,Phosphatic,56,1331.1,0.014,74541.6,50400,24141.6,Cooperative Society,SR-021,Large Farmer,No
TXN00606,12/8/2024,2024,12,Dec,Q4,Rabi,Bihar,Darbhanga,MOP,Potassic,203,840.6,0.066,170641.8,121800,48841.8,Dealer,SR-025,Medium Farmer,No
TXN00607,3/4/2025,2025,3,Mar,Q1,Kharif,Haryana,Faridabad,MOP,Potassic,101,817.2,0.092,82537.2,60600,21937.2,Dealer,SR-014,Large Farmer,No
TXN00608,7/2/2024,2024,7,Jul,Q3,Kharif,Rajasthan,Jodhpur,DAP,Phosphatic,470,1328.4,0.016,624348,423000,201348,Direct Farm,SR-001,Large Farmer,No
TXN00609,7/28/2024,2024,7,Jul,Q3,Kharif,Gujarat,Rajkot,Urea,Nitrogenous,321,536.4,0.106,172184.4,89880,82304.4,Direct Farm,SR-007,Cooperative,No
TXN00610,4/19/2024,2024,4,Apr,Q2,Kharif,Gujarat,Ahmedabad,Urea,Nitrogenous,135,536.4,0.106,72414,37800,34614,Government Scheme,SR-020,Medium Farmer,No
TXN00611,1/14/2023,2023,1,Jan,Q1,Rabi,Haryana,Gurugram,Ammonium Sulphate,Nitrogenous,28,638.95,0.017,17890.6,9800,8090.6,Dealer,SR-022,Large Farmer,No
TXN00612,6/29/2022,2022,6,Jun,Q2,Kharif,Uttar Pradesh,Lucknow,Calcium Nitrate,Nitrogenous,101,833.85,0.019,84218.85,50500,33718.85,Government Scheme,SR-020,Medium Farmer,No
TXN00613,3/31/2025,2025,3,Mar,Q1,Kharif,Maharashtra,Pune,DAP,Phosphatic,403,1301.4,0.036,524464.2,362700,161764.2,Government Scheme,SR-029,Cooperative,No
TXN00614,5/25/2024,2024,5,May,Q2,Kharif,Andhra Pradesh,Guntur,SSP,Phosphatic,251,413.28,0.016,103733.28,50200,53533.28,Government Scheme,SR-011,Cooperative,No
TXN00615,3/6/2023,2023,3,Mar,Q1,Kharif,Madhya Pradesh,Ujjain,Urea,Nitrogenous,65,558.6,0.069,36309,18200,18109,Online Portal,SR-003,Cooperative,No
TXN00616,8/12/2023,2023,8,Aug,Q3,Kharif,Bihar,Darbhanga,Ammonium Sulphate,Nitrogenous,142,609.05,0.063,86485.1,49700,36785.1,Online Portal,SR-012,Medium Farmer,No
TXN00617,2/26/2025,2025,2,Feb,Q1,Rabi,Gujarat,Gandhinagar,Zinc Sulphate,Micronutrient,262,316.05,0.097,82805.1,47160,35645.1,Online Portal,SR-008,Large Farmer,No
TXN00618,1/4/2022,2022,1,Jan,Q1,Rabi,Punjab,Ludhiana,Zinc Sulphate,Micronutrient,330,316.4,0.096,104412,59400,45012,Direct Farm,SR-026,Cooperative,No
TXN00619,4/4/2022,2022,4,Apr,Q2,Kharif,Maharashtra,Aurangabad,NPK 10-26-26,Complex,15,1107.6,0.077,16614,12300,4314,Government Scheme,SR-009,Small Farmer,No
TXN00620,9/7/2023,2023,9,Sep,Q3,Rabi,Andhra Pradesh,Nellore,Ammonium Sulphate,Nitrogenous,402,649.35,0.001,261038.7,140700,120338.7,Government Scheme,SR-011,Cooperative,No
TXN00621,3/1/2022,2022,3,Mar,Q1,Kharif,Haryana,Faridabad,Ammonium Sulphate,Nitrogenous,436,623.35,0.041,271780.6,152600,119180.6,Cooperative Society,SR-030,Cooperative,No
TXN00622,10/6/2022,2022,10,Oct,Q4,Rabi,Gujarat,Surat,Zinc Sulphate,Micronutrient,466,313.6,0.104,146137.6,83880,62257.6,Government Scheme,SR-015,Cooperative,No
TXN00623,12/3/2024,2024,12,Dec,Q4,Rabi,Rajasthan,Kota,Ammonium Sulphate,Nitrogenous,294,608.4,0.064,178869.6,102900,75969.6,Direct Farm,SR-019,Large Farmer,No
TXN00624,5/16/2022,2022,5,May,Q2,Kharif,Haryana,Ambala,Urea,Nitrogenous,183,529.2,0.118,96843.6,51240,45603.6,Online Portal,SR-027,Medium Farmer,No
TXN00625,3/8/2024,2024,3,Mar,Q1,Kharif,Haryana,Rohtak,DAP,Phosphatic,452,1223.1,0.094,552841.2,406800,146041.2,Government Scheme,SR-023,Large Farmer,No
TXN00626,7/11/2023,2023,7,Jul,Q3,Kharif,Bihar,Patna,Zinc Sulphate,Micronutrient,459,339.85,0.029,155991.15,82620,73371.15,Cooperative Society,SR-027,Large Farmer,No
TXN00627,12/11/2024,2024,12,Dec,Q4,Rabi,Rajasthan,Jodhpur,DAP,Phosphatic,201,1223.1,0.094,245843.1,180900,64943.1,Direct Farm,SR-030,Small Farmer,No
TXN00628,11/2/2024,2024,11,Nov,Q4,Rabi,Uttar Pradesh,Varanasi,MOP,Potassic,107,863.1,0.041,92351.7,64200,28151.7,Cooperative Society,SR-024,Large Farmer,No
TXN00629,10/21/2022,2022,10,Oct,Q4,Rabi,Punjab,Bathinda,MOP,Potassic,115,821.7,0.087,94495.5,69000,25495.5,Cooperative Society,SR-013,Small Farmer,No
TXN00630,9/29/2023,2023,9,Sep,Q3,Rabi,Uttar Pradesh,Meerut,DAP,Phosphatic,180,1274.4,0.056,229392,162000,67392,Dealer,SR-004,Large Farmer,No
TXN00631,3/28/2025,2025,3,Mar,Q1,Kharif,Rajasthan,Jodhpur,Ammonium Sulphate,Nitrogenous,112,635.05,0.023,71125.6,39200,31925.6,Government Scheme,SR-018,Large Farmer,No
TXN00632,8/29/2022,2022,8,Aug,Q3,Kharif,Rajasthan,Jodhpur,MOP,Potassic,150,887.4,0.014,133110,90000,43110,Online Portal,SR-018,Small Farmer,No
TXN00633,1/16/2025,2025,1,Jan,Q1,Rabi,Maharashtra,Kolhapur,Ammonium Sulphate,Nitrogenous,148,638.95,0.017,94564.6,51800,42764.6,Government Scheme,SR-019,Medium Farmer,No
TXN00634,5/26/2022,2022,5,May,Q2,Kharif,Rajasthan,Kota,Ammonium Sulphate,Nitrogenous,286,615.55,0.053,176047.3,100100,75947.3,Direct Farm,SR-001,Cooperative,No
TXN00635,8/5/2022,2022,8,Aug,Q3,Kharif,Bihar,Patna,DAP,Phosphatic,228,1286.55,0.047,293333.4,205200,88133.4,Online Portal,SR-029,Cooperative,No
TXN00636,12/30/2023,2023,12,Dec,Q4,Rabi,Rajasthan,Udaipur,NPK 10-26-26,Complex,375,1090.8,0.091,409050,307500,101550,Online Portal,SR-003,Cooperative,No
TXN00637,9/27/2022,2022,9,Sep,Q3,Rabi,Punjab,Patiala,DAP,Phosphatic,243,1300.05,0.037,315912.15,218700,97212.15,Cooperative Society,SR-016,Medium Farmer,No
TXN00638,10/22/2022,2022,10,Oct,Q4,Rabi,Karnataka,Hubli,Ammonium Sulphate,Nitrogenous,210,635.7,0.022,133497,73500,59997,Government Scheme,SR-026,Large Farmer,No
TXN00639,9/25/2024,2024,9,Sep,Q3,Rabi,Uttar Pradesh,Lucknow,Zinc Sulphate,Micronutrient,67,335.3,0.042,22465.1,12060,10405.1,Cooperative Society,SR-028,Medium Farmer,No
TXN00640,12/15/2023,2023,12,Dec,Q4,Rabi,Karnataka,Belagavi,MOP,Potassic,270,889.2,0.012,240084,162000,78084,Dealer,SR-011,Small Farmer,No
TXN00641,12/27/2024,2024,12,Dec,Q4,Rabi,Gujarat,Rajkot,Calcium Nitrate,Nitrogenous,132,786.25,0.075,103785,66000,37785,Online Portal,SR-006,Cooperative,No
TXN00642,5/16/2022,2022,5,May,Q2,Kharif,Maharashtra,Nashik,Calcium Nitrate,Nitrogenous,411,749.7,0.118,308126.7,205500,102626.7,Online Portal,SR-026,Large Farmer,No
TXN00643,4/29/2023,2023,4,Apr,Q2,Kharif,Haryana,Gurugram,Zinc Sulphate,Micronutrient,68,325.15,0.071,22110.2,12240,9870.2,Cooperative Society,SR-011,Small Farmer,No
TXN00644,12/27/2022,2022,12,Dec,Q4,Rabi,Rajasthan,Ajmer,DAP,Phosphatic,316,1332.45,0.013,421054.2,284400,136654.2,Online Portal,SR-025,Cooperative,No
TXN00645,10/9/2024,2024,10,Oct,Q4,Rabi,Uttar Pradesh,Lucknow,NPK 10-26-26,Complex,428,1179.6,0.017,504868.8,350960,153908.8,Online Portal,SR-029,Small Farmer,No
TXN00646,11/2/2022,2022,11,Nov,Q4,Rabi,Gujarat,Gandhinagar,SSP,Phosphatic,209,388.92,0.074,81284.28,41800,39484.28,Cooperative Society,SR-007,Medium Farmer,No
TXN00647,9/6/2023,2023,9,Sep,Q3,Rabi,Karnataka,Hubli,Calcium Nitrate,Nitrogenous,377,749.7,0.118,282636.9,188500,94136.9,Government Scheme,SR-003,Small Farmer,No
TXN00648,11/11/2024,2024,11,Nov,Q4,Rabi,Bihar,Muzaffarpur,SSP,Phosphatic,41,401.52,0.044,16462.32,8200,8262.32,Online Portal,SR-002,Small Farmer,No
TXN00649,1/6/2024,2024,1,Jan,Q1,Rabi,Punjab,Jalandhar,Urea,Nitrogenous,130,568.8,0.052,73944,36400,37544,Online Portal,SR-013,Large Farmer,No
TXN00650,4/11/2024,2024,4,Apr,Q2,Kharif,Bihar,Bhagalpur,NPK 10-26-26,Complex,349,1174.8,0.021,410005.2,286180,123825.2,Direct Farm,SR-007,Cooperative,No
TXN00651,5/4/2024,2024,5,May,Q2,Kharif,Haryana,Ambala,MOP,Potassic,78,899.1,0.001,70129.8,46800,23329.8,Dealer,SR-005,Cooperative,No
TXN00652,10/6/2022,2022,10,Oct,Q4,Rabi,Punjab,Amritsar,Calcium Nitrate,Nitrogenous,450,803.25,0.055,361462.5,225000,136462.5,Online Portal,SR-030,Cooperative,No
TXN00653,1/4/2023,2023,1,Jan,Q1,Rabi,Gujarat,Gandhinagar,Calcium Nitrate,Nitrogenous,292,766.7,0.098,223876.4,146000,77876.4,Cooperative Society,SR-012,Medium Farmer,No
TXN00654,5/19/2024,2024,5,May,Q2,Kharif,Karnataka,Bengaluru,Zinc Sulphate,Micronutrient,443,319.2,0.088,141405.6,79740,61665.6,Online Portal,SR-009,Cooperative,No
TXN00655,3/26/2025,2025,3,Mar,Q1,Kharif,Maharashtra,Pune,Urea,Nitrogenous,300,565.2,0.058,169560,84000,85560,Government Scheme,SR-004,Cooperative,No
TXN00656,10/18/2022,2022,10,Oct,Q4,Rabi,Andhra Pradesh,Kurnool,Zinc Sulphate,Micronutrient,274,346.85,0.009,95036.9,49320,45716.9,Online Portal,SR-003,Medium Farmer,No
TXN00657,6/9/2022,2022,6,Jun,Q2,Kharif,Andhra Pradesh,Nellore,SSP,Phosphatic,323,417.48,0.006,134846.04,64600,70246.04,Government Scheme,SR-018,Small Farmer,No
TXN00658,7/18/2024,2024,7,Jul,Q3,Kharif,Andhra Pradesh,Vijayawada,Ammonium Sulphate,Nitrogenous,225,622.7,0.042,140107.5,78750,61357.5,Government Scheme,SR-010,Medium Farmer,No
TXN00659,9/15/2023,2023,9,Sep,Q3,Rabi,Karnataka,Hubli,Urea,Nitrogenous,332,565.8,0.057,187845.6,92960,94885.6,Direct Farm,SR-019,Small Farmer,No
TXN00660,2/25/2022,2022,2,Feb,Q1,Rabi,Rajasthan,Ajmer,DAP,Phosphatic,74,1267.65,0.061,93806.1,66600,27206.1,Government Scheme,SR-009,Medium Farmer,No
TXN00661,7/30/2023,2023,7,Jul,Q3,Kharif,Rajasthan,Udaipur,Urea,Nitrogenous,389,592.2,0.013,230365.8,108920,121445.8,Direct Farm,SR-030,Medium Farmer,No
TXN00662,1/28/2024,2024,1,Jan,Q1,Rabi,Haryana,Ambala,NPK 10-26-26,Complex,258,1173.6,0.022,302788.8,211560,91228.8,Online Portal,SR-028,Small Farmer,No
TXN00663,6/22/2022,2022,6,Jun,Q2,Kharif,Haryana,Rohtak,MOP,Potassic,438,846,0.06,370548,262800,107748,Cooperative Society,SR-025,Cooperative,No
TXN00664,6/20/2024,2024,6,Jun,Q2,Kharif,Haryana,Faridabad,Ammonium Sulphate,Nitrogenous,37,599.95,0.077,22198.15,12950,9248.15,Dealer,SR-002,Medium Farmer,No
TXN00665,3/27/2024,2024,3,Mar,Q1,Kharif,Gujarat,Vadodara,Zinc Sulphate,Micronutrient,392,310.1,0.114,121559.2,70560,50999.2,Online Portal,SR-008,Cooperative,No
TXN00666,8/29/2024,2024,8,Aug,Q3,Kharif,Rajasthan,Jodhpur,Calcium Nitrate,Nitrogenous,16,820.25,0.035,13124,8000,5124,Cooperative Society,SR-013,Large Farmer,No
TXN00667,3/26/2022,2022,3,Mar,Q1,Kharif,Punjab,Bathinda,Ammonium Sulphate,Nitrogenous,499,584.35,0.101,291590.65,174650,116940.65,Online Portal,SR-030,Large Farmer,No
TXN00668,7/8/2023,2023,7,Jul,Q3,Kharif,Rajasthan,Jaipur,SSP,Phosphatic,345,390.6,0.07,134757,69000,65757,Cooperative Society,SR-025,Medium Farmer,No
TXN00669,2/4/2023,2023,2,Feb,Q1,Rabi,Andhra Pradesh,Kurnool,MOP,Potassic,170,840.6,0.066,142902,102000,40902,Dealer,SR-027,Small Farmer,No
TXN00670,4/22/2024,2024,4,Apr,Q2,Kharif,Punjab,Bathinda,DAP,Phosphatic,360,1277.1,0.054,459756,324000,135756,Direct Farm,SR-024,Large Farmer,No
TXN00671,1/31/2023,2023,1,Jan,Q1,Rabi,Uttar Pradesh,Lucknow,DAP,Phosphatic,39,1197.45,0.113,46700.55,35100,11600.55,Direct Farm,SR-020,Small Farmer,No
TXN00672,6/26/2022,2022,6,Jun,Q2,Kharif,Karnataka,Mysuru,Calcium Nitrate,Nitrogenous,346,771.8,0.092,267042.8,173000,94042.8,Online Portal,SR-026,Medium Farmer,No
TXN00673,1/13/2023,2023,1,Jan,Q1,Rabi,Rajasthan,Udaipur,Zinc Sulphate,Micronutrient,348,310.8,0.112,108158.4,62640,45518.4,Cooperative Society,SR-030,Large Farmer,No
TXN00674,10/25/2023,2023,10,Oct,Q4,Rabi,Rajasthan,Jodhpur,DAP,Phosphatic,151,1224.45,0.093,184891.95,135900,48991.95,Cooperative Society,SR-013,Large Farmer,No
TXN00675,6/13/2023,2023,6,Jun,Q2,Kharif,Rajasthan,Jodhpur,Zinc Sulphate,Micronutrient,45,329.35,0.059,14820.75,8100,6720.75,Direct Farm,SR-020,Cooperative,No
TXN00676,10/4/2024,2024,10,Oct,Q4,Rabi,Punjab,Amritsar,Calcium Nitrate,Nitrogenous,121,787.1,0.074,95239.1,60500,34739.1,Dealer,SR-030,Cooperative,No
TXN00677,7/31/2022,2022,7,Jul,Q3,Kharif,Uttar Pradesh,Lucknow,DAP,Phosphatic,302,1232.55,0.087,372230.1,271800,100430.1,Cooperative Society,SR-001,Cooperative,No
TXN00678,1/2/2022,2022,1,Jan,Q1,Rabi,Uttar Pradesh,Varanasi,SSP,Phosphatic,87,384.72,0.084,33470.64,17400,16070.64,Cooperative Society,SR-019,Small Farmer,No
TXN00679,10/1/2024,2024,10,Oct,Q4,Rabi,Gujarat,Rajkot,Calcium Nitrate,Nitrogenous,442,776.05,0.087,343014.1,221000,122014.1,Dealer,SR-018,Medium Farmer,No
TXN00680,2/27/2024,2024,2,Feb,Q1,Rabi,Gujarat,Ahmedabad,Ammonium Sulphate,Nitrogenous,180,596.7,0.082,107406,63000,44406,Cooperative Society,SR-002,Small Farmer,No
TXN00681,12/30/2024,2024,12,Dec,Q4,Rabi,Maharashtra,Pune,Zinc Sulphate,Micronutrient,399,317.8,0.092,126802.2,71820,54982.2,Direct Farm,SR-006,Small Farmer,No
TXN00682,1/27/2023,2023,1,Jan,Q1,Rabi,Rajasthan,Ajmer,DAP,Phosphatic,332,1237.95,0.083,410999.4,298800,112199.4,Cooperative Society,SR-003,Cooperative,No
TXN00683,10/14/2022,2022,10,Oct,Q4,Rabi,Uttar Pradesh,Agra,Urea,Nitrogenous,378,528,0.12,199584,105840,93744,Direct Farm,SR-016,Cooperative,No
TXN00684,1/12/2025,2025,1,Jan,Q1,Rabi,Rajasthan,Ajmer,Zinc Sulphate,Micronutrient,18,348.6,0.004,6274.8,3240,3034.8,Dealer,SR-011,Small Farmer,No
TXN00685,8/31/2022,2022,8,Aug,Q3,Kharif,Madhya Pradesh,Ujjain,Zinc Sulphate,Micronutrient,491,321.65,0.081,157930.15,88380,69550.15,Online Portal,SR-005,Medium Farmer,No
TXN00686,3/17/2022,2022,3,Mar,Q1,Kharif,Haryana,Hisar,Urea,Nitrogenous,251,534.6,0.109,134184.6,70280,63904.6,Online Portal,SR-002,Medium Farmer,Yes
TXN00687,9/25/2022,2022,9,Sep,Q3,Rabi,Uttar Pradesh,Agra,Urea,Nitrogenous,473,577.8,0.037,273299.4,132440,140859.4,Dealer,SR-015,Medium Farmer,No
TXN00688,5/11/2022,2022,5,May,Q2,Kharif,Punjab,Ludhiana,Zinc Sulphate,Micronutrient,314,316.4,0.096,99349.6,56520,42829.6,Direct Farm,SR-003,Medium Farmer,No
TXN00689,11/22/2023,2023,11,Nov,Q4,Rabi,Bihar,Gaya,DAP,Phosphatic,360,1256.85,0.069,452466,324000,128466,Direct Farm,SR-011,Medium Farmer,No
TXN00690,4/29/2025,2025,4,Apr,Q2,Kharif,Haryana,Ambala,DAP,Phosphatic,71,1305.45,0.033,92686.95,63900,28786.95,Cooperative Society,SR-006,Large Farmer,No
TXN00691,12/4/2022,2022,12,Dec,Q4,Rabi,Gujarat,Surat,Urea,Nitrogenous,78,592.8,0.012,46238.4,21840,24398.4,Online Portal,SR-013,Medium Farmer,No
TXN00692,9/24/2024,2024,9,Sep,Q3,Rabi,Punjab,Ludhiana,Urea,Nitrogenous,101,533.4,0.111,53873.4,28280,25593.4,Online Portal,SR-029,Large Farmer,No
TXN00693,9/1/2024,2024,9,Sep,Q3,Rabi,Haryana,Faridabad,MOP,Potassic,337,870.3,0.033,293291.1,202200,91091.1,Cooperative Society,SR-014,Medium Farmer,No
TXN00694,3/19/2022,2022,3,Mar,Q1,Kharif,Karnataka,Mysuru,Zinc Sulphate,Micronutrient,323,310.1,0.114,100162.3,58140,42022.3,Government Scheme,SR-012,Cooperative,No
TXN00695,2/16/2025,2025,2,Feb,Q1,Rabi,Madhya Pradesh,Indore,DAP,Phosphatic,281,1192.05,0.117,334966.05,252900,82066.05,Online Portal,SR-012,Medium Farmer,No
TXN00696,3/3/2023,2023,3,Mar,Q1,Kharif,Rajasthan,Jaipur,NPK 10-26-26,Complex,67,1084.8,0.096,72681.6,54940,17741.6,Cooperative Society,SR-016,Medium Farmer,No
TXN00697,3/30/2022,2022,3,Mar,Q1,Kharif,Uttar Pradesh,Kanpur,SSP,Phosphatic,117,398.16,0.052,46584.72,23400,23184.72,Government Scheme,SR-020,Cooperative,No
TXN00698,8/2/2022,2022,8,Aug,Q3,Kharif,Uttar Pradesh,Meerut,MOP,Potassic,90,815.4,0.094,73386,54000,19386,Cooperative Society,SR-017,Small Farmer,No
TXN00699,4/27/2023,2023,4,Apr,Q2,Kharif,Gujarat,Gandhinagar,Ammonium Sulphate,Nitrogenous,224,634.4,0.024,142105.6,78400,63705.6,Government Scheme,SR-008,Small Farmer,No
TXN00700,4/12/2023,2023,4,Apr,Q2,Kharif,Punjab,Amritsar,Calcium Nitrate,Nitrogenous,455,829.6,0.024,377468,227500,149968,Direct Farm,SR-003,Cooperative,No
TXN00701,9/19/2024,2024,9,Sep,Q3,Rabi,Uttar Pradesh,Varanasi,MOP,Potassic,120,800.1,0.111,96012,72000,24012,Cooperative Society,SR-006,Cooperative,No
TXN00702,10/7/2022,2022,10,Oct,Q4,Rabi,Gujarat,Surat,Ammonium Sulphate,Nitrogenous,148,634.4,0.024,93891.2,51800,42091.2,Direct Farm,SR-002,Small Farmer,No
TXN00703,10/7/2022,2022,10,Oct,Q4,Rabi,Punjab,Patiala,Zinc Sulphate,Micronutrient,224,342.65,0.021,76753.6,40320,36433.6,Government Scheme,SR-008,Large Farmer,No
TXN00704,11/18/2022,2022,11,Nov,Q4,Rabi,Karnataka,Mysuru,NPK 10-26-26,Complex,54,1141.2,0.049,61624.8,44280,17344.8,Online Portal,SR-016,Medium Farmer,No
TXN00705,8/27/2024,2024,8,Aug,Q3,Kharif,Gujarat,Vadodara,Urea,Nitrogenous,383,569.4,0.051,218080.2,107240,110840.2,Direct Farm,SR-008,Large Farmer,No
TXN00706,4/1/2025,2025,4,Apr,Q2,Kharif,Madhya Pradesh,Ujjain,MOP,Potassic,477,837.9,0.069,399678.3,286200,113478.3,Dealer,SR-014,Small Farmer,No
TXN00707,8/21/2024,2024,8,Aug,Q3,Kharif,Andhra Pradesh,Guntur,Calcium Nitrate,Nitrogenous,281,810.05,0.047,227624.05,140500,87124.05,Dealer,SR-015,Cooperative,No
TXN00708,6/20/2022,2022,6,Jun,Q2,Kharif,Andhra Pradesh,Guntur,Calcium Nitrate,Nitrogenous,496,827.9,0.026,410638.4,248000,162638.4,Government Scheme,SR-010,Medium Farmer,Yes
TXN00709,7/5/2022,2022,7,Jul,Q3,Kharif,Uttar Pradesh,Varanasi,SSP,Phosphatic,92,384.72,0.084,35394.24,18400,16994.24,Online Portal,SR-024,Small Farmer,No
TXN00710,8/7/2024,2024,8,Aug,Q3,Kharif,Haryana,Hisar,MOP,Potassic,414,805.5,0.105,333477,248400,85077,Cooperative Society,SR-023,Small Farmer,Yes
TXN00711,5/25/2022,2022,5,May,Q2,Kharif,Bihar,Gaya,Urea,Nitrogenous,161,569.4,0.051,91673.4,45080,46593.4,Government Scheme,SR-023,Medium Farmer,No
TXN00712,11/19/2023,2023,11,Nov,Q4,Rabi,Uttar Pradesh,Meerut,Ammonium Sulphate,Nitrogenous,464,646.1,0.006,299790.4,162400,137390.4,Cooperative Society,SR-012,Cooperative,No
TXN00713,3/25/2022,2022,3,Mar,Q1,Kharif,Maharashtra,Aurangabad,MOP,Potassic,341,839.7,0.067,286337.7,204600,81737.7,Dealer,SR-018,Medium Farmer,No
TXN00714,11/17/2023,2023,11,Nov,Q4,Rabi,Madhya Pradesh,Ujjain,DAP,Phosphatic,342,1273.05,0.057,435383.1,307800,127583.1,Online Portal,SR-028,Medium Farmer,No
TXN00715,10/19/2023,2023,10,Oct,Q4,Rabi,Maharashtra,Aurangabad,Calcium Nitrate,Nitrogenous,151,844.05,0.007,127451.55,75500,51951.55,Government Scheme,SR-012,Cooperative,No
TXN00716,10/23/2024,2024,10,Oct,Q4,Rabi,Andhra Pradesh,Guntur,Zinc Sulphate,Micronutrient,373,327.6,0.064,122194.8,67140,55054.8,Online Portal,SR-029,Large Farmer,No
TXN00717,1/24/2024,2024,1,Jan,Q1,Rabi,Punjab,Amritsar,Zinc Sulphate,Micronutrient,54,346.5,0.01,18711,9720,8991,Direct Farm,SR-010,Small Farmer,No
TXN00718,12/4/2022,2022,12,Dec,Q4,Rabi,Rajasthan,Jaipur,MOP,Potassic,264,883.8,0.018,233323.2,158400,74923.2,Direct Farm,SR-017,Small Farmer,No
TXN00719,5/3/2024,2024,5,May,Q2,Kharif,Andhra Pradesh,Visakhapatnam,Zinc Sulphate,Micronutrient,187,332.5,0.05,62177.5,33660,28517.5,Dealer,SR-010,Medium Farmer,No
TXN00720,2/15/2022,2022,2,Feb,Q1,Rabi,Madhya Pradesh,Ujjain,Ammonium Sulphate,Nitrogenous,220,605.15,0.069,133133,77000,56133,Government Scheme,SR-016,Cooperative,No
TXN00721,9/15/2023,2023,9,Sep,Q3,Rabi,Karnataka,Mysuru,SSP,Phosphatic,97,380.1,0.095,36869.7,19400,17469.7,Direct Farm,SR-016,Large Farmer,No
TXN00722,4/7/2022,2022,4,Apr,Q2,Kharif,Haryana,Ambala,SSP,Phosphatic,243,371.7,0.115,90323.1,48600,41723.1,Online Portal,SR-030,Medium Farmer,No
TXN00723,8/8/2023,2023,8,Aug,Q3,Kharif,Haryana,Faridabad,MOP,Potassic,92,873.9,0.029,80398.8,55200,25198.8,Dealer,SR-011,Medium Farmer,No
TXN00724,6/18/2023,2023,6,Jun,Q2,Kharif,Maharashtra,Nashik,NPK 10-26-26,Complex,297,1098,0.085,326106,243540,82566,Government Scheme,SR-012,Medium Farmer,No
TXN00725,7/7/2024,2024,7,Jul,Q3,Kharif,Andhra Pradesh,Visakhapatnam,SSP,Phosphatic,72,373.8,0.11,26913.6,14400,12513.6,Cooperative Society,SR-030,Cooperative,No
TXN00726,7/27/2024,2024,7,Jul,Q3,Kharif,Maharashtra,Nashik,Urea,Nitrogenous,388,560.4,0.066,217435.2,108640,108795.2,Online Portal,SR-011,Large Farmer,No
TXN00727,8/17/2023,2023,8,Aug,Q3,Kharif,Karnataka,Mysuru,Zinc Sulphate,Micronutrient,183,320.95,0.083,58733.85,32940,25793.85,Cooperative Society,SR-029,Small Farmer,No
TXN00728,2/2/2025,2025,2,Feb,Q1,Rabi,Punjab,Jalandhar,Urea,Nitrogenous,215,555.6,0.074,119454,60200,59254,Direct Farm,SR-015,Large Farmer,No
TXN00729,10/31/2023,2023,10,Oct,Q4,Rabi,Uttar Pradesh,Meerut,NPK 10-26-26,Complex,308,1124.4,0.063,346315.2,252560,93755.2,Government Scheme,SR-007,Small Farmer,No
TXN00730,1/7/2025,2025,1,Jan,Q1,Rabi,Gujarat,Ahmedabad,Calcium Nitrate,Nitrogenous,109,799.85,0.059,87183.65,54500,32683.65,Online Portal,SR-020,Small Farmer,No
TXN00731,3/25/2024,2024,3,Mar,Q1,Kharif,Haryana,Hisar,Ammonium Sulphate,Nitrogenous,207,620.75,0.045,128495.25,72450,56045.25,Government Scheme,SR-012,Large Farmer,No
TXN00732,7/1/2024,2024,7,Jul,Q3,Kharif,Andhra Pradesh,Guntur,NPK 10-26-26,Complex,382,1071.6,0.107,409351.2,313240,96111.2,Cooperative Society,SR-026,Cooperative,No
TXN00733,12/2/2022,2022,12,Dec,Q4,Rabi,Bihar,Bhagalpur,MOP,Potassic,437,837,0.07,365769,262200,103569,Dealer,SR-005,Medium Farmer,No
TXN00734,8/30/2024,2024,8,Aug,Q3,Kharif,Andhra Pradesh,Kurnool,DAP,Phosphatic,487,1194.75,0.115,581843.25,438300,143543.25,Cooperative Society,SR-003,Small Farmer,No
TXN00735,7/14/2023,2023,7,Jul,Q3,Kharif,Bihar,Muzaffarpur,Zinc Sulphate,Micronutrient,373,326.2,0.068,121672.6,67140,54532.6,Direct Farm,SR-007,Medium Farmer,No
TXN00736,8/16/2023,2023,8,Aug,Q3,Kharif,Andhra Pradesh,Vijayawada,Urea,Nitrogenous,431,540.6,0.099,232998.6,120680,112318.6,Online Portal,SR-010,Cooperative,No
TXN00737,8/7/2024,2024,8,Aug,Q3,Kharif,Madhya Pradesh,Bhopal,Urea,Nitrogenous,88,580.8,0.032,51110.4,24640,26470.4,Cooperative Society,SR-004,Large Farmer,No
TXN00738,1/3/2023,2023,1,Jan,Q1,Rabi,Gujarat,Surat,Urea,Nitrogenous,71,544.8,0.092,38680.8,19880,18800.8,Cooperative Society,SR-003,Large Farmer,No
TXN00739,9/11/2024,2024,9,Sep,Q3,Rabi,Karnataka,Mangaluru,SSP,Phosphatic,331,385.56,0.082,127620.36,66200,61420.36,Dealer,SR-012,Small Farmer,No
TXN00740,11/30/2022,2022,11,Nov,Q4,Rabi,Karnataka,Bengaluru,MOP,Potassic,173,850.5,0.055,147136.5,103800,43336.5,Direct Farm,SR-012,Medium Farmer,No
TXN00741,7/13/2023,2023,7,Jul,Q3,Kharif,Maharashtra,Nagpur,Ammonium Sulphate,Nitrogenous,34,627.25,0.035,21326.5,11900,9426.5,Online Portal,SR-021,Small Farmer,No
TXN00742,2/1/2023,2023,2,Feb,Q1,Rabi,Haryana,Gurugram,MOP,Potassic,288,864.9,0.039,249091.2,172800,76291.2,Government Scheme,SR-027,Large Farmer,No
TXN00743,1/13/2024,2024,1,Jan,Q1,Rabi,Punjab,Bathinda,Ammonium Sulphate,Nitrogenous,431,638.95,0.017,275387.45,150850,124537.45,Direct Farm,SR-017,Large Farmer,No
TXN00744,9/20/2024,2024,9,Sep,Q3,Rabi,Bihar,Gaya,MOP,Potassic,62,876.6,0.026,54349.2,37200,17149.2,Online Portal,SR-008,Medium Farmer,No
TXN00745,12/12/2024,2024,12,Dec,Q4,Rabi,Andhra Pradesh,Nellore,DAP,Phosphatic,223,1275.75,0.055,284492.25,200700,83792.25,Dealer,SR-004,Medium Farmer,No
TXN00746,9/9/2024,2024,9,Sep,Q3,Rabi,Maharashtra,Aurangabad,Ammonium Sulphate,Nitrogenous,81,586.3,0.098,47490.3,28350,19140.3,Online Portal,SR-017,Large Farmer,No
TXN00747,9/16/2023,2023,9,Sep,Q3,Rabi,Uttar Pradesh,Lucknow,NPK 10-26-26,Complex,75,1076.4,0.103,80730,61500,19230,Direct Farm,SR-023,Medium Farmer,No
TXN00748,9/14/2022,2022,9,Sep,Q3,Rabi,Madhya Pradesh,Indore,DAP,Phosphatic,227,1237.95,0.083,281014.65,204300,76714.65,Dealer,SR-003,Small Farmer,No
TXN00749,6/2/2024,2024,6,Jun,Q2,Kharif,Uttar Pradesh,Agra,DAP,Phosphatic,26,1221.75,0.095,31765.5,23400,8365.5,Online Portal,SR-019,Small Farmer,No
TXN00750,9/1/2022,2022,9,Sep,Q3,Rabi,Rajasthan,Jaipur,DAP,Phosphatic,164,1242,0.08,203688,147600,56088,Dealer,SR-026,Small Farmer,No
TXN00751,2/25/2023,2023,2,Feb,Q1,Rabi,Karnataka,Mysuru,MOP,Potassic,353,862.2,0.042,304356.6,211800,92556.6,Dealer,SR-005,Large Farmer,No
TXN00752,12/14/2023,2023,12,Dec,Q4,Rabi,Maharashtra,Nashik,NPK 10-26-26,Complex,268,1118.4,0.068,299731.2,219760,79971.2,Dealer,SR-027,Small Farmer,No
TXN00753,3/21/2023,2023,3,Mar,Q1,Kharif,Madhya Pradesh,Gwalior,MOP,Potassic,471,819,0.09,385749,282600,103149,Dealer,SR-024,Small Farmer,No
TXN00754,10/29/2024,2024,10,Oct,Q4,Rabi,Gujarat,Vadodara,MOP,Potassic,235,827.1,0.081,194368.5,141000,53368.5,Dealer,SR-006,Large Farmer,No
TXN00755,5/18/2024,2024,5,May,Q2,Kharif,Madhya Pradesh,Ujjain,NPK 10-26-26,Complex,218,1183.2,0.014,257937.6,178760,79177.6,Government Scheme,SR-004,Cooperative,No
TXN00756,11/30/2024,2024,11,Nov,Q4,Rabi,Haryana,Hisar,Ammonium Sulphate,Nitrogenous,370,627.25,0.035,232082.5,129500,102582.5,Dealer,SR-003,Large Farmer,No
TXN00757,8/25/2022,2022,8,Aug,Q3,Kharif,Bihar,Gaya,Zinc Sulphate,Micronutrient,317,319.2,0.088,101186.4,57060,44126.4,Cooperative Society,SR-008,Cooperative,No
TXN00758,5/26/2024,2024,5,May,Q2,Kharif,Madhya Pradesh,Bhopal,Zinc Sulphate,Micronutrient,490,321.65,0.081,157608.5,88200,69408.5,Direct Farm,SR-001,Cooperative,No
TXN00759,3/22/2024,2024,3,Mar,Q1,Kharif,Gujarat,Gandhinagar,DAP,Phosphatic,71,1327.05,0.017,94220.55,63900,30320.55,Cooperative Society,SR-023,Small Farmer,No
TXN00760,5/13/2022,2022,5,May,Q2,Kharif,Maharashtra,Nashik,Ammonium Sulphate,Nitrogenous,112,603.85,0.071,67631.2,39200,28431.2,Cooperative Society,SR-004,Medium Farmer,No
TXN00761,10/19/2024,2024,10,Oct,Q4,Rabi,Rajasthan,Kota,SSP,Phosphatic,397,380.1,0.095,150899.7,79400,71499.7,Cooperative Society,SR-012,Cooperative,No
TXN00762,4/8/2024,2024,4,Apr,Q2,Kharif,Gujarat,Gandhinagar,SSP,Phosphatic,85,381.36,0.092,32415.6,17000,15415.6,Dealer,SR-004,Large Farmer,No
TXN00763,10/15/2024,2024,10,Oct,Q4,Rabi,Madhya Pradesh,Indore,Urea,Nitrogenous,60,546.6,0.089,32796,16800,15996,Dealer,SR-016,Small Farmer,No
TXN00764,2/23/2024,2024,2,Feb,Q1,Rabi,Karnataka,Hubli,MOP,Potassic,165,832.5,0.075,137362.5,99000,38362.5,Dealer,SR-025,Small Farmer,No
TXN00765,10/5/2024,2024,10,Oct,Q4,Rabi,Gujarat,Surat,SSP,Phosphatic,348,394.8,0.06,137390.4,69600,67790.4,Online Portal,SR-009,Large Farmer,No
TXN00766,1/24/2025,2025,1,Jan,Q1,Rabi,Uttar Pradesh,Lucknow,Calcium Nitrate,Nitrogenous,460,756.5,0.11,347990,230000,117990,Cooperative Society,SR-015,Large Farmer,No
TXN00767,6/25/2024,2024,6,Jun,Q2,Kharif,Gujarat,Ahmedabad,Urea,Nitrogenous,100,559.8,0.067,55980,28000,27980,Government Scheme,SR-029,Medium Farmer,No
TXN00768,6/1/2024,2024,6,Jun,Q2,Kharif,Haryana,Ambala,Calcium Nitrate,Nitrogenous,259,771.8,0.092,199896.2,129500,70396.2,Online Portal,SR-022,Cooperative,No
TXN00769,1/9/2025,2025,1,Jan,Q1,Rabi,Karnataka,Mangaluru,Zinc Sulphate,Micronutrient,297,313.95,0.103,93243.15,53460,39783.15,Online Portal,SR-002,Cooperative,No
TXN00770,10/10/2024,2024,10,Oct,Q4,Rabi,Karnataka,Mangaluru,Ammonium Sulphate,Nitrogenous,402,573.95,0.117,230727.9,140700,90027.9,Government Scheme,SR-002,Small Farmer,No
TXN00771,4/3/2022,2022,4,Apr,Q2,Kharif,Haryana,Ambala,Ammonium Sulphate,Nitrogenous,424,592.15,0.089,251071.6,148400,102671.6,Dealer,SR-025,Large Farmer,No
TXN00772,7/19/2022,2022,7,Jul,Q3,Kharif,Bihar,Gaya,Ammonium Sulphate,Nitrogenous,220,622.7,0.042,136994,77000,59994,Direct Farm,SR-008,Medium Farmer,Yes
TXN00773,10/2/2023,2023,10,Oct,Q4,Rabi,Karnataka,Bengaluru,DAP,Phosphatic,454,1300.05,0.037,590222.7,408600,181622.7,Government Scheme,SR-006,Small Farmer,No
TXN00774,10/30/2023,2023,10,Oct,Q4,Rabi,Uttar Pradesh,Varanasi,Calcium Nitrate,Nitrogenous,300,797.3,0.062,239190,150000,89190,Cooperative Society,SR-009,Small Farmer,No
TXN00775,4/19/2025,2025,4,Apr,Q2,Kharif,Uttar Pradesh,Kanpur,Calcium Nitrate,Nitrogenous,302,810.05,0.047,244635.1,151000,93635.1,Online Portal,SR-004,Cooperative,No
TXN00776,2/26/2023,2023,2,Feb,Q1,Rabi,Maharashtra,Nagpur,Ammonium Sulphate,Nitrogenous,95,601.9,0.074,57180.5,33250,23930.5,Government Scheme,SR-014,Medium Farmer,No
TXN00777,6/4/2022,2022,6,Jun,Q2,Kharif,Andhra Pradesh,Visakhapatnam,SSP,Phosphatic,145,417.48,0.006,60534.6,29000,31534.6,Online Portal,SR-013,Medium Farmer,No
TXN00778,7/8/2022,2022,7,Jul,Q3,Kharif,Karnataka,Bengaluru,Ammonium Sulphate,Nitrogenous,149,644.8,0.008,96075.2,52150,43925.2,Online Portal,SR-016,Cooperative,No
TXN00779,12/13/2023,2023,12,Dec,Q4,Rabi,Punjab,Jalandhar,SSP,Phosphatic,231,386.4,0.08,89258.4,46200,43058.4,Government Scheme,SR-007,Cooperative,No
TXN00780,5/30/2023,2023,5,May,Q2,Kharif,Karnataka,Belagavi,Zinc Sulphate,Micronutrient,353,317.8,0.092,112183.4,63540,48643.4,Direct Farm,SR-029,Small Farmer,Yes
TXN00781,11/23/2024,2024,11,Nov,Q4,Rabi,Haryana,Rohtak,Zinc Sulphate,Micronutrient,119,322.35,0.079,38359.65,21420,16939.65,Cooperative Society,SR-009,Cooperative,No
TXN00782,5/3/2022,2022,5,May,Q2,Kharif,Andhra Pradesh,Visakhapatnam,Ammonium Sulphate,Nitrogenous,246,638.3,0.018,157021.8,86100,70921.8,Direct Farm,SR-024,Large Farmer,No
TXN00783,4/20/2024,2024,4,Apr,Q2,Kharif,Maharashtra,Pune,NPK 10-26-26,Complex,443,1141.2,0.049,505551.6,363260,142291.6,Government Scheme,SR-021,Medium Farmer,No
TXN00784,4/29/2023,2023,4,Apr,Q2,Kharif,Bihar,Muzaffarpur,DAP,Phosphatic,86,1318.95,0.023,113429.7,77400,36029.7,Direct Farm,SR-026,Large Farmer,No
TXN00785,9/21/2024,2024,9,Sep,Q3,Rabi,Andhra Pradesh,Vijayawada,Calcium Nitrate,Nitrogenous,341,757.35,0.109,258256.35,170500,87756.35,Direct Farm,SR-006,Large Farmer,No
TXN00786,3/1/2022,2022,3,Mar,Q1,Kharif,Rajasthan,Udaipur,MOP,Potassic,339,808.2,0.102,273979.8,203400,70579.8,Cooperative Society,SR-026,Small Farmer,No
TXN00787,6/21/2022,2022,6,Jun,Q2,Kharif,Maharashtra,Kolhapur,SSP,Phosphatic,453,416.64,0.008,188737.92,90600,98137.92,Cooperative Society,SR-029,Large Farmer,No
TXN00788,3/23/2024,2024,3,Mar,Q1,Kharif,Haryana,Faridabad,DAP,Phosphatic,302,1231.2,0.088,371822.4,271800,100022.4,Dealer,SR-017,Large Farmer,No
TXN00789,7/4/2022,2022,7,Jul,Q3,Kharif,Madhya Pradesh,Ujjain,DAP,Phosphatic,405,1219.05,0.097,493715.25,364500,129215.25,Government Scheme,SR-027,Cooperative,No
TXN00790,5/16/2024,2024,5,May,Q2,Kharif,Madhya Pradesh,Indore,DAP,Phosphatic,99,1314.9,0.026,130175.1,89100,41075.1,Government Scheme,SR-015,Cooperative,No
TXN00791,4/22/2025,2025,4,Apr,Q2,Kharif,Uttar Pradesh,Varanasi,Ammonium Sulphate,Nitrogenous,368,575.9,0.114,211931.2,128800,83131.2,Government Scheme,SR-018,Cooperative,No
TXN00792,5/20/2023,2023,5,May,Q2,Kharif,Rajasthan,Jodhpur,Ammonium Sulphate,Nitrogenous,253,594.1,0.086,150307.3,88550,61757.3,Government Scheme,SR-001,Small Farmer,No
TXN00793,5/6/2023,2023,5,May,Q2,Kharif,Rajasthan,Kota,Calcium Nitrate,Nitrogenous,168,784.55,0.077,131804.4,84000,47804.4,Government Scheme,SR-029,Small Farmer,No
TXN00794,4/30/2023,2023,4,Apr,Q2,Kharif,Gujarat,Rajkot,Urea,Nitrogenous,475,531,0.115,252225,133000,119225,Government Scheme,SR-010,Small Farmer,No
TXN00795,9/2/2023,2023,9,Sep,Q3,Rabi,Madhya Pradesh,Indore,Zinc Sulphate,Micronutrient,333,336.7,0.038,112121.1,59940,52181.1,Cooperative Society,SR-026,Small Farmer,No
TXN00796,6/14/2022,2022,6,Jun,Q2,Kharif,Gujarat,Rajkot,Calcium Nitrate,Nitrogenous,484,764.15,0.101,369848.6,242000,127848.6,Cooperative Society,SR-029,Small Farmer,No
TXN00797,6/19/2023,2023,6,Jun,Q2,Kharif,Andhra Pradesh,Guntur,Ammonium Sulphate,Nitrogenous,225,603.2,0.072,135720,78750,56970,Online Portal,SR-024,Large Farmer,No
TXN00798,2/26/2022,2022,2,Feb,Q1,Rabi,Uttar Pradesh,Agra,Zinc Sulphate,Micronutrient,415,323.05,0.077,134065.75,74700,59365.75,Dealer,SR-013,Medium Farmer,Yes
TXN00799,9/18/2023,2023,9,Sep,Q3,Rabi,Maharashtra,Kolhapur,DAP,Phosphatic,66,1324.35,0.019,87407.1,59400,28007.1,Online Portal,SR-023,Medium Farmer,No
TXN00800,4/20/2024,2024,4,Apr,Q2,Kharif,Maharashtra,Nagpur,Zinc Sulphate,Micronutrient,457,319.2,0.088,145874.4,82260,63614.4,Government Scheme,SR-006,Large Farmer,No
TXN00801,2/11/2023,2023,2,Feb,Q1,Rabi,Punjab,Patiala,Ammonium Sulphate,Nitrogenous,103,619.45,0.047,63803.35,36050,27753.35,Cooperative Society,SR-027,Medium Farmer,No
TXN00802,2/17/2022,2022,2,Feb,Q1,Rabi,Andhra Pradesh,Nellore,NPK 10-26-26,Complex,474,1186.8,0.011,562543.2,388680,173863.2,Cooperative Society,SR-007,Large Farmer,No
TXN00803,4/12/2022,2022,4,Apr,Q2,Kharif,Bihar,Darbhanga,Calcium Nitrate,Nitrogenous,317,823.65,0.031,261097.05,158500,102597.05,Dealer,SR-012,Medium Farmer,No
TXN00804,8/29/2022,2022,8,Aug,Q3,Kharif,Uttar Pradesh,Meerut,Calcium Nitrate,Nitrogenous,405,756.5,0.11,306382.5,202500,103882.5,Cooperative Society,SR-027,Cooperative,No
TXN00805,4/5/2023,2023,4,Apr,Q2,Kharif,Madhya Pradesh,Indore,SSP,Phosphatic,157,382.2,0.09,60005.4,31400,28605.4,Cooperative Society,SR-005,Cooperative,No
TXN00806,3/18/2023,2023,3,Mar,Q1,Kharif,Rajasthan,Jodhpur,Calcium Nitrate,Nitrogenous,102,808.35,0.049,82451.7,51000,31451.7,Direct Farm,SR-001,Large Farmer,No
TXN00807,4/28/2023,2023,4,Apr,Q2,Kharif,Karnataka,Mangaluru,NPK 10-26-26,Complex,199,1116,0.07,222084,163180,58904,Cooperative Society,SR-003,Small Farmer,No
TXN00808,9/30/2022,2022,9,Sep,Q3,Rabi,Maharashtra,Nagpur,NPK 10-26-26,Complex,375,1144.8,0.046,429300,307500,121800,Cooperative Society,SR-024,Large Farmer,No
TXN00809,7/15/2022,2022,7,Jul,Q3,Kharif,Andhra Pradesh,Guntur,Urea,Nitrogenous,180,532.8,0.112,95904,50400,45504,Cooperative Society,SR-030,Large Farmer,No
TXN00810,4/4/2022,2022,4,Apr,Q2,Kharif,Uttar Pradesh,Kanpur,Calcium Nitrate,Nitrogenous,164,750.55,0.117,123090.2,82000,41090.2,Government Scheme,SR-005,Small Farmer,No
TXN00811,1/3/2023,2023,1,Jan,Q1,Rabi,Rajasthan,Jodhpur,Zinc Sulphate,Micronutrient,486,335.65,0.041,163125.9,87480,75645.9,Cooperative Society,SR-005,Small Farmer,No
TXN00812,12/22/2024,2024,12,Dec,Q4,Rabi,Bihar,Muzaffarpur,SSP,Phosphatic,69,404.04,0.038,27878.76,13800,14078.76,Direct Farm,SR-016,Large Farmer,No
TXN00813,5/30/2024,2024,5,May,Q2,Kharif,Rajasthan,Udaipur,SSP,Phosphatic,274,404.04,0.038,110706.96,54800,55906.96,Direct Farm,SR-011,Cooperative,No
TXN00814,2/12/2025,2025,2,Feb,Q1,Rabi,Gujarat,Ahmedabad,NPK 10-26-26,Complex,86,1191.6,0.007,102477.6,70520,31957.6,Direct Farm,SR-002,Cooperative,No
TXN00815,12/1/2022,2022,12,Dec,Q4,Rabi,Gujarat,Rajkot,DAP,Phosphatic,468,1200.15,0.111,561670.2,421200,140470.2,Dealer,SR-015,Large Farmer,No
TXN00816,9/20/2024,2024,9,Sep,Q3,Rabi,Gujarat,Rajkot,DAP,Phosphatic,443,1233.9,0.086,546617.7,398700,147917.7,Direct Farm,SR-004,Large Farmer,No
TXN00817,2/22/2023,2023,2,Feb,Q1,Rabi,Rajasthan,Jodhpur,MOP,Potassic,393,845.1,0.061,332124.3,235800,96324.3,Government Scheme,SR-019,Medium Farmer,No
TXN00818,1/9/2022,2022,1,Jan,Q1,Rabi,Andhra Pradesh,Nellore,MOP,Potassic,223,801,0.11,178623,133800,44823,Direct Farm,SR-025,Cooperative,No
TXN00819,11/5/2023,2023,11,Nov,Q4,Rabi,Uttar Pradesh,Kanpur,DAP,Phosphatic,211,1289.25,0.045,272031.75,189900,82131.75,Dealer,SR-027,Large Farmer,No
TXN00820,3/1/2022,2022,3,Mar,Q1,Kharif,Punjab,Patiala,Zinc Sulphate,Micronutrient,242,323.75,0.075,78347.5,43560,34787.5,Government Scheme,SR-020,Small Farmer,No
TXN00821,3/31/2022,2022,3,Mar,Q1,Kharif,Karnataka,Mangaluru,Ammonium Sulphate,Nitrogenous,495,592.8,0.088,293436,173250,120186,Online Portal,SR-005,Medium Farmer,No
TXN00822,8/3/2023,2023,8,Aug,Q3,Kharif,Maharashtra,Pune,DAP,Phosphatic,290,1196.1,0.114,346869,261000,85869,Cooperative Society,SR-003,Cooperative,No
TXN00823,12/31/2022,2022,12,Dec,Q4,Rabi,Madhya Pradesh,Jabalpur,DAP,Phosphatic,20,1212.3,0.102,24246,18000,6246,Direct Farm,SR-013,Cooperative,No
TXN00824,11/12/2022,2022,11,Nov,Q4,Rabi,Punjab,Jalandhar,Zinc Sulphate,Micronutrient,420,331.8,0.052,139356,75600,63756,Government Scheme,SR-029,Medium Farmer,No
TXN00825,7/16/2022,2022,7,Jul,Q3,Kharif,Maharashtra,Kolhapur,NPK 10-26-26,Complex,260,1136.4,0.053,295464,213200,82264,Cooperative Society,SR-016,Large Farmer,No
TXN00826,5/16/2024,2024,5,May,Q2,Kharif,Punjab,Patiala,Ammonium Sulphate,Nitrogenous,324,635.7,0.022,205966.8,113400,92566.8,Cooperative Society,SR-003,Small Farmer,No
TXN00827,12/1/2023,2023,12,Dec,Q4,Rabi,Gujarat,Surat,MOP,Potassic,486,846.9,0.059,411593.4,291600,119993.4,Online Portal,SR-003,Large Farmer,No
TXN00828,6/14/2024,2024,6,Jun,Q2,Kharif,Punjab,Patiala,SSP,Phosphatic,86,370.44,0.118,31857.84,17200,14657.84,Government Scheme,SR-027,Medium Farmer,No
TXN00829,5/25/2024,2024,5,May,Q2,Kharif,Rajasthan,Kota,Urea,Nitrogenous,292,594.6,0.009,173623.2,81760,91863.2,Dealer,SR-017,Small Farmer,No
TXN00830,5/20/2024,2024,5,May,Q2,Kharif,Bihar,Patna,Zinc Sulphate,Micronutrient,348,319.9,0.086,111325.2,62640,48685.2,Government Scheme,SR-012,Large Farmer,No
TXN00831,6/17/2022,2022,6,Jun,Q2,Kharif,Andhra Pradesh,Guntur,DAP,Phosphatic,389,1243.35,0.079,483663.15,350100,133563.15,Direct Farm,SR-026,Medium Farmer,No
TXN00832,4/3/2022,2022,4,Apr,Q2,Kharif,Punjab,Patiala,SSP,Phosphatic,170,390.6,0.07,66402,34000,32402,Cooperative Society,SR-025,Cooperative,No
TXN00833,6/27/2023,2023,6,Jun,Q2,Kharif,Maharashtra,Nashik,NPK 10-26-26,Complex,104,1189.2,0.009,123676.8,85280,38396.8,Online Portal,SR-009,Small Farmer,No
TXN00834,12/30/2024,2024,12,Dec,Q4,Rabi,Uttar Pradesh,Lucknow,Calcium Nitrate,Nitrogenous,69,848.3,0.002,58532.7,34500,24032.7,Cooperative Society,SR-015,Cooperative,No
TXN00835,9/23/2024,2024,9,Sep,Q3,Rabi,Rajasthan,Kota,Ammonium Sulphate,Nitrogenous,363,597.35,0.081,216838.05,127050,89788.05,Cooperative Society,SR-026,Large Farmer,No
TXN00836,9/14/2022,2022,9,Sep,Q3,Rabi,Haryana,Gurugram,NPK 10-26-26,Complex,67,1082.4,0.098,72520.8,54940,17580.8,Direct Farm,SR-028,Small Farmer,No
TXN00837,9/12/2024,2024,9,Sep,Q3,Rabi,Haryana,Faridabad,Calcium Nitrate,Nitrogenous,441,786.25,0.075,346736.25,220500,126236.25,Online Portal,SR-007,Small Farmer,No
TXN00838,8/7/2024,2024,8,Aug,Q3,Kharif,Haryana,Hisar,Calcium Nitrate,Nitrogenous,21,838.1,0.014,17600.1,10500,7100.1,Direct Farm,SR-024,Cooperative,No
TXN00839,8/23/2024,2024,8,Aug,Q3,Kharif,Uttar Pradesh,Varanasi,NPK 10-26-26,Complex,113,1158,0.035,130854,92660,38194,Cooperative Society,SR-002,Large Farmer,No
TXN00840,7/30/2022,2022,7,Jul,Q3,Kharif,Bihar,Bhagalpur,Zinc Sulphate,Micronutrient,387,325.85,0.069,126103.95,69660,56443.95,Online Portal,SR-010,Small Farmer,No
TXN00841,3/29/2024,2024,3,Mar,Q1,Kharif,Gujarat,Gandhinagar,Zinc Sulphate,Micronutrient,128,319.9,0.086,40947.2,23040,17907.2,Online Portal,SR-001,Cooperative,No
TXN00842,10/9/2023,2023,10,Oct,Q4,Rabi,Andhra Pradesh,Guntur,SSP,Phosphatic,467,387.24,0.078,180841.08,93400,87441.08,Cooperative Society,SR-004,Cooperative,No
TXN00843,12/12/2023,2023,12,Dec,Q4,Rabi,Gujarat,Rajkot,Urea,Nitrogenous,92,579,0.035,53268,25760,27508,Direct Farm,SR-016,Large Farmer,No
TXN00844,4/21/2023,2023,4,Apr,Q2,Kharif,Andhra Pradesh,Visakhapatnam,Ammonium Sulphate,Nitrogenous,481,603.2,0.072,290139.2,168350,121789.2,Cooperative Society,SR-005,Large Farmer,No
TXN00845,5/3/2024,2024,5,May,Q2,Kharif,Maharashtra,Nagpur,MOP,Potassic,328,877.5,0.025,287820,196800,91020,Dealer,SR-022,Cooperative,No
TXN00846,12/21/2022,2022,12,Dec,Q4,Rabi,Madhya Pradesh,Indore,Zinc Sulphate,Micronutrient,61,316.75,0.095,19321.75,10980,8341.75,Cooperative Society,SR-010,Medium Farmer,No
TXN00847,2/14/2025,2025,2,Feb,Q1,Rabi,Uttar Pradesh,Lucknow,Ammonium Sulphate,Nitrogenous,461,629.85,0.031,290360.85,161350,129010.85,Direct Farm,SR-006,Small Farmer,No
TXN00848,11/23/2023,2023,11,Nov,Q4,Rabi,Bihar,Patna,NPK 10-26-26,Complex,71,1119.6,0.067,79491.6,58220,21271.6,Cooperative Society,SR-009,Large Farmer,No
TXN00849,4/6/2022,2022,4,Apr,Q2,Kharif,Andhra Pradesh,Kurnool,MOP,Potassic,446,825.3,0.083,368083.8,267600,100483.8,Online Portal,SR-020,Small Farmer,No
TXN00850,6/15/2024,2024,6,Jun,Q2,Kharif,Gujarat,Ahmedabad,DAP,Phosphatic,410,1251.45,0.073,513094.5,369000,144094.5,Dealer,SR-027,Small Farmer,No
TXN00851,8/4/2022,2022,8,Aug,Q3,Kharif,Haryana,Gurugram,NPK 10-26-26,Complex,476,1148.4,0.043,546638.4,390320,156318.4,Government Scheme,SR-023,Cooperative,No
TXN00852,10/17/2024,2024,10,Oct,Q4,Rabi,Punjab,Amritsar,Ammonium Sulphate,Nitrogenous,181,586.3,0.098,106120.3,63350,42770.3,Dealer,SR-028,Medium Farmer,No
TXN00853,5/1/2024,2024,5,May,Q2,Kharif,Uttar Pradesh,Agra,Zinc Sulphate,Micronutrient,184,338.1,0.034,62210.4,33120,29090.4,Direct Farm,SR-003,Large Farmer,No
TXN00854,4/29/2024,2024,4,Apr,Q2,Kharif,Maharashtra,Nashik,MOP,Potassic,395,819,0.09,323505,237000,86505,Cooperative Society,SR-026,Medium Farmer,No
TXN00855,5/28/2024,2024,5,May,Q2,Kharif,Bihar,Bhagalpur,Zinc Sulphate,Micronutrient,497,314.3,0.102,156207.1,89460,66747.1,Government Scheme,SR-001,Cooperative,No
TXN00856,1/21/2022,2022,1,Jan,Q1,Rabi,Andhra Pradesh,Guntur,DAP,Phosphatic,183,1298.7,0.038,237662.1,164700,72962.1,Direct Farm,SR-014,Small Farmer,No
TXN00857,3/17/2022,2022,3,Mar,Q1,Kharif,Haryana,Rohtak,Urea,Nitrogenous,333,529.2,0.118,176223.6,93240,82983.6,Online Portal,SR-010,Cooperative,No
TXN00858,2/7/2025,2025,2,Feb,Q1,Rabi,Rajasthan,Udaipur,Ammonium Sulphate,Nitrogenous,14,585.65,0.099,8199.1,4900,3299.1,Online Portal,SR-020,Medium Farmer,No
TXN00859,7/2/2024,2024,7,Jul,Q3,Kharif,Madhya Pradesh,Ujjain,Zinc Sulphate,Micronutrient,367,335.65,0.041,123183.55,66060,57123.55,Cooperative Society,SR-025,Medium Farmer,No
TXN00860,6/22/2022,2022,6,Jun,Q2,Kharif,Uttar Pradesh,Meerut,Ammonium Sulphate,Nitrogenous,209,593.45,0.087,124031.05,73150,50881.05,Direct Farm,SR-017,Large Farmer,No
TXN00861,7/10/2022,2022,7,Jul,Q3,Kharif,Andhra Pradesh,Nellore,SSP,Phosphatic,276,402.78,0.041,111167.28,55200,55967.28,Direct Farm,SR-001,Small Farmer,No
TXN00862,4/28/2025,2025,4,Apr,Q2,Kharif,Rajasthan,Jodhpur,SSP,Phosphatic,381,398.58,0.051,151858.98,76200,75658.98,Online Portal,SR-004,Small Farmer,No
TXN00863,6/16/2023,2023,6,Jun,Q2,Kharif,Andhra Pradesh,Kurnool,DAP,Phosphatic,34,1227.15,0.091,41723.1,30600,11123.1,Dealer,SR-015,Large Farmer,No
TXN00864,1/11/2022,2022,1,Jan,Q1,Rabi,Gujarat,Vadodara,NPK 10-26-26,Complex,422,1093.2,0.089,461330.4,346040,115290.4,Online Portal,SR-019,Medium Farmer,No
TXN00865,9/5/2023,2023,9,Sep,Q3,Rabi,Rajasthan,Kota,MOP,Potassic,375,859.5,0.045,322312.5,225000,97312.5,Direct Farm,SR-004,Large Farmer,No
TXN00866,4/7/2025,2025,4,Apr,Q2,Kharif,Madhya Pradesh,Gwalior,Zinc Sulphate,Micronutrient,60,343.7,0.018,20622,10800,9822,Cooperative Society,SR-027,Cooperative,No
TXN00867,7/8/2022,2022,7,Jul,Q3,Kharif,Uttar Pradesh,Varanasi,MOP,Potassic,253,876.6,0.026,221779.8,151800,69979.8,Dealer,SR-012,Cooperative,No
TXN00868,2/18/2025,2025,2,Feb,Q1,Rabi,Andhra Pradesh,Vijayawada,SSP,Phosphatic,309,394.8,0.06,121993.2,61800,60193.2,Cooperative Society,SR-015,Cooperative,No
TXN00869,11/30/2022,2022,11,Nov,Q4,Rabi,Haryana,Rohtak,MOP,Potassic,258,823.5,0.085,212463,154800,57663,Direct Farm,SR-023,Small Farmer,No
TXN00870,7/21/2024,2024,7,Jul,Q3,Kharif,Gujarat,Ahmedabad,MOP,Potassic,493,839.7,0.067,413972.1,295800,118172.1,Dealer,SR-020,Cooperative,No
TXN00871,9/5/2022,2022,9,Sep,Q3,Rabi,Maharashtra,Kolhapur,SSP,Phosphatic,30,393.54,0.063,11806.2,6000,5806.2,Dealer,SR-012,Large Farmer,No
TXN00872,9/14/2023,2023,9,Sep,Q3,Rabi,Rajasthan,Ajmer,Urea,Nitrogenous,415,589.8,0.017,244767,116200,128567,Online Portal,SR-014,Small Farmer,No
TXN00873,8/4/2023,2023,8,Aug,Q3,Kharif,Madhya Pradesh,Indore,Zinc Sulphate,Micronutrient,11,344.75,0.015,3792.25,1980,1812.25,Government Scheme,SR-003,Small Farmer,No
TXN00874,9/12/2024,2024,9,Sep,Q3,Rabi,Karnataka,Hubli,Zinc Sulphate,Micronutrient,470,335.65,0.041,157755.5,84600,73155.5,Cooperative Society,SR-016,Medium Farmer,No
TXN00875,10/30/2024,2024,10,Oct,Q4,Rabi,Gujarat,Rajkot,Zinc Sulphate,Micronutrient,86,313.6,0.104,26969.6,15480,11489.6,Government Scheme,SR-003,Cooperative,No
TXN00876,4/22/2023,2023,4,Apr,Q2,Kharif,Bihar,Gaya,Urea,Nitrogenous,500,552,0.08,276000,140000,136000,Cooperative Society,SR-024,Large Farmer,Yes
TXN00877,7/1/2022,2022,7,Jul,Q3,Kharif,Haryana,Gurugram,SSP,Phosphatic,297,387.66,0.077,115135.02,59400,55735.02,Online Portal,SR-003,Medium Farmer,No
TXN00878,1/14/2025,2025,1,Jan,Q1,Rabi,Karnataka,Bengaluru,NPK 10-26-26,Complex,394,1131.6,0.057,445850.4,323080,122770.4,Dealer,SR-004,Medium Farmer,No
TXN00879,7/18/2023,2023,7,Jul,Q3,Kharif,Madhya Pradesh,Indore,Zinc Sulphate,Micronutrient,53,316.05,0.097,16750.65,9540,7210.65,Online Portal,SR-011,Cooperative,No
TXN00880,4/3/2022,2022,4,Apr,Q2,Kharif,Gujarat,Ahmedabad,Ammonium Sulphate,Nitrogenous,233,635.7,0.022,148118.1,81550,66568.1,Dealer,SR-028,Large Farmer,No
TXN00881,6/11/2023,2023,6,Jun,Q2,Kharif,Punjab,Ludhiana,DAP,Phosphatic,287,1323,0.02,379701,258300,121401,Direct Farm,SR-006,Large Farmer,No
TXN00882,11/12/2022,2022,11,Nov,Q4,Rabi,Rajasthan,Ajmer,MOP,Potassic,40,833.4,0.074,33336,24000,9336,Government Scheme,SR-006,Small Farmer,No
TXN00883,9/3/2023,2023,9,Sep,Q3,Rabi,Bihar,Patna,Ammonium Sulphate,Nitrogenous,82,617.5,0.05,50635,28700,21935,Government Scheme,SR-009,Cooperative,No
TXN00884,4/17/2022,2022,4,Apr,Q2,Kharif,Madhya Pradesh,Indore,NPK 10-26-26,Complex,262,1126.8,0.061,295221.6,214840,80381.6,Online Portal,SR-013,Small Farmer,No
TXN00885,5/5/2022,2022,5,May,Q2,Kharif,Maharashtra,Nagpur,Calcium Nitrate,Nitrogenous,43,800.7,0.058,34430.1,21500,12930.1,Cooperative Society,SR-021,Medium Farmer,No
TXN00886,7/6/2023,2023,7,Jul,Q3,Kharif,Andhra Pradesh,Nellore,DAP,Phosphatic,136,1225.8,0.092,166708.8,122400,44308.8,Direct Farm,SR-010,Cooperative,No
TXN00887,6/21/2022,2022,6,Jun,Q2,Kharif,Andhra Pradesh,Visakhapatnam,MOP,Potassic,201,841.5,0.065,169141.5,120600,48541.5,Direct Farm,SR-026,Medium Farmer,No
TXN00888,5/17/2024,2024,5,May,Q2,Kharif,Andhra Pradesh,Vijayawada,Urea,Nitrogenous,10,541.2,0.098,5412,2800,2612,Online Portal,SR-010,Medium Farmer,No
TXN00889,5/4/2022,2022,5,May,Q2,Kharif,Gujarat,Vadodara,SSP,Phosphatic,439,385.56,0.082,169260.84,87800,81460.84,Government Scheme,SR-027,Medium Farmer,No
TXN00890,11/11/2024,2024,11,Nov,Q4,Rabi,Rajasthan,Jaipur,MOP,Potassic,388,842.4,0.064,326851.2,232800,94051.2,Dealer,SR-010,Small Farmer,No
TXN00891,9/9/2022,2022,9,Sep,Q3,Rabi,Haryana,Rohtak,SSP,Phosphatic,459,398.16,0.052,182755.44,91800,90955.44,Online Portal,SR-017,Large Farmer,No
TXN00892,6/20/2023,2023,6,Jun,Q2,Kharif,Gujarat,Vadodara,NPK 10-26-26,Complex,349,1058.4,0.118,369381.6,286180,83201.6,Government Scheme,SR-007,Cooperative,No
TXN00893,11/4/2023,2023,11,Nov,Q4,Rabi,Uttar Pradesh,Agra,Urea,Nitrogenous,321,565.8,0.057,181621.8,89880,91741.8,Dealer,SR-022,Medium Farmer,No
TXN00894,2/12/2025,2025,2,Feb,Q1,Rabi,Gujarat,Rajkot,DAP,Phosphatic,413,1208.25,0.105,499007.25,371700,127307.25,Dealer,SR-018,Small Farmer,No
TXN00895,9/10/2022,2022,9,Sep,Q3,Rabi,Maharashtra,Nagpur,Ammonium Sulphate,Nitrogenous,208,636.35,0.021,132360.8,72800,59560.8,Dealer,SR-004,Cooperative,No
TXN00896,1/31/2023,2023,1,Jan,Q1,Rabi,Gujarat,Ahmedabad,NPK 10-26-26,Complex,390,1197.6,0.002,467064,319800,147264,Government Scheme,SR-022,Large Farmer,No
TXN00897,7/4/2022,2022,7,Jul,Q3,Kharif,Karnataka,Hubli,NPK 10-26-26,Complex,129,1058.4,0.118,136533.6,105780,30753.6,Government Scheme,SR-002,Large Farmer,No
TXN00898,3/5/2023,2023,3,Mar,Q1,Kharif,Uttar Pradesh,Agra,Calcium Nitrate,Nitrogenous,66,761.6,0.104,50265.6,33000,17265.6,Online Portal,SR-017,Cooperative,No
TXN00899,2/4/2025,2025,2,Feb,Q1,Rabi,Madhya Pradesh,Ujjain,MOP,Potassic,43,836.1,0.071,35952.3,25800,10152.3,Dealer,SR-005,Large Farmer,No
TXN00900,4/12/2023,2023,4,Apr,Q2,Kharif,Andhra Pradesh,Kurnool,NPK 10-26-26,Complex,444,1102.8,0.081,489643.2,364080,125563.2,Online Portal,SR-020,Large Farmer,No
TXN00901,7/18/2024,2024,7,Jul,Q3,Kharif,Uttar Pradesh,Varanasi,Urea,Nitrogenous,447,532.2,0.113,237893.4,125160,112733.4,Cooperative Society,SR-028,Cooperative,No
TXN00902,9/7/2022,2022,9,Sep,Q3,Rabi,Andhra Pradesh,Vijayawada,Zinc Sulphate,Micronutrient,195,328.3,0.062,64018.5,35100,28918.5,Dealer,SR-029,Medium Farmer,No
TXN00903,7/24/2023,2023,7,Jul,Q3,Kharif,Bihar,Darbhanga,Zinc Sulphate,Micronutrient,171,349.65,0.001,59790.15,30780,29010.15,Direct Farm,SR-011,Small Farmer,No
TXN00904,2/21/2022,2022,2,Feb,Q1,Rabi,Madhya Pradesh,Jabalpur,DAP,Phosphatic,479,1309.5,0.03,627250.5,431100,196150.5,Direct Farm,SR-011,Large Farmer,No
TXN00905,7/18/2022,2022,7,Jul,Q3,Kharif,Uttar Pradesh,Varanasi,Calcium Nitrate,Nitrogenous,423,847.45,0.003,358471.35,211500,146971.35,Government Scheme,SR-027,Large Farmer,No
TXN00906,8/9/2022,2022,8,Aug,Q3,Kharif,Gujarat,Surat,Ammonium Sulphate,Nitrogenous,436,645.45,0.007,281416.2,152600,128816.2,Government Scheme,SR-017,Medium Farmer,No
TXN00907,6/17/2024,2024,6,Jun,Q2,Kharif,Punjab,Patiala,DAP,Phosphatic,53,1192.05,0.117,63178.65,47700,15478.65,Dealer,SR-013,Large Farmer,No
TXN00908,9/19/2022,2022,9,Sep,Q3,Rabi,Uttar Pradesh,Varanasi,Urea,Nitrogenous,164,556.2,0.073,91216.8,45920,45296.8,Cooperative Society,SR-003,Small Farmer,No
TXN00909,2/19/2025,2025,2,Feb,Q1,Rabi,Uttar Pradesh,Kanpur,Calcium Nitrate,Nitrogenous,215,840.65,0.011,180739.75,107500,73239.75,Cooperative Society,SR-008,Small Farmer,No
TXN00910,2/26/2024,2024,2,Feb,Q1,Rabi,Gujarat,Rajkot,DAP,Phosphatic,183,1244.7,0.078,227780.1,164700,63080.1,Dealer,SR-015,Large Farmer,No
TXN00911,1/30/2023,2023,1,Jan,Q1,Rabi,Punjab,Ludhiana,Urea,Nitrogenous,314,548.4,0.086,172197.6,87920,84277.6,Online Portal,SR-026,Medium Farmer,No
TXN00912,9/16/2022,2022,9,Sep,Q3,Rabi,Andhra Pradesh,Kurnool,Ammonium Sulphate,Nitrogenous,225,612.3,0.058,137767.5,78750,59017.5,Online Portal,SR-015,Medium Farmer,No
TXN00913,10/9/2022,2022,10,Oct,Q4,Rabi,Uttar Pradesh,Lucknow,MOP,Potassic,169,837,0.07,141453,101400,40053,Online Portal,SR-021,Large Farmer,No
TXN00914,4/10/2025,2025,4,Apr,Q2,Kharif,Andhra Pradesh,Visakhapatnam,MOP,Potassic,250,866.7,0.037,216675,150000,66675,Government Scheme,SR-010,Large Farmer,No
TXN00915,11/26/2024,2024,11,Nov,Q4,Rabi,Karnataka,Mysuru,Urea,Nitrogenous,131,563.4,0.061,73805.4,36680,37125.4,Online Portal,SR-028,Small Farmer,No
TXN00916,12/6/2023,2023,12,Dec,Q4,Rabi,Madhya Pradesh,Indore,NPK 10-26-26,Complex,412,1190.4,0.008,490444.8,337840,152604.8,Direct Farm,SR-022,Cooperative,No
TXN00917,11/10/2023,2023,11,Nov,Q4,Rabi,Karnataka,Belagavi,Ammonium Sulphate,Nitrogenous,325,626.6,0.036,203645,113750,89895,Government Scheme,SR-006,Small Farmer,No
TXN00918,3/28/2022,2022,3,Mar,Q1,Kharif,Gujarat,Surat,Urea,Nitrogenous,337,583.8,0.027,196740.6,94360,102380.6,Direct Farm,SR-015,Medium Farmer,No
TXN00919,9/11/2024,2024,9,Sep,Q3,Rabi,Maharashtra,Nagpur,NPK 10-26-26,Complex,214,1173.6,0.022,251150.4,175480,75670.4,Dealer,SR-012,Small Farmer,No
TXN00920,1/3/2024,2024,1,Jan,Q1,Rabi,Uttar Pradesh,Meerut,DAP,Phosphatic,82,1302.75,0.035,106825.5,73800,33025.5,Direct Farm,SR-021,Large Farmer,No
TXN00921,3/2/2022,2022,3,Mar,Q1,Kharif,Madhya Pradesh,Indore,SSP,Phosphatic,99,409.08,0.026,40498.92,19800,20698.92,Government Scheme,SR-024,Medium Farmer,No
TXN00922,2/9/2025,2025,2,Feb,Q1,Rabi,Madhya Pradesh,Indore,NPK 10-26-26,Complex,21,1174.8,0.021,24670.8,17220,7450.8,Government Scheme,SR-030,Small Farmer,No
TXN00923,10/9/2022,2022,10,Oct,Q4,Rabi,Bihar,Patna,Ammonium Sulphate,Nitrogenous,489,633.75,0.025,309903.75,171150,138753.75,Cooperative Society,SR-008,Large Farmer,No
TXN00924,12/17/2022,2022,12,Dec,Q4,Rabi,Andhra Pradesh,Nellore,Calcium Nitrate,Nitrogenous,459,777.75,0.085,356987.25,229500,127487.25,Dealer,SR-005,Medium Farmer,No
TXN00925,1/28/2023,2023,1,Jan,Q1,Rabi,Andhra Pradesh,Vijayawada,Ammonium Sulphate,Nitrogenous,172,603.2,0.072,103750.4,60200,43550.4,Direct Farm,SR-030,Small Farmer,No
TXN00926,4/17/2025,2025,4,Apr,Q2,Kharif,Madhya Pradesh,Ujjain,SSP,Phosphatic,414,412.44,0.018,170750.16,82800,87950.16,Direct Farm,SR-002,Large Farmer,No
TXN00927,11/6/2024,2024,11,Nov,Q4,Rabi,Karnataka,Mangaluru,NPK 10-26-26,Complex,382,1188,0.01,453816,313240,140576,Cooperative Society,SR-026,Small Farmer,No
TXN00928,11/7/2024,2024,11,Nov,Q4,Rabi,Bihar,Darbhanga,Ammonium Sulphate,Nitrogenous,265,609.7,0.062,161570.5,92750,68820.5,Direct Farm,SR-011,Large Farmer,No
TXN00929,9/16/2024,2024,9,Sep,Q3,Rabi,Gujarat,Rajkot,SSP,Phosphatic,307,399.84,0.048,122750.88,61400,61350.88,Online Portal,SR-021,Small Farmer,No
TXN00930,3/26/2023,2023,3,Mar,Q1,Kharif,Madhya Pradesh,Jabalpur,NPK 10-26-26,Complex,212,1168.8,0.026,247785.6,173840,73945.6,Cooperative Society,SR-029,Cooperative,No
TXN00931,11/18/2022,2022,11,Nov,Q4,Rabi,Maharashtra,Aurangabad,DAP,Phosphatic,78,1228.5,0.09,95823,70200,25623,Government Scheme,SR-015,Large Farmer,No
TXN00932,4/10/2025,2025,4,Apr,Q2,Kharif,Uttar Pradesh,Varanasi,Ammonium Sulphate,Nitrogenous,228,614.9,0.054,140197.2,79800,60397.2,Cooperative Society,SR-014,Large Farmer,No
TXN00933,10/12/2023,2023,10,Oct,Q4,Rabi,Rajasthan,Ajmer,Urea,Nitrogenous,101,568.2,0.053,57388.2,28280,29108.2,Government Scheme,SR-021,Small Farmer,No
TXN00934,6/18/2022,2022,6,Jun,Q2,Kharif,Rajasthan,Kota,DAP,Phosphatic,412,1305.45,0.033,537845.4,370800,167045.4,Direct Farm,SR-004,Small Farmer,No
TXN00935,1/8/2024,2024,1,Jan,Q1,Rabi,Uttar Pradesh,Meerut,NPK 10-26-26,Complex,180,1171.2,0.024,210816,147600,63216,Government Scheme,SR-009,Large Farmer,No
TXN00936,1/26/2023,2023,1,Jan,Q1,Rabi,Karnataka,Mysuru,SSP,Phosphatic,14,381.36,0.092,5339.04,2800,2539.04,Government Scheme,SR-027,Large Farmer,No
TXN00937,4/10/2024,2024,4,Apr,Q2,Kharif,Karnataka,Bengaluru,Zinc Sulphate,Micronutrient,344,328.3,0.062,112935.2,61920,51015.2,Direct Farm,SR-028,Cooperative,No
TXN00938,4/10/2023,2023,4,Apr,Q2,Kharif,Madhya Pradesh,Jabalpur,NPK 10-26-26,Complex,274,1116,0.07,305784,224680,81104,Online Portal,SR-025,Cooperative,No
TXN00939,11/29/2023,2023,11,Nov,Q4,Rabi,Punjab,Jalandhar,NPK 10-26-26,Complex,229,1089.6,0.092,249518.4,187780,61738.4,Cooperative Society,SR-007,Cooperative,No
TXN00940,2/17/2025,2025,2,Feb,Q1,Rabi,Uttar Pradesh,Kanpur,MOP,Potassic,305,805.5,0.105,245677.5,183000,62677.5,Government Scheme,SR-024,Small Farmer,No
TXN00941,12/28/2023,2023,12,Dec,Q4,Rabi,Maharashtra,Nashik,Calcium Nitrate,Nitrogenous,227,780.3,0.082,177128.1,113500,63628.1,Cooperative Society,SR-025,Large Farmer,No
TXN00942,4/17/2025,2025,4,Apr,Q2,Kharif,Uttar Pradesh,Meerut,Urea,Nitrogenous,482,589.8,0.017,284283.6,134960,149323.6,Government Scheme,SR-019,Cooperative,No
TXN00943,2/23/2023,2023,2,Feb,Q1,Rabi,Bihar,Patna,Calcium Nitrate,Nitrogenous,106,801.55,0.057,84964.3,53000,31964.3,Government Scheme,SR-019,Cooperative,Yes
TXN00944,9/16/2023,2023,9,Sep,Q3,Rabi,Punjab,Amritsar,DAP,Phosphatic,355,1260.9,0.066,447619.5,319500,128119.5,Dealer,SR-027,Cooperative,No
TXN00945,1/18/2023,2023,1,Jan,Q1,Rabi,Madhya Pradesh,Bhopal,Calcium Nitrate,Nitrogenous,155,828.75,0.025,128456.25,77500,50956.25,Government Scheme,SR-022,Small Farmer,No
TXN00946,4/28/2022,2022,4,Apr,Q2,Kharif,Maharashtra,Kolhapur,Urea,Nitrogenous,97,576.6,0.039,55930.2,27160,28770.2,Cooperative Society,SR-013,Medium Farmer,No
TXN00947,9/22/2022,2022,9,Sep,Q3,Rabi,Andhra Pradesh,Vijayawada,Zinc Sulphate,Micronutrient,390,347.2,0.008,135408,70200,65208,Direct Farm,SR-005,Medium Farmer,No
TXN00948,6/4/2024,2024,6,Jun,Q2,Kharif,Gujarat,Surat,SSP,Phosphatic,310,409.92,0.024,127075.2,62000,65075.2,Cooperative Society,SR-009,Medium Farmer,No
TXN00949,10/20/2022,2022,10,Oct,Q4,Rabi,Gujarat,Ahmedabad,Calcium Nitrate,Nitrogenous,319,767.55,0.097,244848.45,159500,85348.45,Online Portal,SR-011,Cooperative,No
TXN00950,8/5/2024,2024,8,Aug,Q3,Kharif,Karnataka,Bengaluru,DAP,Phosphatic,157,1244.7,0.078,195417.9,141300,54117.9,Cooperative Society,SR-012,Large Farmer,No
TXN00951,12/25/2022,2022,12,Dec,Q4,Rabi,Bihar,Muzaffarpur,MOP,Potassic,470,833.4,0.074,391698,282000,109698,Cooperative Society,SR-015,Cooperative,No
TXN00952,3/10/2025,2025,3,Mar,Q1,Kharif,Punjab,Patiala,Urea,Nitrogenous,132,536.4,0.106,70804.8,36960,33844.8,Direct Farm,SR-009,Large Farmer,No
TXN00953,3/21/2023,2023,3,Mar,Q1,Kharif,Gujarat,Rajkot,DAP,Phosphatic,198,1337.85,0.009,264894.3,178200,86694.3,Dealer,SR-017,Large Farmer,No
TXN00954,7/12/2024,2024,7,Jul,Q3,Kharif,Haryana,Ambala,NPK 10-26-26,Complex,269,1194,0.005,321186,220580,100606,Dealer,SR-003,Cooperative,No
TXN00955,12/5/2023,2023,12,Dec,Q4,Rabi,Bihar,Muzaffarpur,Calcium Nitrate,Nitrogenous,29,849.15,0.001,24625.35,14500,10125.35,Dealer,SR-023,Medium Farmer,No
TXN00956,8/8/2024,2024,8,Aug,Q3,Kharif,Gujarat,Rajkot,DAP,Phosphatic,52,1260.9,0.066,65566.8,46800,18766.8,Direct Farm,SR-023,Cooperative,No
TXN00957,8/22/2024,2024,8,Aug,Q3,Kharif,Rajasthan,Jodhpur,MOP,Potassic,439,898.2,0.002,394309.8,263400,130909.8,Dealer,SR-006,Large Farmer,No
TXN00958,12/30/2024,2024,12,Dec,Q4,Rabi,Bihar,Muzaffarpur,DAP,Phosphatic,353,1225.8,0.092,432707.4,317700,115007.4,Government Scheme,SR-005,Cooperative,No
TXN00959,12/31/2022,2022,12,Dec,Q4,Rabi,Madhya Pradesh,Bhopal,NPK 10-26-26,Complex,236,1099.2,0.084,259411.2,193520,65891.2,Online Portal,SR-021,Small Farmer,No
TXN00960,9/24/2023,2023,9,Sep,Q3,Rabi,Gujarat,Ahmedabad,Urea,Nitrogenous,34,544.2,0.093,18502.8,9520,8982.8,Direct Farm,SR-030,Medium Farmer,No
TXN00961,5/4/2023,2023,5,May,Q2,Kharif,Madhya Pradesh,Bhopal,Urea,Nitrogenous,225,598.2,0.003,134595,63000,71595,Dealer,SR-011,Medium Farmer,No
TXN00962,3/28/2023,2023,3,Mar,Q1,Kharif,Punjab,Amritsar,MOP,Potassic,32,855,0.05,27360,19200,8160,Dealer,SR-027,Large Farmer,No
TXN00963,2/25/2025,2025,2,Feb,Q1,Rabi,Madhya Pradesh,Ujjain,NPK 10-26-26,Complex,488,1122,0.065,547536,400160,147376,Cooperative Society,SR-004,Medium Farmer,No
TXN00964,8/5/2022,2022,8,Aug,Q3,Kharif,Maharashtra,Aurangabad,MOP,Potassic,17,856.8,0.048,14565.6,10200,4365.6,Government Scheme,SR-001,Cooperative,No
TXN00965,7/28/2024,2024,7,Jul,Q3,Kharif,Madhya Pradesh,Bhopal,SSP,Phosphatic,342,388.5,0.075,132867,68400,64467,Dealer,SR-003,Medium Farmer,No
TXN00966,9/10/2023,2023,9,Sep,Q3,Rabi,Karnataka,Mangaluru,DAP,Phosphatic,374,1263.6,0.064,472586.4,336600,135986.4,Online Portal,SR-006,Large Farmer,No
TXN00967,10/27/2023,2023,10,Oct,Q4,Rabi,Bihar,Muzaffarpur,Ammonium Sulphate,Nitrogenous,99,600.6,0.076,59459.4,34650,24809.4,Government Scheme,SR-028,Cooperative,No
TXN00968,11/18/2023,2023,11,Nov,Q4,Rabi,Uttar Pradesh,Meerut,Zinc Sulphate,Micronutrient,205,328.65,0.061,67373.25,36900,30473.25,Direct Farm,SR-017,Small Farmer,No
TXN00969,2/13/2022,2022,2,Feb,Q1,Rabi,Karnataka,Bengaluru,SSP,Phosphatic,131,382.62,0.089,50123.22,26200,23923.22,Direct Farm,SR-020,Small Farmer,No
TXN00970,10/9/2022,2022,10,Oct,Q4,Rabi,Maharashtra,Nagpur,SSP,Phosphatic,113,412.44,0.018,46605.72,22600,24005.72,Direct Farm,SR-021,Small Farmer,No
TXN00971,6/27/2024,2024,6,Jun,Q2,Kharif,Maharashtra,Nashik,SSP,Phosphatic,172,387.66,0.077,66677.52,34400,32277.52,Dealer,SR-017,Cooperative,Yes
TXN00972,8/14/2023,2023,8,Aug,Q3,Kharif,Uttar Pradesh,Agra,Ammonium Sulphate,Nitrogenous,185,631.15,0.029,116762.75,64750,52012.75,Online Portal,SR-002,Medium Farmer,No
TXN00973,2/21/2024,2024,2,Feb,Q1,Rabi,Andhra Pradesh,Kurnool,MOP,Potassic,236,831.6,0.076,196257.6,141600,54657.6,Dealer,SR-028,Cooperative,No
TXN00974,1/30/2023,2023,1,Jan,Q1,Rabi,Uttar Pradesh,Agra,NPK 10-26-26,Complex,74,1186.8,0.011,87823.2,60680,27143.2,Online Portal,SR-018,Medium Farmer,No
TXN00975,11/5/2024,2024,11,Nov,Q4,Rabi,Punjab,Patiala,Zinc Sulphate,Micronutrient,169,343,0.02,57967,30420,27547,Direct Farm,SR-008,Cooperative,No
TXN00976,5/25/2023,2023,5,May,Q2,Kharif,Rajasthan,Udaipur,Zinc Sulphate,Micronutrient,335,341.6,0.024,114436,60300,54136,Cooperative Society,SR-003,Large Farmer,No
TXN00977,2/13/2024,2024,2,Feb,Q1,Rabi,Haryana,Hisar,Zinc Sulphate,Micronutrient,226,328.65,0.061,74274.9,40680,33594.9,Cooperative Society,SR-025,Medium Farmer,No
TXN00978,2/10/2022,2022,2,Feb,Q1,Rabi,Bihar,Bhagalpur,DAP,Phosphatic,398,1202.85,0.109,478734.3,358200,120534.3,Government Scheme,SR-020,Medium Farmer,No
TXN00979,12/26/2022,2022,12,Dec,Q4,Rabi,Rajasthan,Ajmer,Zinc Sulphate,Micronutrient,166,331.1,0.054,54962.6,29880,25082.6,Cooperative Society,SR-018,Cooperative,No
TXN00980,11/14/2023,2023,11,Nov,Q4,Rabi,Haryana,Hisar,NPK 10-26-26,Complex,89,1068,0.11,95052,72980,22072,Dealer,SR-001,Large Farmer,No
TXN00981,4/8/2024,2024,4,Apr,Q2,Kharif,Bihar,Bhagalpur,Ammonium Sulphate,Nitrogenous,206,611.65,0.059,125999.9,72100,53899.9,Online Portal,SR-003,Cooperative,No
TXN00982,9/12/2022,2022,9,Sep,Q3,Rabi,Bihar,Darbhanga,MOP,Potassic,109,817.2,0.092,89074.8,65400,23674.8,Government Scheme,SR-025,Large Farmer,No
TXN00983,9/27/2024,2024,9,Sep,Q3,Rabi,Maharashtra,Pune,Calcium Nitrate,Nitrogenous,484,806.65,0.051,390418.6,242000,148418.6,Direct Farm,SR-008,Cooperative,No
TXN00984,1/11/2024,2024,1,Jan,Q1,Rabi,Uttar Pradesh,Agra,SSP,Phosphatic,319,396.9,0.055,126611.1,63800,62811.1,Direct Farm,SR-009,Medium Farmer,No
TXN00985,3/30/2025,2025,3,Mar,Q1,Kharif,Haryana,Gurugram,DAP,Phosphatic,404,1335.15,0.011,539400.6,363600,175800.6,Cooperative Society,SR-013,Small Farmer,No
TXN00986,1/22/2023,2023,1,Jan,Q1,Rabi,Bihar,Muzaffarpur,Calcium Nitrate,Nitrogenous,139,779.45,0.083,108343.55,69500,38843.55,Online Portal,SR-018,Cooperative,No
TXN00987,9/23/2023,2023,9,Sep,Q3,Rabi,Bihar,Patna,DAP,Phosphatic,335,1256.85,0.069,421044.75,301500,119544.75,Government Scheme,SR-027,Medium Farmer,No
TXN00988,3/6/2023,2023,3,Mar,Q1,Kharif,Bihar,Gaya,Urea,Nitrogenous,96,541.2,0.098,51955.2,26880,25075.2,Dealer,SR-004,Small Farmer,No
TXN00989,12/11/2024,2024,12,Dec,Q4,Rabi,Bihar,Gaya,Calcium Nitrate,Nitrogenous,97,832.15,0.021,80718.55,48500,32218.55,Direct Farm,SR-023,Medium Farmer,No
TXN00990,9/23/2024,2024,9,Sep,Q3,Rabi,Haryana,Rohtak,DAP,Phosphatic,240,1258.2,0.068,301968,216000,85968,Direct Farm,SR-006,Medium Farmer,No
TXN00991,1/10/2023,2023,1,Jan,Q1,Rabi,Madhya Pradesh,Gwalior,Calcium Nitrate,Nitrogenous,235,786.25,0.075,184768.75,117500,67268.75,Online Portal,SR-004,Medium Farmer,No
TXN00992,8/24/2023,2023,8,Aug,Q3,Kharif,Punjab,Patiala,DAP,Phosphatic,151,1339.2,0.008,202219.2,135900,66319.2,Dealer,SR-019,Medium Farmer,No
TXN00993,9/20/2024,2024,9,Sep,Q3,Rabi,Punjab,Ludhiana,Urea,Nitrogenous,146,546,0.09,79716,40880,38836,Dealer,SR-022,Small Farmer,No
TXN00994,3/9/2023,2023,3,Mar,Q1,Kharif,Andhra Pradesh,Guntur,Calcium Nitrate,Nitrogenous,318,797.3,0.062,253541.4,159000,94541.4,Government Scheme,SR-030,Cooperative,No
TXN00995,11/22/2023,2023,11,Nov,Q4,Rabi,Karnataka,Mangaluru,Ammonium Sulphate,Nitrogenous,199,596.7,0.082,118743.3,69650,49093.3,Government Scheme,SR-011,Medium Farmer,No
TXN00996,3/27/2024,2024,3,Mar,Q1,Kharif,Bihar,Darbhanga,Urea,Nitrogenous,192,537,0.105,103104,53760,49344,Dealer,SR-001,Cooperative,No
TXN00997,10/12/2022,2022,10,Oct,Q4,Rabi,Uttar Pradesh,Meerut,DAP,Phosphatic,454,1263.6,0.064,573674.4,408600,165074.4,Direct Farm,SR-012,Cooperative,No
TXN00998,8/31/2024,2024,8,Aug,Q3,Kharif,Andhra Pradesh,Vijayawada,NPK 10-26-26,Complex,11,1058.4,0.118,11642.4,9020,2622.4,Government Scheme,SR-001,Large Farmer,No
TXN00999,10/29/2023,2023,10,Oct,Q4,Rabi,Gujarat,Surat,Zinc Sulphate,Micronutrient,214,318.85,0.089,68233.9,38520,29713.9,Dealer,SR-012,Cooperative,No
TXN01000,7/25/2022,2022,7,Jul,Q3,Kharif,Bihar,Gaya,NPK 10-26-26,Complex,374,1179.6,0.017,441170.4,306680,134490.4,Online Portal,SR-029,Small Farmer,No
TXN01001,10/16/2024,2024,10,Oct,Q4,Rabi,Punjab,Jalandhar,Zinc Sulphate,Micronutrient,96,312.2,0.108,29971.2,17280,12691.2,Dealer,SR-016,Medium Farmer,No
TXN01002,3/10/2023,2023,3,Mar,Q1,Kharif,Haryana,Gurugram,DAP,Phosphatic,232,1189.35,0.119,275929.2,208800,67129.2,Dealer,SR-006,Large Farmer,No
TXN01003,7/29/2023,2023,7,Jul,Q3,Kharif,Madhya Pradesh,Gwalior,Zinc Sulphate,Micronutrient,497,312.2,0.108,155163.4,89460,65703.4,Dealer,SR-022,Medium Farmer,No
TXN01004,10/4/2024,2024,10,Oct,Q4,Rabi,Punjab,Jalandhar,NPK 10-26-26,Complex,487,1117.2,0.069,544076.4,399340,144736.4,Online Portal,SR-003,Large Farmer,No
TXN01005,2/21/2024,2024,2,Feb,Q1,Rabi,Andhra Pradesh,Vijayawada,NPK 10-26-26,Complex,124,1162.8,0.031,144187.2,101680,42507.2,Government Scheme,SR-003,Small Farmer,No
TXN01006,11/28/2023,2023,11,Nov,Q4,Rabi,Karnataka,Mysuru,DAP,Phosphatic,303,1290.6,0.044,391051.8,272700,118351.8,Government Scheme,SR-013,Small Farmer,No
TXN01007,5/7/2022,2022,5,May,Q2,Kharif,Karnataka,Belagavi,NPK 10-26-26,Complex,443,1143.6,0.047,506614.8,363260,143354.8,Cooperative Society,SR-011,Large Farmer,No
TXN01008,11/30/2024,2024,11,Nov,Q4,Rabi,Karnataka,Belagavi,NPK 10-26-26,Complex,64,1143.6,0.047,73190.4,52480,20710.4,Online Portal,SR-028,Cooperative,No
TXN01009,10/24/2022,2022,10,Oct,Q4,Rabi,Rajasthan,Jodhpur,Zinc Sulphate,Micronutrient,358,330.75,0.055,118408.5,64440,53968.5,Online Portal,SR-010,Medium Farmer,No
TXN01010,10/18/2023,2023,10,Oct,Q4,Rabi,Rajasthan,Kota,DAP,Phosphatic,150,1188,0.12,178200,135000,43200,Online Portal,SR-016,Medium Farmer,No
TXN01011,8/20/2023,2023,8,Aug,Q3,Kharif,Bihar,Patna,Ammonium Sulphate,Nitrogenous,88,585.65,0.099,51537.2,30800,20737.2,Direct Farm,SR-028,Medium Farmer,No
TXN01012,1/2/2023,2023,1,Jan,Q1,Rabi,Gujarat,Rajkot,SSP,Phosphatic,427,386.82,0.079,165172.14,85400,79772.14,Direct Farm,SR-001,Cooperative,No
TXN01013,5/15/2024,2024,5,May,Q2,Kharif,Gujarat,Vadodara,Calcium Nitrate,Nitrogenous,210,842.35,0.009,176893.5,105000,71893.5,Government Scheme,SR-010,Medium Farmer,No
TXN01014,3/17/2024,2024,3,Mar,Q1,Kharif,Punjab,Amritsar,Ammonium Sulphate,Nitrogenous,395,588.25,0.095,232358.75,138250,94108.75,Dealer,SR-028,Large Farmer,No
TXN01015,12/2/2022,2022,12,Dec,Q4,Rabi,Karnataka,Mysuru,Zinc Sulphate,Micronutrient,366,329.7,0.058,120670.2,65880,54790.2,Direct Farm,SR-007,Medium Farmer,No
TXN01016,1/19/2022,2022,1,Jan,Q1,Rabi,Maharashtra,Kolhapur,DAP,Phosphatic,357,1223.1,0.094,436646.7,321300,115346.7,Direct Farm,SR-013,Cooperative,No
TXN01017,4/26/2022,2022,4,Apr,Q2,Kharif,Punjab,Jalandhar,Zinc Sulphate,Micronutrient,101,310.45,0.113,31355.45,18180,13175.45,Dealer,SR-017,Large Farmer,No
TXN01018,6/7/2024,2024,6,Jun,Q2,Kharif,Haryana,Hisar,NPK 10-26-26,Complex,27,1183.2,0.014,31946.4,22140,9806.4,Cooperative Society,SR-016,Large Farmer,No
TXN01019,12/20/2022,2022,12,Dec,Q4,Rabi,Bihar,Patna,Zinc Sulphate,Micronutrient,452,315.7,0.098,142696.4,81360,61336.4,Cooperative Society,SR-009,Cooperative,No
TXN01020,1/24/2022,2022,1,Jan,Q1,Rabi,Punjab,Ludhiana,DAP,Phosphatic,72,1270.35,0.059,91465.2,64800,26665.2,Online Portal,SR-008,Small Farmer,No
TXN01021,3/19/2025,2025,3,Mar,Q1,Kharif,Karnataka,Mangaluru,SSP,Phosphatic,365,382.62,0.089,139656.3,73000,66656.3,Online Portal,SR-006,Cooperative,No
TXN01022,6/7/2024,2024,6,Jun,Q2,Kharif,Rajasthan,Kota,MOP,Potassic,60,864.9,0.039,51894,36000,15894,Online Portal,SR-006,Cooperative,No
TXN01023,3/17/2024,2024,3,Mar,Q1,Kharif,Andhra Pradesh,Nellore,Zinc Sulphate,Micronutrient,42,328.3,0.062,13788.6,7560,6228.6,Online Portal,SR-018,Small Farmer,No
TXN01024,8/29/2022,2022,8,Aug,Q3,Kharif,Haryana,Rohtak,MOP,Potassic,12,839.7,0.067,10076.4,7200,2876.4,Government Scheme,SR-004,Small Farmer,No
TXN01025,3/23/2025,2025,3,Mar,Q1,Kharif,Madhya Pradesh,Indore,DAP,Phosphatic,297,1308.15,0.031,388520.55,267300,121220.55,Dealer,SR-003,Small Farmer,No
TXN01026,9/4/2023,2023,9,Sep,Q3,Rabi,Maharashtra,Kolhapur,MOP,Potassic,226,794.7,0.117,179602.2,135600,44002.2,Dealer,SR-008,Large Farmer,No
TXN01027,11/29/2024,2024,11,Nov,Q4,Rabi,Rajasthan,Kota,Zinc Sulphate,Micronutrient,81,325.85,0.069,26393.85,14580,11813.85,Government Scheme,SR-017,Large Farmer,No
TXN01028,1/7/2025,2025,1,Jan,Q1,Rabi,Andhra Pradesh,Visakhapatnam,DAP,Phosphatic,349,1217.7,0.098,424977.3,314100,110877.3,Direct Farm,SR-002,Medium Farmer,No
TXN01029,9/6/2023,2023,9,Sep,Q3,Rabi,Madhya Pradesh,Indore,NPK 10-26-26,Complex,312,1148.4,0.043,358300.8,255840,102460.8,Direct Farm,SR-024,Cooperative,No
TXN01030,1/31/2025,2025,1,Jan,Q1,Rabi,Rajasthan,Udaipur,Calcium Nitrate,Nitrogenous,342,758.2,0.108,259304.4,171000,88304.4,Cooperative Society,SR-015,Small Farmer,No
TXN01031,5/21/2024,2024,5,May,Q2,Kharif,Haryana,Rohtak,NPK 10-26-26,Complex,46,1108.8,0.076,51004.8,37720,13284.8,Government Scheme,SR-021,Medium Farmer,No
TXN01032,2/28/2025,2025,2,Feb,Q1,Rabi,Andhra Pradesh,Nellore,MOP,Potassic,224,810.9,0.099,181641.6,134400,47241.6,Government Scheme,SR-026,Cooperative,No
TXN01033,2/23/2022,2022,2,Feb,Q1,Rabi,Karnataka,Mysuru,DAP,Phosphatic,148,1329.75,0.015,196803,133200,63603,Dealer,SR-022,Cooperative,No
TXN01034,11/6/2023,2023,11,Nov,Q4,Rabi,Punjab,Jalandhar,Ammonium Sulphate,Nitrogenous,408,628.55,0.033,256448.4,142800,113648.4,Direct Farm,SR-009,Small Farmer,No
TXN01035,2/12/2024,2024,2,Feb,Q1,Rabi,Madhya Pradesh,Jabalpur,DAP,Phosphatic,410,1200.15,0.111,492061.5,369000,123061.5,Direct Farm,SR-017,Large Farmer,No
TXN01036,9/29/2024,2024,9,Sep,Q3,Rabi,Punjab,Bathinda,Ammonium Sulphate,Nitrogenous,368,605.15,0.069,222695.2,128800,93895.2,Government Scheme,SR-018,Large Farmer,No
TXN01037,7/22/2022,2022,7,Jul,Q3,Kharif,Uttar Pradesh,Agra,Ammonium Sulphate,Nitrogenous,494,591.5,0.09,292201,172900,119301,Direct Farm,SR-012,Cooperative,No
TXN01038,4/28/2025,2025,4,Apr,Q2,Kharif,Haryana,Ambala,Urea,Nitrogenous,361,562.8,0.062,203170.8,101080,102090.8,Direct Farm,SR-022,Medium Farmer,No
TXN01039,2/15/2024,2024,2,Feb,Q1,Rabi,Karnataka,Hubli,Urea,Nitrogenous,480,547.8,0.087,262944,134400,128544,Government Scheme,SR-023,Medium Farmer,No
TXN01040,5/6/2024,2024,5,May,Q2,Kharif,Gujarat,Surat,Zinc Sulphate,Micronutrient,191,316.4,0.096,60432.4,34380,26052.4,Online Portal,SR-010,Large Farmer,No
TXN01041,12/2/2024,2024,12,Dec,Q4,Rabi,Madhya Pradesh,Gwalior,DAP,Phosphatic,495,1300.05,0.037,643524.75,445500,198024.75,Government Scheme,SR-028,Small Farmer,Yes
TXN01042,6/12/2022,2022,6,Jun,Q2,Kharif,Punjab,Amritsar,DAP,Phosphatic,94,1256.85,0.069,118143.9,84600,33543.9,Dealer,SR-024,Large Farmer,No
TXN01043,10/6/2024,2024,10,Oct,Q4,Rabi,Uttar Pradesh,Varanasi,MOP,Potassic,255,846,0.06,215730,153000,62730,Online Portal,SR-023,Small Farmer,No
TXN01044,1/29/2022,2022,1,Jan,Q1,Rabi,Karnataka,Mysuru,Urea,Nitrogenous,375,569.4,0.051,213525,105000,108525,Online Portal,SR-024,Large Farmer,No
TXN01045,12/17/2024,2024,12,Dec,Q4,Rabi,Karnataka,Bengaluru,Zinc Sulphate,Micronutrient,96,321.65,0.081,30878.4,17280,13598.4,Online Portal,SR-029,Medium Farmer,No
TXN01046,6/3/2022,2022,6,Jun,Q2,Kharif,Maharashtra,Nashik,Ammonium Sulphate,Nitrogenous,497,646.1,0.006,321111.7,173950,147161.7,Cooperative Society,SR-013,Medium Farmer,No
TXN01047,8/20/2022,2022,8,Aug,Q3,Kharif,Maharashtra,Nashik,DAP,Phosphatic,158,1301.4,0.036,205621.2,142200,63421.2,Government Scheme,SR-009,Medium Farmer,No
TXN01048,3/10/2025,2025,3,Mar,Q1,Kharif,Bihar,Muzaffarpur,SSP,Phosphatic,485,372.96,0.112,180885.6,97000,83885.6,Online Portal,SR-027,Small Farmer,No
TXN01049,9/26/2024,2024,9,Sep,Q3,Rabi,Uttar Pradesh,Kanpur,Urea,Nitrogenous,325,567,0.055,184275,91000,93275,Government Scheme,SR-012,Small Farmer,No
TXN01050,12/18/2023,2023,12,Dec,Q4,Rabi,Haryana,Hisar,Ammonium Sulphate,Nitrogenous,14,642.2,0.012,8990.8,4900,4090.8,Cooperative Society,SR-007,Small Farmer,No
TXN01051,11/19/2024,2024,11,Nov,Q4,Rabi,Haryana,Hisar,DAP,Phosphatic,477,1271.7,0.058,606600.9,429300,177300.9,Direct Farm,SR-025,Large Farmer,No
TXN01052,8/21/2024,2024,8,Aug,Q3,Kharif,Bihar,Gaya,SSP,Phosphatic,196,398.58,0.051,78121.68,39200,38921.68,Direct Farm,SR-018,Large Farmer,No
TXN01053,6/17/2024,2024,6,Jun,Q2,Kharif,Gujarat,Surat,MOP,Potassic,191,819,0.09,156429,114600,41829,Dealer,SR-012,Medium Farmer,No
TXN01054,1/24/2023,2023,1,Jan,Q1,Rabi,Rajasthan,Jaipur,MOP,Potassic,212,854.1,0.051,181069.2,127200,53869.2,Government Scheme,SR-029,Small Farmer,No
TXN01055,2/12/2023,2023,2,Feb,Q1,Rabi,Gujarat,Vadodara,DAP,Phosphatic,225,1270.35,0.059,285828.75,202500,83328.75,Cooperative Society,SR-026,Medium Farmer,No
TXN01056,3/29/2024,2024,3,Mar,Q1,Kharif,Andhra Pradesh,Vijayawada,MOP,Potassic,66,796.5,0.115,52569,39600,12969,Dealer,SR-005,Medium Farmer,No
TXN01057,10/21/2024,2024,10,Oct,Q4,Rabi,Uttar Pradesh,Agra,Urea,Nitrogenous,357,540,0.1,192780,99960,92820,Cooperative Society,SR-020,Small Farmer,No
TXN01058,9/10/2024,2024,9,Sep,Q3,Rabi,Rajasthan,Udaipur,Zinc Sulphate,Micronutrient,52,318.15,0.091,16543.8,9360,7183.8,Direct Farm,SR-020,Medium Farmer,No
TXN01059,1/18/2023,2023,1,Jan,Q1,Rabi,Madhya Pradesh,Gwalior,DAP,Phosphatic,452,1306.8,0.032,590673.6,406800,183873.6,Direct Farm,SR-022,Cooperative,No
TXN01060,8/28/2024,2024,8,Aug,Q3,Kharif,Punjab,Bathinda,MOP,Potassic,106,792.9,0.119,84047.4,63600,20447.4,Online Portal,SR-021,Medium Farmer,No
TXN01061,9/4/2022,2022,9,Sep,Q3,Rabi,Haryana,Hisar,Urea,Nitrogenous,150,528.6,0.119,79290,42000,37290,Direct Farm,SR-014,Small Farmer,No
TXN01062,2/13/2023,2023,2,Feb,Q1,Rabi,Punjab,Ludhiana,Calcium Nitrate,Nitrogenous,218,796.45,0.063,173626.1,109000,64626.1,Direct Farm,SR-008,Large Farmer,No
TXN01063,9/8/2024,2024,9,Sep,Q3,Rabi,Uttar Pradesh,Meerut,Calcium Nitrate,Nitrogenous,339,844.9,0.006,286421.1,169500,116921.1,Dealer,SR-009,Large Farmer,No
TXN01064,12/20/2023,2023,12,Dec,Q4,Rabi,Bihar,Muzaffarpur,Ammonium Sulphate,Nitrogenous,468,646.1,0.006,302374.8,163800,138574.8,Dealer,SR-001,Small Farmer,No
TXN01065,3/11/2023,2023,3,Mar,Q1,Kharif,Rajasthan,Ajmer,SSP,Phosphatic,475,389.34,0.073,184936.5,95000,89936.5,Cooperative Society,SR-006,Large Farmer,No
TXN01066,1/15/2024,2024,1,Jan,Q1,Rabi,Maharashtra,Aurangabad,DAP,Phosphatic,59,1242,0.08,73278,53100,20178,Online Portal,SR-025,Medium Farmer,No
TXN01067,1/9/2024,2024,1,Jan,Q1,Rabi,Maharashtra,Kolhapur,Ammonium Sulphate,Nitrogenous,131,599.3,0.078,78508.3,45850,32658.3,Direct Farm,SR-019,Cooperative,No
TXN01068,8/6/2022,2022,8,Aug,Q3,Kharif,Haryana,Rohtak,DAP,Phosphatic,31,1255.5,0.07,38920.5,27900,11020.5,Direct Farm,SR-007,Cooperative,No
TXN01069,6/3/2022,2022,6,Jun,Q2,Kharif,Andhra Pradesh,Nellore,Ammonium Sulphate,Nitrogenous,164,593.45,0.087,97325.8,57400,39925.8,Direct Farm,SR-018,Medium Farmer,No
TXN01070,9/19/2022,2022,9,Sep,Q3,Rabi,Madhya Pradesh,Jabalpur,SSP,Phosphatic,466,375.9,0.105,175169.4,93200,81969.4,Online Portal,SR-012,Large Farmer,No
TXN01071,8/29/2022,2022,8,Aug,Q3,Kharif,Bihar,Patna,Zinc Sulphate,Micronutrient,224,327.95,0.063,73460.8,40320,33140.8,Online Portal,SR-026,Small Farmer,No
TXN01072,7/16/2023,2023,7,Jul,Q3,Kharif,Haryana,Ambala,Urea,Nitrogenous,499,559.2,0.068,279040.8,139720,139320.8,Direct Farm,SR-024,Cooperative,No
TXN01073,12/26/2024,2024,12,Dec,Q4,Rabi,Andhra Pradesh,Guntur,MOP,Potassic,234,819,0.09,191646,140400,51246,Cooperative Society,SR-018,Cooperative,No
TXN01074,7/11/2023,2023,7,Jul,Q3,Kharif,Madhya Pradesh,Indore,Urea,Nitrogenous,91,558.6,0.069,50832.6,25480,25352.6,Online Portal,SR-023,Small Farmer,No
TXN01075,7/21/2024,2024,7,Jul,Q3,Kharif,Andhra Pradesh,Nellore,SSP,Phosphatic,165,377.16,0.102,62231.4,33000,29231.4,Government Scheme,SR-023,Large Farmer,No
TXN01076,9/1/2022,2022,9,Sep,Q3,Rabi,Haryana,Faridabad,Urea,Nitrogenous,283,582.6,0.029,164875.8,79240,85635.8,Dealer,SR-021,Medium Farmer,No
TXN01077,9/30/2022,2022,9,Sep,Q3,Rabi,Rajasthan,Jaipur,NPK 10-26-26,Complex,431,1170,0.025,504270,353420,150850,Dealer,SR-001,Large Farmer,Yes
TXN01078,1/26/2024,2024,1,Jan,Q1,Rabi,Maharashtra,Pune,SSP,Phosphatic,379,413.28,0.016,156633.12,75800,80833.12,Online Portal,SR-010,Large Farmer,No
TXN01079,1/22/2022,2022,1,Jan,Q1,Rabi,Maharashtra,Nashik,SSP,Phosphatic,100,406.98,0.031,40698,20000,20698,Dealer,SR-018,Small Farmer,No
TXN01080,6/12/2023,2023,6,Jun,Q2,Kharif,Karnataka,Belagavi,NPK 10-26-26,Complex,428,1136.4,0.053,486379.2,350960,135419.2,Government Scheme,SR-009,Medium Farmer,No
TXN01081,3/20/2024,2024,3,Mar,Q1,Kharif,Haryana,Hisar,NPK 10-26-26,Complex,383,1095.6,0.087,419614.8,314060,105554.8,Government Scheme,SR-005,Cooperative,No
TXN01082,10/12/2024,2024,10,Oct,Q4,Rabi,Haryana,Hisar,MOP,Potassic,427,807.3,0.103,344717.1,256200,88517.1,Direct Farm,SR-019,Cooperative,No
TXN01083,8/1/2023,2023,8,Aug,Q3,Kharif,Uttar Pradesh,Kanpur,MOP,Potassic,463,881.1,0.021,407949.3,277800,130149.3,Cooperative Society,SR-022,Medium Farmer,No
TXN01084,10/21/2022,2022,10,Oct,Q4,Rabi,Punjab,Patiala,NPK 10-26-26,Complex,242,1069.2,0.109,258746.4,198440,60306.4,Cooperative Society,SR-004,Medium Farmer,No
TXN01085,7/24/2022,2022,7,Jul,Q3,Kharif,Bihar,Bhagalpur,Urea,Nitrogenous,66,540.6,0.099,35679.6,18480,17199.6,Dealer,SR-005,Medium Farmer,No
TXN01086,7/3/2023,2023,7,Jul,Q3,Kharif,Haryana,Rohtak,Urea,Nitrogenous,415,530.4,0.116,220116,116200,103916,Dealer,SR-018,Large Farmer,No
TXN01087,2/19/2023,2023,2,Feb,Q1,Rabi,Haryana,Hisar,Zinc Sulphate,Micronutrient,427,343,0.02,146461,76860,69601,Government Scheme,SR-016,Medium Farmer,No
TXN01088,4/25/2022,2022,4,Apr,Q2,Kharif,Andhra Pradesh,Kurnool,DAP,Phosphatic,20,1216.35,0.099,24327,18000,6327,Dealer,SR-018,Large Farmer,No
TXN01089,11/13/2024,2024,11,Nov,Q4,Rabi,Bihar,Muzaffarpur,Urea,Nitrogenous,477,583.8,0.027,278472.6,133560,144912.6,Direct Farm,SR-014,Cooperative,No
TXN01090,12/25/2023,2023,12,Dec,Q4,Rabi,Rajasthan,Jodhpur,Calcium Nitrate,Nitrogenous,361,759.9,0.106,274323.9,180500,93823.9,Dealer,SR-016,Medium Farmer,No
TXN01091,4/5/2023,2023,4,Apr,Q2,Kharif,Punjab,Jalandhar,Ammonium Sulphate,Nitrogenous,49,601.9,0.074,29493.1,17150,12343.1,Dealer,SR-012,Small Farmer,No
TXN01092,11/6/2022,2022,11,Nov,Q4,Rabi,Haryana,Hisar,Ammonium Sulphate,Nitrogenous,317,635.7,0.022,201516.9,110950,90566.9,Cooperative Society,SR-005,Large Farmer,No
TXN01093,8/11/2023,2023,8,Aug,Q3,Kharif,Maharashtra,Pune,SSP,Phosphatic,479,394.8,0.06,189109.2,95800,93309.2,Government Scheme,SR-030,Large Farmer,No
TXN01094,1/5/2022,2022,1,Jan,Q1,Rabi,Haryana,Faridabad,Ammonium Sulphate,Nitrogenous,85,619.45,0.047,52653.25,29750,22903.25,Cooperative Society,SR-027,Small Farmer,No
TXN01095,3/29/2025,2025,3,Mar,Q1,Kharif,Bihar,Gaya,MOP,Potassic,56,864.9,0.039,48434.4,33600,14834.4,Direct Farm,SR-006,Cooperative,No
TXN01096,10/16/2023,2023,10,Oct,Q4,Rabi,Gujarat,Rajkot,Zinc Sulphate,Micronutrient,365,309.05,0.117,112803.25,65700,47103.25,Online Portal,SR-026,Large Farmer,No
TXN01097,5/19/2023,2023,5,May,Q2,Kharif,Bihar,Bhagalpur,Zinc Sulphate,Micronutrient,285,327.6,0.064,93366,51300,42066,Online Portal,SR-018,Medium Farmer,No
TXN01098,6/21/2022,2022,6,Jun,Q2,Kharif,Karnataka,Mangaluru,NPK 10-26-26,Complex,369,1188,0.01,438372,302580,135792,Government Scheme,SR-001,Medium Farmer,No
TXN01099,1/13/2024,2024,1,Jan,Q1,Rabi,Andhra Pradesh,Vijayawada,MOP,Potassic,481,888.3,0.013,427272.3,288600,138672.3,Government Scheme,SR-012,Medium Farmer,No
TXN01100,7/31/2024,2024,7,Jul,Q3,Kharif,Haryana,Rohtak,Calcium Nitrate,Nitrogenous,134,828.75,0.025,111052.5,67000,44052.5,Direct Farm,SR-002,Medium Farmer,No
TXN01101,10/21/2022,2022,10,Oct,Q4,Rabi,Bihar,Patna,Calcium Nitrate,Nitrogenous,200,844.9,0.006,168980,100000,68980,Dealer,SR-022,Small Farmer,No
TXN01102,5/1/2025,2025,5,May,Q2,Kharif,Haryana,Gurugram,MOP,Potassic,197,884.7,0.017,174285.9,118200,56085.9,Direct Farm,SR-003,Small Farmer,No
TXN01103,5/2/2024,2024,5,May,Q2,Kharif,Haryana,Faridabad,Zinc Sulphate,Micronutrient,390,344.05,0.017,134179.5,70200,63979.5,Online Portal,SR-023,Large Farmer,No
TXN01104,4/22/2024,2024,4,Apr,Q2,Kharif,Maharashtra,Nagpur,Urea,Nitrogenous,156,592.2,0.013,92383.2,43680,48703.2,Dealer,SR-029,Small Farmer,No
TXN01105,12/22/2022,2022,12,Dec,Q4,Rabi,Andhra Pradesh,Visakhapatnam,Urea,Nitrogenous,212,540,0.1,114480,59360,55120,Cooperative Society,SR-018,Large Farmer,No
TXN01106,10/24/2024,2024,10,Oct,Q4,Rabi,Rajasthan,Jodhpur,Calcium Nitrate,Nitrogenous,486,833.85,0.019,405251.1,243000,162251.1,Dealer,SR-017,Cooperative,No
TXN01107,3/10/2023,2023,3,Mar,Q1,Kharif,Bihar,Darbhanga,Urea,Nitrogenous,122,571.8,0.047,69759.6,34160,35599.6,Online Portal,SR-020,Small Farmer,No
TXN01108,9/4/2024,2024,9,Sep,Q3,Rabi,Maharashtra,Nagpur,Calcium Nitrate,Nitrogenous,94,844.05,0.007,79340.7,47000,32340.7,Government Scheme,SR-021,Cooperative,No
TXN01109,7/7/2023,2023,7,Jul,Q3,Kharif,Punjab,Ludhiana,DAP,Phosphatic,195,1252.8,0.072,244296,175500,68796,Government Scheme,SR-001,Medium Farmer,No
TXN01110,11/30/2022,2022,11,Nov,Q4,Rabi,Andhra Pradesh,Guntur,DAP,Phosphatic,118,1252.8,0.072,147830.4,106200,41630.4,Government Scheme,SR-007,Medium Farmer,Yes
TXN01111,3/8/2022,2022,3,Mar,Q1,Kharif,Madhya Pradesh,Gwalior,DAP,Phosphatic,301,1258.2,0.068,378718.2,270900,107818.2,Online Portal,SR-026,Cooperative,No
TXN01112,4/9/2022,2022,4,Apr,Q2,Kharif,Maharashtra,Pune,SSP,Phosphatic,14,370.44,0.118,5186.16,2800,2386.16,Government Scheme,SR-013,Medium Farmer,No
TXN01113,3/11/2024,2024,3,Mar,Q1,Kharif,Maharashtra,Nashik,DAP,Phosphatic,179,1283.85,0.049,229809.15,161100,68709.15,Online Portal,SR-004,Medium Farmer,No
TXN01114,4/17/2025,2025,4,Apr,Q2,Kharif,Bihar,Bhagalpur,Urea,Nitrogenous,158,588.6,0.019,92998.8,44240,48758.8,Cooperative Society,SR-003,Small Farmer,No
TXN01115,3/18/2023,2023,3,Mar,Q1,Kharif,Haryana,Faridabad,Ammonium Sulphate,Nitrogenous,239,588.9,0.094,140747.1,83650,57097.1,Government Scheme,SR-010,Large Farmer,No
TXN01116,6/1/2024,2024,6,Jun,Q2,Kharif,Uttar Pradesh,Varanasi,NPK 10-26-26,Complex,116,1056,0.12,122496,95120,27376,Online Portal,SR-003,Medium Farmer,No
TXN01117,10/15/2024,2024,10,Oct,Q4,Rabi,Punjab,Ludhiana,MOP,Potassic,402,806.4,0.104,324172.8,241200,82972.8,Online Portal,SR-028,Small Farmer,No
TXN01118,7/12/2022,2022,7,Jul,Q3,Kharif,Gujarat,Vadodara,MOP,Potassic,488,868.5,0.035,423828,292800,131028,Dealer,SR-009,Large Farmer,No
TXN01119,7/2/2022,2022,7,Jul,Q3,Kharif,Punjab,Amritsar,Zinc Sulphate,Micronutrient,142,308.7,0.118,43835.4,25560,18275.4,Government Scheme,SR-025,Cooperative,Yes
TXN01120,10/15/2022,2022,10,Oct,Q4,Rabi,Punjab,Bathinda,Zinc Sulphate,Micronutrient,30,334.6,0.044,10038,5400,4638,Government Scheme,SR-013,Cooperative,No
TXN01121,9/22/2022,2022,9,Sep,Q3,Rabi,Gujarat,Vadodara,Ammonium Sulphate,Nitrogenous,201,643.5,0.01,129343.5,70350,58993.5,Cooperative Society,SR-017,Cooperative,No
TXN01122,3/29/2022,2022,3,Mar,Q1,Kharif,Karnataka,Bengaluru,NPK 10-26-26,Complex,368,1081.2,0.099,397881.6,301760,96121.6,Dealer,SR-005,Small Farmer,No
TXN01123,2/9/2024,2024,2,Feb,Q1,Rabi,Haryana,Rohtak,Calcium Nitrate,Nitrogenous,447,842.35,0.009,376530.45,223500,153030.45,Cooperative Society,SR-028,Cooperative,No
TXN01124,12/16/2023,2023,12,Dec,Q4,Rabi,Gujarat,Rajkot,Zinc Sulphate,Micronutrient,65,346.5,0.01,22522.5,11700,10822.5,Dealer,SR-030,Cooperative,No
TXN01125,2/13/2023,2023,2,Feb,Q1,Rabi,Bihar,Gaya,DAP,Phosphatic,172,1294.65,0.041,222679.8,154800,67879.8,Online Portal,SR-016,Medium Farmer,No
TXN01126,8/23/2022,2022,8,Aug,Q3,Kharif,Rajasthan,Ajmer,Urea,Nitrogenous,289,588.6,0.019,170105.4,80920,89185.4,Cooperative Society,SR-005,Medium Farmer,No
TXN01127,3/9/2025,2025,3,Mar,Q1,Kharif,Uttar Pradesh,Meerut,Calcium Nitrate,Nitrogenous,41,754.8,0.112,30946.8,20500,10446.8,Government Scheme,SR-026,Cooperative,No
TXN01128,3/14/2023,2023,3,Mar,Q1,Kharif,Uttar Pradesh,Agra,Urea,Nitrogenous,497,545.4,0.091,271063.8,139160,131903.8,Cooperative Society,SR-009,Large Farmer,Yes
TXN01129,12/27/2022,2022,12,Dec,Q4,Rabi,Punjab,Amritsar,DAP,Phosphatic,150,1283.85,0.049,192577.5,135000,57577.5,Government Scheme,SR-028,Cooperative,No
TXN01130,12/10/2024,2024,12,Dec,Q4,Rabi,Madhya Pradesh,Gwalior,MOP,Potassic,435,894.6,0.006,389151,261000,128151,Cooperative Society,SR-011,Large Farmer,No
TXN01131,2/11/2023,2023,2,Feb,Q1,Rabi,Maharashtra,Nagpur,Zinc Sulphate,Micronutrient,253,327.6,0.064,82882.8,45540,37342.8,Direct Farm,SR-023,Cooperative,No
TXN01132,3/14/2025,2025,3,Mar,Q1,Kharif,Bihar,Patna,NPK 10-26-26,Complex,49,1095.6,0.087,53684.4,40180,13504.4,Online Portal,SR-020,Medium Farmer,No
TXN01133,10/11/2023,2023,10,Oct,Q4,Rabi,Uttar Pradesh,Agra,Zinc Sulphate,Micronutrient,488,343.7,0.018,167725.6,87840,79885.6,Government Scheme,SR-004,Cooperative,No
TXN01134,12/2/2024,2024,12,Dec,Q4,Rabi,Uttar Pradesh,Varanasi,MOP,Potassic,334,851.4,0.054,284367.6,200400,83967.6,Online Portal,SR-004,Small Farmer,No
TXN01135,1/20/2023,2023,1,Jan,Q1,Rabi,Bihar,Darbhanga,MOP,Potassic,317,859.5,0.045,272461.5,190200,82261.5,Government Scheme,SR-007,Medium Farmer,No
TXN01136,1/30/2022,2022,1,Jan,Q1,Rabi,Maharashtra,Aurangabad,Urea,Nitrogenous,164,535.2,0.108,87772.8,45920,41852.8,Online Portal,SR-027,Small Farmer,No
TXN01137,7/22/2024,2024,7,Jul,Q3,Kharif,Bihar,Bhagalpur,Ammonium Sulphate,Nitrogenous,190,585.65,0.099,111273.5,66500,44773.5,Cooperative Society,SR-017,Large Farmer,No
TXN01138,12/27/2022,2022,12,Dec,Q4,Rabi,Gujarat,Rajkot,Ammonium Sulphate,Nitrogenous,100,607.1,0.066,60710,35000,25710,Direct Farm,SR-018,Cooperative,No
TXN01139,8/7/2023,2023,8,Aug,Q3,Kharif,Bihar,Gaya,DAP,Phosphatic,54,1219.05,0.097,65828.7,48600,17228.7,Dealer,SR-003,Small Farmer,No
TXN01140,4/22/2024,2024,4,Apr,Q2,Kharif,Punjab,Patiala,DAP,Phosphatic,334,1278.45,0.053,427002.3,300600,126402.3,Online Portal,SR-026,Small Farmer,No
TXN01141,5/11/2024,2024,5,May,Q2,Kharif,Madhya Pradesh,Indore,Zinc Sulphate,Micronutrient,292,333.9,0.046,97498.8,52560,44938.8,Direct Farm,SR-028,Cooperative,No
TXN01142,12/20/2023,2023,12,Dec,Q4,Rabi,Gujarat,Rajkot,Calcium Nitrate,Nitrogenous,13,753.95,0.113,9801.35,6500,3301.35,Direct Farm,SR-017,Large Farmer,No
TXN01143,6/26/2023,2023,6,Jun,Q2,Kharif,Rajasthan,Ajmer,NPK 10-26-26,Complex,12,1070.4,0.108,12844.8,9840,3004.8,Cooperative Society,SR-002,Small Farmer,No
TXN01144,11/11/2022,2022,11,Nov,Q4,Rabi,Maharashtra,Kolhapur,Ammonium Sulphate,Nitrogenous,181,637,0.02,115297,63350,51947,Online Portal,SR-014,Medium Farmer,No
TXN01145,3/12/2024,2024,3,Mar,Q1,Kharif,Madhya Pradesh,Ujjain,Calcium Nitrate,Nitrogenous,434,844.9,0.006,366686.6,217000,149686.6,Online Portal,SR-014,Medium Farmer,Yes
TXN01146,3/10/2024,2024,3,Mar,Q1,Kharif,Haryana,Hisar,Ammonium Sulphate,Nitrogenous,274,637.65,0.019,174716.1,95900,78816.1,Direct Farm,SR-004,Medium Farmer,No
TXN01147,8/31/2022,2022,8,Aug,Q3,Kharif,Karnataka,Mangaluru,SSP,Phosphatic,438,392.28,0.066,171818.64,87600,84218.64,Government Scheme,SR-007,Small Farmer,No
TXN01148,2/22/2022,2022,2,Feb,Q1,Rabi,Bihar,Patna,MOP,Potassic,24,833.4,0.074,20001.6,14400,5601.6,Online Portal,SR-030,Small Farmer,No
TXN01149,2/23/2024,2024,2,Feb,Q1,Rabi,Uttar Pradesh,Agra,Zinc Sulphate,Micronutrient,334,323.4,0.076,108015.6,60120,47895.6,Government Scheme,SR-006,Medium Farmer,Yes
TXN01150,3/31/2023,2023,3,Mar,Q1,Kharif,Rajasthan,Jodhpur,NPK 10-26-26,Complex,381,1087.2,0.094,414223.2,312420,101803.2,Cooperative Society,SR-025,Large Farmer,No
TXN01151,7/18/2023,2023,7,Jul,Q3,Kharif,Punjab,Amritsar,Urea,Nitrogenous,336,529.2,0.118,177811.2,94080,83731.2,Dealer,SR-004,Cooperative,No
TXN01152,9/9/2022,2022,9,Sep,Q3,Rabi,Punjab,Amritsar,SSP,Phosphatic,144,375.06,0.107,54008.64,28800,25208.64,Dealer,SR-003,Cooperative,No
TXN01153,3/2/2023,2023,3,Mar,Q1,Kharif,Bihar,Patna,Zinc Sulphate,Micronutrient,417,348.95,0.003,145512.15,75060,70452.15,Dealer,SR-016,Small Farmer,No
TXN01154,5/9/2024,2024,5,May,Q2,Kharif,Bihar,Gaya,Zinc Sulphate,Micronutrient,423,343.35,0.019,145237.05,76140,69097.05,Government Scheme,SR-001,Medium Farmer,No
TXN01155,3/6/2022,2022,3,Mar,Q1,Kharif,Punjab,Jalandhar,Ammonium Sulphate,Nitrogenous,257,572.65,0.119,147171.05,89950,57221.05,Online Portal,SR-018,Small Farmer,No
TXN01156,12/4/2024,2024,12,Dec,Q4,Rabi,Rajasthan,Jaipur,NPK 10-26-26,Complex,320,1195.2,0.004,382464,262400,120064,Dealer,SR-017,Medium Farmer,No
TXN01157,1/18/2024,2024,1,Jan,Q1,Rabi,Punjab,Amritsar,Urea,Nitrogenous,177,589.8,0.017,104394.6,49560,54834.6,Dealer,SR-024,Medium Farmer,No
TXN01158,7/15/2023,2023,7,Jul,Q3,Kharif,Gujarat,Surat,DAP,Phosphatic,188,1235.25,0.085,232227,169200,63027,Government Scheme,SR-015,Cooperative,No
TXN01159,11/15/2024,2024,11,Nov,Q4,Rabi,Bihar,Muzaffarpur,SSP,Phosphatic,98,409.92,0.024,40172.16,19600,20572.16,Government Scheme,SR-013,Small Farmer,No
TXN01160,4/18/2025,2025,4,Apr,Q2,Kharif,Rajasthan,Jodhpur,NPK 10-26-26,Complex,498,1095.6,0.087,545608.8,408360,137248.8,Cooperative Society,SR-029,Cooperative,No
TXN01161,7/11/2023,2023,7,Jul,Q3,Kharif,Maharashtra,Kolhapur,DAP,Phosphatic,320,1287.9,0.046,412128,288000,124128,Direct Farm,SR-019,Large Farmer,No
TXN01162,5/12/2022,2022,5,May,Q2,Kharif,Gujarat,Surat,Urea,Nitrogenous,500,563.4,0.061,281700,140000,141700,Online Portal,SR-014,Large Farmer,No
TXN01163,12/22/2024,2024,12,Dec,Q4,Rabi,Maharashtra,Nagpur,Urea,Nitrogenous,68,586.8,0.022,39902.4,19040,20862.4,Government Scheme,SR-014,Medium Farmer,No
TXN01164,5/18/2023,2023,5,May,Q2,Kharif,Punjab,Amritsar,Ammonium Sulphate,Nitrogenous,200,638.95,0.017,127790,70000,57790,Government Scheme,SR-004,Small Farmer,No
TXN01165,1/23/2022,2022,1,Jan,Q1,Rabi,Maharashtra,Nashik,Zinc Sulphate,Micronutrient,300,316.75,0.095,95025,54000,41025,Direct Farm,SR-018,Small Farmer,No
TXN01166,8/4/2023,2023,8,Aug,Q3,Kharif,Karnataka,Mysuru,NPK 10-26-26,Complex,62,1119.6,0.067,69415.2,50840,18575.2,Online Portal,SR-029,Small Farmer,No
TXN01167,5/13/2024,2024,5,May,Q2,Kharif,Bihar,Gaya,Ammonium Sulphate,Nitrogenous,111,634.4,0.024,70418.4,38850,31568.4,Cooperative Society,SR-016,Small Farmer,No
TXN01168,5/12/2024,2024,5,May,Q2,Kharif,Punjab,Ludhiana,Zinc Sulphate,Micronutrient,97,324.8,0.072,31505.6,17460,14045.6,Online Portal,SR-013,Medium Farmer,No
TXN01169,2/13/2022,2022,2,Feb,Q1,Rabi,Rajasthan,Jaipur,Urea,Nitrogenous,476,567,0.055,269892,133280,136612,Direct Farm,SR-027,Cooperative,No
TXN01170,12/28/2024,2024,12,Dec,Q4,Rabi,Andhra Pradesh,Guntur,Ammonium Sulphate,Nitrogenous,340,648.7,0.002,220558,119000,101558,Cooperative Society,SR-004,Cooperative,No
TXN01171,7/17/2023,2023,7,Jul,Q3,Kharif,Maharashtra,Aurangabad,Calcium Nitrate,Nitrogenous,50,793.05,0.067,39652.5,25000,14652.5,Government Scheme,SR-016,Small Farmer,No
TXN01172,9/4/2023,2023,9,Sep,Q3,Rabi,Gujarat,Rajkot,DAP,Phosphatic,441,1289.25,0.045,568559.25,396900,171659.25,Online Portal,SR-004,Small Farmer,No
TXN01173,4/8/2022,2022,4,Apr,Q2,Kharif,Uttar Pradesh,Agra,DAP,Phosphatic,175,1210.95,0.103,211916.25,157500,54416.25,Cooperative Society,SR-008,Medium Farmer,No
TXN01174,1/27/2023,2023,1,Jan,Q1,Rabi,Maharashtra,Kolhapur,Urea,Nitrogenous,488,550.2,0.083,268497.6,136640,131857.6,Dealer,SR-009,Small Farmer,No
TXN01175,4/9/2022,2022,4,Apr,Q2,Kharif,Rajasthan,Jaipur,SSP,Phosphatic,178,385.14,0.083,68554.92,35600,32954.92,Cooperative Society,SR-009,Medium Farmer,No
TXN01176,4/9/2025,2025,4,Apr,Q2,Kharif,Gujarat,Ahmedabad,MOP,Potassic,173,807.3,0.103,139662.9,103800,35862.9,Online Portal,SR-029,Cooperative,Yes
TXN01177,7/4/2024,2024,7,Jul,Q3,Kharif,Punjab,Bathinda,NPK 10-26-26,Complex,305,1131.6,0.057,345138,250100,95038,Cooperative Society,SR-009,Large Farmer,No
TXN01178,4/8/2023,2023,4,Apr,Q2,Kharif,Punjab,Jalandhar,SSP,Phosphatic,374,415.8,0.01,155509.2,74800,80709.2,Online Portal,SR-027,Medium Farmer,Yes
TXN01179,2/26/2023,2023,2,Feb,Q1,Rabi,Punjab,Ludhiana,Zinc Sulphate,Micronutrient,40,341.25,0.025,13650,7200,6450,Direct Farm,SR-015,Cooperative,No
TXN01180,9/25/2024,2024,9,Sep,Q3,Rabi,Punjab,Jalandhar,NPK 10-26-26,Complex,426,1114.8,0.071,474904.8,349320,125584.8,Online Portal,SR-017,Large Farmer,No
TXN01181,7/18/2024,2024,7,Jul,Q3,Kharif,Haryana,Rohtak,DAP,Phosphatic,478,1328.4,0.016,634975.2,430200,204775.2,Government Scheme,SR-013,Cooperative,No
TXN01182,11/17/2024,2024,11,Nov,Q4,Rabi,Madhya Pradesh,Jabalpur,NPK 10-26-26,Complex,45,1160.4,0.033,52218,36900,15318,Direct Farm,SR-022,Large Farmer,No
TXN01183,7/29/2022,2022,7,Jul,Q3,Kharif,Haryana,Hisar,DAP,Phosphatic,391,1332.45,0.013,520987.95,351900,169087.95,Dealer,SR-029,Cooperative,No
TXN01184,7/1/2023,2023,7,Jul,Q3,Kharif,Uttar Pradesh,Varanasi,Zinc Sulphate,Micronutrient,190,338.8,0.032,64372,34200,30172,Online Portal,SR-003,Large Farmer,No
TXN01185,3/11/2023,2023,3,Mar,Q1,Kharif,Haryana,Hisar,Calcium Nitrate,Nitrogenous,270,816,0.04,220320,135000,85320,Cooperative Society,SR-009,Large Farmer,No
TXN01186,4/11/2022,2022,4,Apr,Q2,Kharif,Bihar,Bhagalpur,NPK 10-26-26,Complex,160,1172.4,0.023,187584,131200,56384,Direct Farm,SR-020,Large Farmer,No
TXN01187,10/7/2024,2024,10,Oct,Q4,Rabi,Andhra Pradesh,Vijayawada,DAP,Phosphatic,358,1341.9,0.006,480400.2,322200,158200.2,Direct Farm,SR-004,Medium Farmer,No
TXN01188,4/19/2022,2022,4,Apr,Q2,Kharif,Uttar Pradesh,Meerut,SSP,Phosphatic,132,416.64,0.008,54996.48,26400,28596.48,Dealer,SR-009,Medium Farmer,No
TXN01189,4/8/2024,2024,4,Apr,Q2,Kharif,Bihar,Bhagalpur,DAP,Phosphatic,122,1231.2,0.088,150206.4,109800,40406.4,Government Scheme,SR-016,Medium Farmer,No
TXN01190,2/21/2023,2023,2,Feb,Q1,Rabi,Maharashtra,Aurangabad,SSP,Phosphatic,385,420,0,161700,77000,84700,Direct Farm,SR-017,Cooperative,No
TXN01191,5/4/2023,2023,5,May,Q2,Kharif,Haryana,Ambala,DAP,Phosphatic,95,1320.3,0.022,125428.5,85500,39928.5,Cooperative Society,SR-005,Small Farmer,No
TXN01192,5/26/2024,2024,5,May,Q2,Kharif,Maharashtra,Pune,MOP,Potassic,145,804.6,0.106,116667,87000,29667,Direct Farm,SR-022,Small Farmer,No
TXN01193,12/23/2023,2023,12,Dec,Q4,Rabi,Gujarat,Gandhinagar,Urea,Nitrogenous,260,537,0.105,139620,72800,66820,Cooperative Society,SR-004,Small Farmer,No
TXN01194,3/7/2025,2025,3,Mar,Q1,Kharif,Rajasthan,Jodhpur,MOP,Potassic,396,883.8,0.018,349984.8,237600,112384.8,Dealer,SR-004,Large Farmer,No
TXN01195,7/15/2024,2024,7,Jul,Q3,Kharif,Gujarat,Vadodara,SSP,Phosphatic,349,395.64,0.058,138078.36,69800,68278.36,Government Scheme,SR-015,Small Farmer,No
TXN01196,9/9/2023,2023,9,Sep,Q3,Rabi,Maharashtra,Kolhapur,Zinc Sulphate,Micronutrient,67,338.8,0.032,22699.6,12060,10639.6,Online Portal,SR-024,Small Farmer,No
TXN01197,4/20/2024,2024,4,Apr,Q2,Kharif,Madhya Pradesh,Indore,Ammonium Sulphate,Nitrogenous,264,647.4,0.004,170913.6,92400,78513.6,Online Portal,SR-024,Cooperative,No
TXN01198,2/27/2023,2023,2,Feb,Q1,Rabi,Punjab,Amritsar,Calcium Nitrate,Nitrogenous,337,838.95,0.013,282726.15,168500,114226.15,Government Scheme,SR-029,Cooperative,No
TXN01199,12/25/2022,2022,12,Dec,Q4,Rabi,Rajasthan,Udaipur,Ammonium Sulphate,Nitrogenous,210,603.85,0.071,126808.5,73500,53308.5,Government Scheme,SR-010,Medium Farmer,No
TXN01200,4/1/2025,2025,4,Apr,Q2,Kharif,Andhra Pradesh,Kurnool,DAP,Phosphatic,231,1221.75,0.095,282224.25,207900,74324.25,Online Portal,SR-026,Large Farmer,No
TXN01201,8/14/2022,2022,8,Aug,Q3,Kharif,Uttar Pradesh,Varanasi,MOP,Potassic,248,826.2,0.082,204897.6,148800,56097.6,Online Portal,SR-010,Medium Farmer,No
TXN01202,9/24/2024,2024,9,Sep,Q3,Rabi,Rajasthan,Jaipur,SSP,Phosphatic,17,397.32,0.054,6754.44,3400,3354.44,Direct Farm,SR-010,Small Farmer,No
TXN01203,9/27/2024,2024,9,Sep,Q3,Rabi,Rajasthan,Jaipur,Calcium Nitrate,Nitrogenous,190,782.85,0.079,148741.5,95000,53741.5,Dealer,SR-002,Large Farmer,No
TXN01204,12/19/2023,2023,12,Dec,Q4,Rabi,Rajasthan,Kota,MOP,Potassic,498,891,0.01,443718,298800,144918,Government Scheme,SR-005,Medium Farmer,No
TXN01205,4/13/2025,2025,4,Apr,Q2,Kharif,Punjab,Jalandhar,NPK 10-26-26,Complex,26,1131.6,0.057,29421.6,21320,8101.6,Government Scheme,SR-008,Cooperative,No
TXN01206,3/28/2024,2024,3,Mar,Q1,Kharif,Punjab,Jalandhar,SSP,Phosphatic,315,404.46,0.037,127404.9,63000,64404.9,Online Portal,SR-014,Large Farmer,No
TXN01207,10/13/2022,2022,10,Oct,Q4,Rabi,Madhya Pradesh,Gwalior,MOP,Potassic,223,839.7,0.067,187253.1,133800,53453.1,Government Scheme,SR-010,Small Farmer,No
TXN01208,3/6/2025,2025,3,Mar,Q1,Kharif,Gujarat,Gandhinagar,MOP,Potassic,202,815.4,0.094,164710.8,121200,43510.8,Cooperative Society,SR-004,Medium Farmer,No
TXN01209,6/24/2024,2024,6,Jun,Q2,Kharif,Maharashtra,Kolhapur,Ammonium Sulphate,Nitrogenous,249,622.05,0.043,154890.45,87150,67740.45,Cooperative Society,SR-014,Cooperative,No
TXN01210,2/26/2022,2022,2,Feb,Q1,Rabi,Andhra Pradesh,Guntur,Calcium Nitrate,Nitrogenous,55,772.65,0.091,42495.75,27500,14995.75,Online Portal,SR-030,Large Farmer,No
TXN01211,4/3/2025,2025,4,Apr,Q2,Kharif,Andhra Pradesh,Kurnool,MOP,Potassic,327,841.5,0.065,275170.5,196200,78970.5,Online Portal,SR-029,Large Farmer,No
TXN01212,3/15/2024,2024,3,Mar,Q1,Kharif,Haryana,Hisar,Urea,Nitrogenous,246,541.8,0.097,133282.8,68880,64402.8,Online Portal,SR-015,Small Farmer,No
TXN01213,4/23/2022,2022,4,Apr,Q2,Kharif,Rajasthan,Jaipur,Ammonium Sulphate,Nitrogenous,314,642.2,0.012,201650.8,109900,91750.8,Government Scheme,SR-019,Cooperative,No
TXN01214,5/5/2022,2022,5,May,Q2,Kharif,Punjab,Bathinda,Urea,Nitrogenous,369,585,0.025,215865,103320,112545,Direct Farm,SR-018,Cooperative,No
TXN01215,4/3/2023,2023,4,Apr,Q2,Kharif,Haryana,Ambala,SSP,Phosphatic,378,370.02,0.119,139867.56,75600,64267.56,Dealer,SR-026,Cooperative,No
TXN01216,2/16/2023,2023,2,Feb,Q1,Rabi,Punjab,Ludhiana,Urea,Nitrogenous,88,556.8,0.072,48998.4,24640,24358.4,Dealer,SR-017,Small Farmer,No
TXN01217,2/23/2023,2023,2,Feb,Q1,Rabi,Punjab,Patiala,Urea,Nitrogenous,436,563.4,0.061,245642.4,122080,123562.4,Cooperative Society,SR-002,Small Farmer,No
TXN01218,4/8/2024,2024,4,Apr,Q2,Kharif,Gujarat,Surat,NPK 10-26-26,Complex,440,1077.6,0.102,474144,360800,113344,Government Scheme,SR-027,Cooperative,No
TXN01219,9/10/2022,2022,9,Sep,Q3,Rabi,Bihar,Muzaffarpur,Urea,Nitrogenous,104,589.8,0.017,61339.2,29120,32219.2,Direct Farm,SR-006,Medium Farmer,No
TXN01220,9/10/2024,2024,9,Sep,Q3,Rabi,Rajasthan,Udaipur,DAP,Phosphatic,311,1270.35,0.059,395078.85,279900,115178.85,Government Scheme,SR-013,Cooperative,No
TXN01221,8/8/2024,2024,8,Aug,Q3,Kharif,Bihar,Bhagalpur,MOP,Potassic,24,869.4,0.034,20865.6,14400,6465.6,Dealer,SR-019,Cooperative,No
TXN01222,4/3/2025,2025,4,Apr,Q2,Kharif,Rajasthan,Jaipur,Zinc Sulphate,Micronutrient,31,311.85,0.109,9667.35,5580,4087.35,Government Scheme,SR-005,Cooperative,No
TXN01223,7/22/2023,2023,7,Jul,Q3,Kharif,Uttar Pradesh,Agra,Ammonium Sulphate,Nitrogenous,266,583.05,0.103,155091.3,93100,61991.3,Online Portal,SR-007,Large Farmer,No
TXN01224,3/10/2024,2024,3,Mar,Q1,Kharif,Andhra Pradesh,Guntur,MOP,Potassic,345,883.8,0.018,304911,207000,97911,Online Portal,SR-011,Cooperative,No
TXN01225,7/25/2023,2023,7,Jul,Q3,Kharif,Rajasthan,Ajmer,DAP,Phosphatic,479,1213.65,0.101,581338.35,431100,150238.35,Cooperative Society,SR-013,Cooperative,No
TXN01226,1/5/2023,2023,1,Jan,Q1,Rabi,Karnataka,Belagavi,SSP,Phosphatic,76,384.72,0.084,29238.72,15200,14038.72,Online Portal,SR-019,Large Farmer,No
TXN01227,4/6/2024,2024,4,Apr,Q2,Kharif,Punjab,Ludhiana,Urea,Nitrogenous,446,547.2,0.088,244051.2,124880,119171.2,Direct Farm,SR-004,Small Farmer,No
TXN01228,9/2/2024,2024,9,Sep,Q3,Rabi,Maharashtra,Nashik,NPK 10-26-26,Complex,63,1070.4,0.108,67435.2,51660,15775.2,Direct Farm,SR-024,Cooperative,No
TXN01229,5/12/2022,2022,5,May,Q2,Kharif,Uttar Pradesh,Meerut,SSP,Phosphatic,68,418.32,0.004,28445.76,13600,14845.76,Dealer,SR-015,Large Farmer,No
TXN01230,3/2/2022,2022,3,Mar,Q1,Kharif,Haryana,Ambala,DAP,Phosphatic,367,1277.1,0.054,468695.7,330300,138395.7,Direct Farm,SR-021,Medium Farmer,No
TXN01231,6/2/2023,2023,6,Jun,Q2,Kharif,Gujarat,Rajkot,SSP,Phosphatic,125,409.92,0.024,51240,25000,26240,Direct Farm,SR-014,Medium Farmer,No
TXN01232,4/7/2025,2025,4,Apr,Q2,Kharif,Uttar Pradesh,Lucknow,NPK 10-26-26,Complex,27,1083.6,0.097,29257.2,22140,7117.2,Dealer,SR-012,Cooperative,No
TXN01233,1/24/2025,2025,1,Jan,Q1,Rabi,Punjab,Jalandhar,MOP,Potassic,359,820.8,0.088,294667.2,215400,79267.2,Online Portal,SR-016,Medium Farmer,No
TXN01234,3/14/2025,2025,3,Mar,Q1,Kharif,Gujarat,Gandhinagar,Ammonium Sulphate,Nitrogenous,192,601.9,0.074,115564.8,67200,48364.8,Online Portal,SR-028,Medium Farmer,No
TXN01235,6/17/2024,2024,6,Jun,Q2,Kharif,Bihar,Bhagalpur,DAP,Phosphatic,301,1337.85,0.009,402692.85,270900,131792.85,Online Portal,SR-010,Small Farmer,No
TXN01236,10/18/2024,2024,10,Oct,Q4,Rabi,Madhya Pradesh,Bhopal,Ammonium Sulphate,Nitrogenous,21,632.45,0.027,13281.45,7350,5931.45,Government Scheme,SR-030,Large Farmer,No
TXN01237,1/3/2024,2024,1,Jan,Q1,Rabi,Punjab,Amritsar,SSP,Phosphatic,48,393.12,0.064,18869.76,9600,9269.76,Direct Farm,SR-028,Large Farmer,No
TXN01238,4/27/2022,2022,4,Apr,Q2,Kharif,Andhra Pradesh,Guntur,Zinc Sulphate,Micronutrient,489,311.5,0.11,152323.5,88020,64303.5,Government Scheme,SR-021,Small Farmer,No
TXN01239,11/24/2023,2023,11,Nov,Q4,Rabi,Bihar,Gaya,NPK 10-26-26,Complex,181,1071.6,0.107,193959.6,148420,45539.6,Dealer,SR-005,Medium Farmer,No
TXN01240,11/7/2023,2023,11,Nov,Q4,Rabi,Uttar Pradesh,Agra,Zinc Sulphate,Micronutrient,47,316.05,0.097,14854.35,8460,6394.35,Online Portal,SR-029,Small Farmer,No
TXN01241,5/25/2022,2022,5,May,Q2,Kharif,Bihar,Darbhanga,DAP,Phosphatic,464,1260.9,0.066,585057.6,417600,167457.6,Direct Farm,SR-009,Small Farmer,No
TXN01242,3/14/2022,2022,3,Mar,Q1,Kharif,Gujarat,Gandhinagar,NPK 10-26-26,Complex,342,1149.6,0.042,393163.2,280440,112723.2,Cooperative Society,SR-010,Medium Farmer,No
TXN01243,4/24/2022,2022,4,Apr,Q2,Kharif,Uttar Pradesh,Agra,Calcium Nitrate,Nitrogenous,359,780.3,0.082,280127.7,179500,100627.7,Dealer,SR-018,Cooperative,No
TXN01244,3/3/2024,2024,3,Mar,Q1,Kharif,Bihar,Muzaffarpur,Calcium Nitrate,Nitrogenous,369,806.65,0.051,297653.85,184500,113153.85,Direct Farm,SR-004,Cooperative,No
TXN01245,1/24/2024,2024,1,Jan,Q1,Rabi,Maharashtra,Nashik,Ammonium Sulphate,Nitrogenous,233,578.5,0.11,134790.5,81550,53240.5,Direct Farm,SR-008,Small Farmer,No
TXN01246,1/21/2022,2022,1,Jan,Q1,Rabi,Madhya Pradesh,Jabalpur,Urea,Nitrogenous,420,598.8,0.002,251496,117600,133896,Direct Farm,SR-027,Small Farmer,No
TXN01247,4/27/2022,2022,4,Apr,Q2,Kharif,Haryana,Hisar,MOP,Potassic,154,895.5,0.005,137907,92400,45507,Government Scheme,SR-020,Medium Farmer,No
TXN01248,9/23/2022,2022,9,Sep,Q3,Rabi,Karnataka,Mangaluru,Zinc Sulphate,Micronutrient,346,344.75,0.015,119283.5,62280,57003.5,Dealer,SR-003,Large Farmer,No
TXN01249,2/26/2023,2023,2,Feb,Q1,Rabi,Gujarat,Vadodara,NPK 10-26-26,Complex,237,1096.8,0.086,259941.6,194340,65601.6,Government Scheme,SR-025,Large Farmer,Yes
TXN01250,5/16/2023,2023,5,May,Q2,Kharif,Andhra Pradesh,Kurnool,Ammonium Sulphate,Nitrogenous,367,607.75,0.065,223044.25,128450,94594.25,Dealer,SR-002,Large Farmer,No
TXN01251,9/22/2024,2024,9,Sep,Q3,Rabi,Rajasthan,Jaipur,NPK 10-26-26,Complex,476,1180.8,0.016,562060.8,390320,171740.8,Online Portal,SR-008,Large Farmer,No
TXN01252,3/8/2023,2023,3,Mar,Q1,Kharif,Punjab,Jalandhar,MOP,Potassic,28,794.7,0.117,22251.6,16800,5451.6,Cooperative Society,SR-021,Cooperative,No
TXN01253,2/13/2022,2022,2,Feb,Q1,Rabi,Gujarat,Ahmedabad,SSP,Phosphatic,152,390.18,0.071,59307.36,30400,28907.36,Government Scheme,SR-027,Small Farmer,No
TXN01254,7/26/2023,2023,7,Jul,Q3,Kharif,Karnataka,Mangaluru,Zinc Sulphate,Micronutrient,19,313.6,0.104,5958.4,3420,2538.4,Cooperative Society,SR-015,Small Farmer,No
TXN01255,2/26/2023,2023,2,Feb,Q1,Rabi,Bihar,Muzaffarpur,Calcium Nitrate,Nitrogenous,282,844.9,0.006,238261.8,141000,97261.8,Government Scheme,SR-002,Large Farmer,No
TXN01256,11/20/2023,2023,11,Nov,Q4,Rabi,Rajasthan,Kota,NPK 10-26-26,Complex,397,1196.4,0.003,474970.8,325540,149430.8,Online Portal,SR-014,Cooperative,No
TXN01257,8/12/2022,2022,8,Aug,Q3,Kharif,Andhra Pradesh,Vijayawada,SSP,Phosphatic,449,370.02,0.119,166138.98,89800,76338.98,Online Portal,SR-015,Cooperative,No
TXN01258,3/9/2025,2025,3,Mar,Q1,Kharif,Andhra Pradesh,Kurnool,MOP,Potassic,205,849.6,0.056,174168,123000,51168,Direct Farm,SR-005,Small Farmer,No
TXN01259,7/16/2023,2023,7,Jul,Q3,Kharif,Punjab,Amritsar,SSP,Phosphatic,182,391.02,0.069,71165.64,36400,34765.64,Dealer,SR-020,Large Farmer,No
TXN01260,7/5/2023,2023,7,Jul,Q3,Kharif,Rajasthan,Kota,Urea,Nitrogenous,73,577.8,0.037,42179.4,20440,21739.4,Government Scheme,SR-027,Large Farmer,No
TXN01261,6/27/2024,2024,6,Jun,Q2,Kharif,Gujarat,Ahmedabad,Zinc Sulphate,Micronutrient,14,330.4,0.056,4625.6,2520,2105.6,Government Scheme,SR-016,Medium Farmer,No
TXN01262,4/30/2022,2022,4,Apr,Q2,Kharif,Karnataka,Bengaluru,SSP,Phosphatic,469,389.34,0.073,182600.46,93800,88800.46,Government Scheme,SR-003,Cooperative,No
TXN01263,6/13/2023,2023,6,Jun,Q2,Kharif,Rajasthan,Udaipur,Zinc Sulphate,Micronutrient,75,340.55,0.027,25541.25,13500,12041.25,Direct Farm,SR-005,Small Farmer,No
TXN01264,8/23/2022,2022,8,Aug,Q3,Kharif,Uttar Pradesh,Agra,Zinc Sulphate,Micronutrient,306,336.7,0.038,103030.2,55080,47950.2,Online Portal,SR-023,Medium Farmer,No
TXN01265,6/15/2023,2023,6,Jun,Q2,Kharif,Rajasthan,Jaipur,Ammonium Sulphate,Nitrogenous,286,594.1,0.086,169912.6,100100,69812.6,Online Portal,SR-008,Large Farmer,No
TXN01266,6/8/2022,2022,6,Jun,Q2,Kharif,Andhra Pradesh,Vijayawada,DAP,Phosphatic,271,1337.85,0.009,362557.35,243900,118657.35,Direct Farm,SR-011,Large Farmer,No
TXN01267,5/27/2022,2022,5,May,Q2,Kharif,Bihar,Gaya,MOP,Potassic,22,864.9,0.039,19027.8,13200,5827.8,Government Scheme,SR-011,Cooperative,Yes
TXN01268,2/7/2024,2024,2,Feb,Q1,Rabi,Gujarat,Vadodara,Urea,Nitrogenous,92,573.6,0.044,52771.2,25760,27011.2,Government Scheme,SR-030,Medium Farmer,No
TXN01269,2/22/2022,2022,2,Feb,Q1,Rabi,Punjab,Bathinda,NPK 10-26-26,Complex,423,1154.4,0.038,488311.2,346860,141451.2,Online Portal,SR-026,Large Farmer,No
TXN01270,2/15/2024,2024,2,Feb,Q1,Rabi,Karnataka,Bengaluru,MOP,Potassic,205,817.2,0.092,167526,123000,44526,Dealer,SR-003,Medium Farmer,No
TXN01271,10/28/2024,2024,10,Oct,Q4,Rabi,Karnataka,Belagavi,Calcium Nitrate,Nitrogenous,285,775.2,0.088,220932,142500,78432,Online Portal,SR-026,Small Farmer,No
TXN01272,8/25/2024,2024,8,Aug,Q3,Kharif,Andhra Pradesh,Nellore,Zinc Sulphate,Micronutrient,172,338.8,0.032,58273.6,30960,27313.6,Online Portal,SR-010,Medium Farmer,No
TXN01273,5/13/2023,2023,5,May,Q2,Kharif,Maharashtra,Nashik,Zinc Sulphate,Micronutrient,171,318.5,0.09,54463.5,30780,23683.5,Dealer,SR-023,Medium Farmer,No
TXN01274,4/19/2024,2024,4,Apr,Q2,Kharif,Maharashtra,Pune,Ammonium Sulphate,Nitrogenous,296,610.35,0.061,180663.6,103600,77063.6,Government Scheme,SR-021,Cooperative,No
TXN01275,4/17/2023,2023,4,Apr,Q2,Kharif,Gujarat,Rajkot,NPK 10-26-26,Complex,301,1081.2,0.099,325441.2,246820,78621.2,Direct Farm,SR-030,Medium Farmer,No
TXN01276,4/12/2025,2025,4,Apr,Q2,Kharif,Haryana,Rohtak,SSP,Phosphatic,417,405.72,0.034,169185.24,83400,85785.24,Government Scheme,SR-004,Small Farmer,No
TXN01277,5/12/2024,2024,5,May,Q2,Kharif,Andhra Pradesh,Visakhapatnam,Zinc Sulphate,Micronutrient,333,312.9,0.106,104195.7,59940,44255.7,Direct Farm,SR-029,Medium Farmer,No
TXN01278,2/1/2022,2022,2,Feb,Q1,Rabi,Haryana,Gurugram,Calcium Nitrate,Nitrogenous,144,771.8,0.092,111139.2,72000,39139.2,Cooperative Society,SR-024,Small Farmer,No
TXN01279,3/11/2022,2022,3,Mar,Q1,Kharif,Bihar,Patna,MOP,Potassic,47,885.6,0.016,41623.2,28200,13423.2,Online Portal,SR-030,Cooperative,No
TXN01280,12/27/2023,2023,12,Dec,Q4,Rabi,Haryana,Hisar,NPK 10-26-26,Complex,374,1158,0.035,433092,306680,126412,Government Scheme,SR-029,Large Farmer,No
TXN01281,8/9/2022,2022,8,Aug,Q3,Kharif,Uttar Pradesh,Lucknow,Ammonium Sulphate,Nitrogenous,496,614.9,0.054,304990.4,173600,131390.4,Cooperative Society,SR-021,Cooperative,No
TXN01282,8/16/2023,2023,8,Aug,Q3,Kharif,Gujarat,Surat,MOP,Potassic,380,817.2,0.092,310536,228000,82536,Online Portal,SR-003,Medium Farmer,No
TXN01283,4/30/2025,2025,4,Apr,Q2,Kharif,Karnataka,Hubli,Zinc Sulphate,Micronutrient,204,336.7,0.038,68686.8,36720,31966.8,Direct Farm,SR-017,Large Farmer,No
TXN01284,4/21/2023,2023,4,Apr,Q2,Kharif,Rajasthan,Ajmer,Ammonium Sulphate,Nitrogenous,34,605.8,0.068,20597.2,11900,8697.2,Online Portal,SR-019,Cooperative,No
TXN01285,10/24/2023,2023,10,Oct,Q4,Rabi,Bihar,Gaya,MOP,Potassic,498,884.7,0.017,440580.6,298800,141780.6,Direct Farm,SR-014,Large Farmer,No
TXN01286,10/6/2023,2023,10,Oct,Q4,Rabi,Punjab,Jalandhar,SSP,Phosphatic,94,414.12,0.014,38927.28,18800,20127.28,Government Scheme,SR-016,Cooperative,No
TXN01287,12/13/2022,2022,12,Dec,Q4,Rabi,Rajasthan,Udaipur,DAP,Phosphatic,483,1312.2,0.028,633792.6,434700,199092.6,Government Scheme,SR-005,Small Farmer,No
TXN01288,2/4/2025,2025,2,Feb,Q1,Rabi,Andhra Pradesh,Visakhapatnam,Urea,Nitrogenous,316,535.2,0.108,169123.2,88480,80643.2,Online Portal,SR-018,Medium Farmer,No
TXN01289,9/27/2024,2024,9,Sep,Q3,Rabi,Uttar Pradesh,Kanpur,NPK 10-26-26,Complex,154,1064.4,0.113,163917.6,126280,37637.6,Online Portal,SR-014,Cooperative,No
TXN01290,9/16/2022,2022,9,Sep,Q3,Rabi,Gujarat,Vadodara,DAP,Phosphatic,376,1235.25,0.085,464454,338400,126054,Dealer,SR-015,Cooperative,No
TXN01291,6/23/2023,2023,6,Jun,Q2,Kharif,Punjab,Amritsar,SSP,Phosphatic,384,386.4,0.08,148377.6,76800,71577.6,Government Scheme,SR-026,Small Farmer,No
TXN01292,6/2/2022,2022,6,Jun,Q2,Kharif,Maharashtra,Nashik,Ammonium Sulphate,Nitrogenous,151,614.9,0.054,92849.9,52850,39999.9,Online Portal,SR-022,Small Farmer,No
TXN01293,3/20/2022,2022,3,Mar,Q1,Kharif,Bihar,Patna,Ammonium Sulphate,Nitrogenous,107,584.35,0.101,62525.45,37450,25075.45,Dealer,SR-021,Small Farmer,No
TXN01294,10/8/2022,2022,10,Oct,Q4,Rabi,Karnataka,Mangaluru,NPK 10-26-26,Complex,354,1172.4,0.023,415029.6,290280,124749.6,Cooperative Society,SR-005,Cooperative,No
TXN01295,10/14/2024,2024,10,Oct,Q4,Rabi,Rajasthan,Jodhpur,NPK 10-26-26,Complex,335,1074,0.105,359790,274700,85090,Online Portal,SR-028,Medium Farmer,No
TXN01296,6/8/2024,2024,6,Jun,Q2,Kharif,Punjab,Patiala,NPK 10-26-26,Complex,373,1174.8,0.021,438200.4,305860,132340.4,Cooperative Society,SR-023,Large Farmer,No
TXN01297,2/18/2024,2024,2,Feb,Q1,Rabi,Karnataka,Mysuru,Ammonium Sulphate,Nitrogenous,257,608.4,0.064,156358.8,89950,66408.8,Direct Farm,SR-029,Large Farmer,No
TXN01298,8/22/2023,2023,8,Aug,Q3,Kharif,Gujarat,Rajkot,Calcium Nitrate,Nitrogenous,316,813.45,0.043,257050.2,158000,99050.2,Cooperative Society,SR-010,Small Farmer,No
TXN01299,8/19/2022,2022,8,Aug,Q3,Kharif,Rajasthan,Ajmer,Zinc Sulphate,Micronutrient,176,339.5,0.03,59752,31680,28072,Cooperative Society,SR-004,Medium Farmer,No
TXN01300,10/16/2023,2023,10,Oct,Q4,Rabi,Punjab,Jalandhar,Calcium Nitrate,Nitrogenous,370,837.25,0.015,309782.5,185000,124782.5,Cooperative Society,SR-027,Cooperative,No
TXN01301,4/23/2024,2024,4,Apr,Q2,Kharif,Madhya Pradesh,Bhopal,SSP,Phosphatic,147,394.38,0.061,57973.86,29400,28573.86,Cooperative Society,SR-002,Large Farmer,No
TXN01302,10/13/2023,2023,10,Oct,Q4,Rabi,Bihar,Bhagalpur,Zinc Sulphate,Micronutrient,227,333.2,0.048,75636.4,40860,34776.4,Dealer,SR-009,Cooperative,No
TXN01303,11/27/2023,2023,11,Nov,Q4,Rabi,Uttar Pradesh,Kanpur,Zinc Sulphate,Micronutrient,219,340.55,0.027,74580.45,39420,35160.45,Direct Farm,SR-018,Medium Farmer,Yes
TXN01304,8/14/2022,2022,8,Aug,Q3,Kharif,Karnataka,Belagavi,Ammonium Sulphate,Nitrogenous,76,602.55,0.073,45793.8,26600,19193.8,Dealer,SR-024,Small Farmer,No
TXN01305,7/4/2022,2022,7,Jul,Q3,Kharif,Maharashtra,Aurangabad,DAP,Phosphatic,345,1341.9,0.006,462955.5,310500,152455.5,Direct Farm,SR-012,Medium Farmer,No
TXN01306,1/2/2025,2025,1,Jan,Q1,Rabi,Bihar,Muzaffarpur,SSP,Phosphatic,420,412.02,0.019,173048.4,84000,89048.4,Government Scheme,SR-011,Cooperative,No
TXN01307,2/6/2025,2025,2,Feb,Q1,Rabi,Madhya Pradesh,Bhopal,Urea,Nitrogenous,442,598.8,0.002,264669.6,123760,140909.6,Online Portal,SR-004,Cooperative,No
TXN01308,3/28/2022,2022,3,Mar,Q1,Kharif,Haryana,Ambala,SSP,Phosphatic,22,408.24,0.028,8981.28,4400,4581.28,Direct Farm,SR-002,Large Farmer,No
TXN01309,2/13/2024,2024,2,Feb,Q1,Rabi,Bihar,Muzaffarpur,SSP,Phosphatic,451,415.8,0.01,187525.8,90200,97325.8,Dealer,SR-017,Cooperative,No
TXN01310,1/31/2022,2022,1,Jan,Q1,Rabi,Andhra Pradesh,Nellore,MOP,Potassic,58,820.8,0.088,47606.4,34800,12806.4,Cooperative Society,SR-007,Large Farmer,No
TXN01311,5/20/2024,2024,5,May,Q2,Kharif,Andhra Pradesh,Guntur,SSP,Phosphatic,150,396.9,0.055,59535,30000,29535,Dealer,SR-009,Cooperative,No
TXN01312,8/20/2023,2023,8,Aug,Q3,Kharif,Bihar,Patna,NPK 10-26-26,Complex,218,1119.6,0.067,244072.8,178760,65312.8,Cooperative Society,SR-010,Medium Farmer,No
TXN01313,2/5/2022,2022,2,Feb,Q1,Rabi,Gujarat,Rajkot,Ammonium Sulphate,Nitrogenous,400,607.1,0.066,242840,140000,102840,Dealer,SR-015,Medium Farmer,No
TXN01314,2/20/2022,2022,2,Feb,Q1,Rabi,Bihar,Muzaffarpur,Zinc Sulphate,Micronutrient,199,330.05,0.057,65679.95,35820,29859.95,Dealer,SR-021,Large Farmer,No
TXN01315,10/22/2022,2022,10,Oct,Q4,Rabi,Punjab,Ludhiana,MOP,Potassic,116,806.4,0.104,93542.4,69600,23942.4,Cooperative Society,SR-019,Medium Farmer,No
TXN01316,10/17/2022,2022,10,Oct,Q4,Rabi,Bihar,Darbhanga,Zinc Sulphate,Micronutrient,277,319.55,0.087,88515.35,49860,38655.35,Online Portal,SR-025,Medium Farmer,No
TXN01317,10/7/2024,2024,10,Oct,Q4,Rabi,Rajasthan,Ajmer,SSP,Phosphatic,389,402.78,0.041,156681.42,77800,78881.42,Direct Farm,SR-002,Large Farmer,No
TXN01318,4/12/2024,2024,4,Apr,Q2,Kharif,Uttar Pradesh,Kanpur,NPK 10-26-26,Complex,396,1119.6,0.067,443361.6,324720,118641.6,Cooperative Society,SR-018,Cooperative,No
TXN01319,4/28/2023,2023,4,Apr,Q2,Kharif,Maharashtra,Nagpur,Zinc Sulphate,Micronutrient,273,326.55,0.067,89148.15,49140,40008.15,Dealer,SR-030,Small Farmer,No
TXN01320,6/8/2022,2022,6,Jun,Q2,Kharif,Bihar,Muzaffarpur,Urea,Nitrogenous,92,562.8,0.062,51777.6,25760,26017.6,Dealer,SR-006,Medium Farmer,No
TXN01321,8/21/2022,2022,8,Aug,Q3,Kharif,Uttar Pradesh,Varanasi,Zinc Sulphate,Micronutrient,97,323.75,0.075,31403.75,17460,13943.75,Online Portal,SR-016,Medium Farmer,No
TXN01322,5/6/2024,2024,5,May,Q2,Kharif,Bihar,Patna,SSP,Phosphatic,70,398.16,0.052,27871.2,14000,13871.2,Government Scheme,SR-024,Large Farmer,No
TXN01323,10/23/2023,2023,10,Oct,Q4,Rabi,Karnataka,Hubli,MOP,Potassic,82,868.5,0.035,71217,49200,22017,Direct Farm,SR-026,Large Farmer,No
TXN01324,5/30/2023,2023,5,May,Q2,Kharif,Gujarat,Rajkot,NPK 10-26-26,Complex,489,1152,0.04,563328,400980,162348,Direct Farm,SR-006,Cooperative,No
TXN01325,10/13/2023,2023,10,Oct,Q4,Rabi,Bihar,Muzaffarpur,MOP,Potassic,250,892.8,0.008,223200,150000,73200,Dealer,SR-010,Medium Farmer,No
TXN01326,7/12/2022,2022,7,Jul,Q3,Kharif,Andhra Pradesh,Vijayawada,Ammonium Sulphate,Nitrogenous,58,645.45,0.007,37436.1,20300,17136.1,Cooperative Society,SR-020,Medium Farmer,No
TXN01327,12/19/2023,2023,12,Dec,Q4,Rabi,Andhra Pradesh,Visakhapatnam,Ammonium Sulphate,Nitrogenous,331,648.7,0.002,214719.7,115850,98869.7,Direct Farm,SR-009,Large Farmer,No
TXN01328,4/11/2025,2025,4,Apr,Q2,Kharif,Rajasthan,Udaipur,Calcium Nitrate,Nitrogenous,488,823.65,0.031,401941.2,244000,157941.2,Online Portal,SR-021,Medium Farmer,No
TXN01329,4/28/2025,2025,4,Apr,Q2,Kharif,Haryana,Gurugram,NPK 10-26-26,Complex,153,1174.8,0.021,179744.4,125460,54284.4,Online Portal,SR-004,Medium Farmer,No
TXN01330,4/17/2025,2025,4,Apr,Q2,Kharif,Bihar,Gaya,SSP,Phosphatic,423,383.04,0.088,162025.92,84600,77425.92,Online Portal,SR-022,Cooperative,No
TXN01331,12/11/2022,2022,12,Dec,Q4,Rabi,Uttar Pradesh,Agra,NPK 10-26-26,Complex,56,1065.6,0.112,59673.6,45920,13753.6,Online Portal,SR-005,Medium Farmer,No
TXN01332,8/31/2024,2024,8,Aug,Q3,Kharif,Uttar Pradesh,Kanpur,DAP,Phosphatic,468,1193.4,0.116,558511.2,421200,137311.2,Direct Farm,SR-017,Cooperative,No
TXN01333,8/24/2024,2024,8,Aug,Q3,Kharif,Maharashtra,Aurangabad,DAP,Phosphatic,133,1259.55,0.067,167520.15,119700,47820.15,Cooperative Society,SR-025,Cooperative,No
TXN01334,12/29/2023,2023,12,Dec,Q4,Rabi,Rajasthan,Kota,Ammonium Sulphate,Nitrogenous,281,644.15,0.009,181006.15,98350,82656.15,Online Portal,SR-027,Medium Farmer,No
TXN01335,7/23/2023,2023,7,Jul,Q3,Kharif,Haryana,Hisar,Zinc Sulphate,Micronutrient,260,320.95,0.083,83447,46800,36647,Government Scheme,SR-022,Small Farmer,No
TXN01336,6/10/2024,2024,6,Jun,Q2,Kharif,Maharashtra,Nashik,Urea,Nitrogenous,453,573.6,0.044,259840.8,126840,133000.8,Cooperative Society,SR-025,Large Farmer,No
TXN01337,3/14/2023,2023,3,Mar,Q1,Kharif,Karnataka,Belagavi,NPK 10-26-26,Complex,205,1146,0.045,234930,168100,66830,Dealer,SR-007,Cooperative,No
TXN01338,12/13/2024,2024,12,Dec,Q4,Rabi,Madhya Pradesh,Bhopal,SSP,Phosphatic,178,415.38,0.011,73937.64,35600,38337.64,Government Scheme,SR-030,Large Farmer,No
TXN01339,1/27/2022,2022,1,Jan,Q1,Rabi,Karnataka,Hubli,Urea,Nitrogenous,341,580.2,0.033,197848.2,95480,102368.2,Cooperative Society,SR-013,Small Farmer,No
TXN01340,7/16/2023,2023,7,Jul,Q3,Kharif,Uttar Pradesh,Meerut,Urea,Nitrogenous,451,548.4,0.086,247328.4,126280,121048.4,Cooperative Society,SR-020,Cooperative,No
TXN01341,12/22/2022,2022,12,Dec,Q4,Rabi,Gujarat,Gandhinagar,DAP,Phosphatic,29,1290.6,0.044,37427.4,26100,11327.4,Online Portal,SR-029,Medium Farmer,No
TXN01342,9/27/2022,2022,9,Sep,Q3,Rabi,Punjab,Patiala,DAP,Phosphatic,38,1278.45,0.053,48581.1,34200,14381.1,Dealer,SR-011,Small Farmer,No
TXN01343,7/23/2023,2023,7,Jul,Q3,Kharif,Madhya Pradesh,Ujjain,Urea,Nitrogenous,180,540,0.1,97200,50400,46800,Government Scheme,SR-029,Medium Farmer,No
TXN01344,1/21/2024,2024,1,Jan,Q1,Rabi,Andhra Pradesh,Guntur,Calcium Nitrate,Nitrogenous,223,764.15,0.101,170405.45,111500,58905.45,Dealer,SR-003,Medium Farmer,No
TXN01345,10/30/2022,2022,10,Oct,Q4,Rabi,Rajasthan,Jaipur,MOP,Potassic,237,895.5,0.005,212233.5,142200,70033.5,Online Portal,SR-007,Cooperative,No
TXN01346,1/7/2022,2022,1,Jan,Q1,Rabi,Rajasthan,Udaipur,Ammonium Sulphate,Nitrogenous,70,623.35,0.041,43634.5,24500,19134.5,Online Portal,SR-027,Small Farmer,No
TXN01347,8/6/2024,2024,8,Aug,Q3,Kharif,Punjab,Ludhiana,DAP,Phosphatic,103,1231.2,0.088,126813.6,92700,34113.6,Direct Farm,SR-011,Small Farmer,No
TXN01348,1/22/2022,2022,1,Jan,Q1,Rabi,Madhya Pradesh,Gwalior,Zinc Sulphate,Micronutrient,51,313.25,0.105,15975.75,9180,6795.75,Direct Farm,SR-010,Medium Farmer,No
TXN01349,9/28/2023,2023,9,Sep,Q3,Rabi,Uttar Pradesh,Varanasi,SSP,Phosphatic,101,406.14,0.033,41020.14,20200,20820.14,Online Portal,SR-011,Cooperative,No
TXN01350,1/21/2023,2023,1,Jan,Q1,Rabi,Rajasthan,Jodhpur,MOP,Potassic,161,872.1,0.031,140408.1,96600,43808.1,Cooperative Society,SR-009,Small Farmer,No
TXN01351,12/29/2023,2023,12,Dec,Q4,Rabi,Karnataka,Hubli,Ammonium Sulphate,Nitrogenous,405,599.95,0.077,242979.75,141750,101229.75,Cooperative Society,SR-027,Medium Farmer,No
TXN01352,4/13/2025,2025,4,Apr,Q2,Kharif,Bihar,Muzaffarpur,NPK 10-26-26,Complex,369,1137.6,0.052,419774.4,302580,117194.4,Government Scheme,SR-007,Large Farmer,No
TXN01353,2/3/2025,2025,2,Feb,Q1,Rabi,Rajasthan,Jaipur,NPK 10-26-26,Complex,142,1168.8,0.026,165969.6,116440,49529.6,Government Scheme,SR-002,Small Farmer,No
TXN01354,1/17/2023,2023,1,Jan,Q1,Rabi,Gujarat,Surat,Zinc Sulphate,Micronutrient,310,336.35,0.039,104268.5,55800,48468.5,Online Portal,SR-013,Small Farmer,No
TXN01355,8/3/2022,2022,8,Aug,Q3,Kharif,Maharashtra,Pune,MOP,Potassic,225,848.7,0.057,190957.5,135000,55957.5,Government Scheme,SR-021,Small Farmer,No
TXN01356,1/4/2024,2024,1,Jan,Q1,Rabi,Rajasthan,Jodhpur,Zinc Sulphate,Micronutrient,289,342.3,0.022,98924.7,52020,46904.7,Dealer,SR-015,Cooperative,No
TXN01357,3/25/2025,2025,3,Mar,Q1,Kharif,Bihar,Bhagalpur,Zinc Sulphate,Micronutrient,437,339.85,0.029,148514.45,78660,69854.45,Government Scheme,SR-020,Large Farmer,No
TXN01358,4/1/2024,2024,4,Apr,Q2,Kharif,Rajasthan,Jaipur,NPK 10-26-26,Complex,400,1065.6,0.112,426240,328000,98240,Online Portal,SR-004,Cooperative,No
TXN01359,7/6/2023,2023,7,Jul,Q3,Kharif,Karnataka,Mangaluru,Urea,Nitrogenous,93,563.4,0.061,52396.2,26040,26356.2,Government Scheme,SR-029,Medium Farmer,No
TXN01360,10/13/2022,2022,10,Oct,Q4,Rabi,Haryana,Ambala,Urea,Nitrogenous,56,577.8,0.037,32356.8,15680,16676.8,Direct Farm,SR-026,Large Farmer,No
TXN01361,3/21/2024,2024,3,Mar,Q1,Kharif,Haryana,Hisar,Urea,Nitrogenous,347,589.2,0.018,204452.4,97160,107292.4,Direct Farm,SR-010,Large Farmer,No
TXN01362,1/14/2023,2023,1,Jan,Q1,Rabi,Madhya Pradesh,Indore,Calcium Nitrate,Nitrogenous,56,776.05,0.087,43458.8,28000,15458.8,Direct Farm,SR-022,Large Farmer,No
TXN01363,9/4/2024,2024,9,Sep,Q3,Rabi,Haryana,Ambala,DAP,Phosphatic,251,1260.9,0.066,316485.9,225900,90585.9,Cooperative Society,SR-023,Medium Farmer,No
TXN01364,2/10/2024,2024,2,Feb,Q1,Rabi,Gujarat,Surat,DAP,Phosphatic,208,1329.75,0.015,276588,187200,89388,Direct Farm,SR-013,Large Farmer,No
TXN01365,5/19/2024,2024,5,May,Q2,Kharif,Karnataka,Mangaluru,DAP,Phosphatic,187,1270.35,0.059,237555.45,168300,69255.45,Online Portal,SR-001,Medium Farmer,No
TXN01366,12/31/2022,2022,12,Dec,Q4,Rabi,Madhya Pradesh,Gwalior,Ammonium Sulphate,Nitrogenous,184,611,0.06,112424,64400,48024,Dealer,SR-020,Cooperative,No
TXN01367,4/17/2023,2023,4,Apr,Q2,Kharif,Haryana,Hisar,NPK 10-26-26,Complex,32,1170,0.025,37440,26240,11200,Cooperative Society,SR-003,Large Farmer,No
TXN01368,1/4/2023,2023,1,Jan,Q1,Rabi,Bihar,Muzaffarpur,SSP,Phosphatic,169,400.68,0.046,67714.92,33800,33914.92,Cooperative Society,SR-002,Large Farmer,No
TXN01369,1/3/2023,2023,1,Jan,Q1,Rabi,Haryana,Hisar,DAP,Phosphatic,248,1219.05,0.097,302324.4,223200,79124.4,Government Scheme,SR-022,Small Farmer,Yes
TXN01370,4/8/2024,2024,4,Apr,Q2,Kharif,Uttar Pradesh,Agra,Ammonium Sulphate,Nitrogenous,75,605.15,0.069,45386.25,26250,19136.25,Cooperative Society,SR-022,Cooperative,No
TXN01371,9/22/2024,2024,9,Sep,Q3,Rabi,Bihar,Bhagalpur,Urea,Nitrogenous,165,569.4,0.051,93951,46200,47751,Dealer,SR-020,Cooperative,No
TXN01372,2/3/2024,2024,2,Feb,Q1,Rabi,Gujarat,Vadodara,Ammonium Sulphate,Nitrogenous,67,588.9,0.094,39456.3,23450,16006.3,Cooperative Society,SR-018,Cooperative,No
TXN01373,11/4/2022,2022,11,Nov,Q4,Rabi,Uttar Pradesh,Kanpur,SSP,Phosphatic,111,393.96,0.062,43729.56,22200,21529.56,Online Portal,SR-024,Cooperative,No
TXN01374,4/10/2022,2022,4,Apr,Q2,Kharif,Gujarat,Vadodara,Urea,Nitrogenous,72,537.6,0.104,38707.2,20160,18547.2,Cooperative Society,SR-012,Small Farmer,No
TXN01375,1/27/2024,2024,1,Jan,Q1,Rabi,Rajasthan,Ajmer,Ammonium Sulphate,Nitrogenous,355,626.6,0.036,222443,124250,98193,Dealer,SR-018,Large Farmer,No
TXN01376,8/24/2023,2023,8,Aug,Q3,Kharif,Maharashtra,Nagpur,Urea,Nitrogenous,238,576.6,0.039,137230.8,66640,70590.8,Dealer,SR-020,Small Farmer,No
TXN01377,3/16/2022,2022,3,Mar,Q1,Kharif,Andhra Pradesh,Vijayawada,NPK 10-26-26,Complex,99,1188,0.01,117612,81180,36432,Dealer,SR-005,Medium Farmer,Yes
TXN01378,10/7/2024,2024,10,Oct,Q4,Rabi,Bihar,Gaya,Ammonium Sulphate,Nitrogenous,244,596.05,0.083,145436.2,85400,60036.2,Direct Farm,SR-030,Cooperative,No
TXN01379,6/6/2022,2022,6,Jun,Q2,Kharif,Maharashtra,Aurangabad,Urea,Nitrogenous,85,556.2,0.073,47277,23800,23477,Dealer,SR-013,Small Farmer,No
TXN01380,9/11/2023,2023,9,Sep,Q3,Rabi,Bihar,Bhagalpur,Urea,Nitrogenous,104,531.6,0.114,55286.4,29120,26166.4,Government Scheme,SR-024,Small Farmer,No
TXN01381,8/27/2022,2022,8,Aug,Q3,Kharif,Madhya Pradesh,Ujjain,SSP,Phosphatic,165,388.92,0.074,64171.8,33000,31171.8,Online Portal,SR-028,Medium Farmer,No
TXN01382,2/6/2024,2024,2,Feb,Q1,Rabi,Karnataka,Mangaluru,NPK 10-26-26,Complex,399,1065.6,0.112,425174.4,327180,97994.4,Government Scheme,SR-024,Medium Farmer,No
TXN01383,10/24/2024,2024,10,Oct,Q4,Rabi,Uttar Pradesh,Meerut,Calcium Nitrate,Nitrogenous,475,831.3,0.022,394867.5,237500,157367.5,Government Scheme,SR-009,Small Farmer,No
TXN01384,3/1/2023,2023,3,Mar,Q1,Kharif,Uttar Pradesh,Varanasi,MOP,Potassic,150,871.2,0.032,130680,90000,40680,Online Portal,SR-026,Large Farmer,No
TXN01385,3/30/2023,2023,3,Mar,Q1,Kharif,Madhya Pradesh,Bhopal,Ammonium Sulphate,Nitrogenous,123,644.8,0.008,79310.4,43050,36260.4,Government Scheme,SR-024,Cooperative,No
TXN01386,5/11/2024,2024,5,May,Q2,Kharif,Karnataka,Hubli,Calcium Nitrate,Nitrogenous,253,754.8,0.112,190964.4,126500,64464.4,Dealer,SR-011,Large Farmer,No
TXN01387,12/11/2023,2023,12,Dec,Q4,Rabi,Gujarat,Surat,Zinc Sulphate,Micronutrient,447,318.85,0.089,142525.95,80460,62065.95,Direct Farm,SR-018,Medium Farmer,No
TXN01388,6/8/2023,2023,6,Jun,Q2,Kharif,Bihar,Patna,DAP,Phosphatic,333,1271.7,0.058,423476.1,299700,123776.1,Government Scheme,SR-003,Medium Farmer,No
TXN01389,1/27/2024,2024,1,Jan,Q1,Rabi,Rajasthan,Udaipur,Ammonium Sulphate,Nitrogenous,241,597.35,0.081,143961.35,84350,59611.35,Dealer,SR-005,Medium Farmer,No
TXN01390,12/22/2023,2023,12,Dec,Q4,Rabi,Karnataka,Mangaluru,Calcium Nitrate,Nitrogenous,401,847.45,0.003,339827.45,200500,139327.45,Government Scheme,SR-018,Cooperative,No
TXN01391,2/8/2024,2024,2,Feb,Q1,Rabi,Andhra Pradesh,Visakhapatnam,Calcium Nitrate,Nitrogenous,320,753.1,0.114,240992,160000,80992,Dealer,SR-004,Cooperative,No
TXN01392,3/9/2023,2023,3,Mar,Q1,Kharif,Punjab,Bathinda,SSP,Phosphatic,101,376.32,0.104,38008.32,20200,17808.32,Cooperative Society,SR-018,Cooperative,No
TXN01393,3/22/2023,2023,3,Mar,Q1,Kharif,Bihar,Darbhanga,SSP,Phosphatic,173,381.36,0.092,65975.28,34600,31375.28,Dealer,SR-022,Large Farmer,No
TXN01394,1/1/2025,2025,1,Jan,Q1,Rabi,Andhra Pradesh,Vijayawada,NPK 10-26-26,Complex,449,1142.4,0.048,512937.6,368180,144757.6,Cooperative Society,SR-010,Cooperative,No
TXN01395,12/30/2022,2022,12,Dec,Q4,Rabi,Bihar,Gaya,Urea,Nitrogenous,282,540,0.1,152280,78960,73320,Cooperative Society,SR-021,Medium Farmer,No
TXN01396,2/25/2024,2024,2,Feb,Q1,Rabi,Karnataka,Mangaluru,Calcium Nitrate,Nitrogenous,220,830.45,0.023,182699,110000,72699,Dealer,SR-020,Medium Farmer,No
TXN01397,10/27/2024,2024,10,Oct,Q4,Rabi,Punjab,Bathinda,Calcium Nitrate,Nitrogenous,494,847.45,0.003,418640.3,247000,171640.3,Online Portal,SR-008,Medium Farmer,No
TXN01398,8/24/2024,2024,8,Aug,Q3,Kharif,Punjab,Jalandhar,Urea,Nitrogenous,390,556.8,0.072,217152,109200,107952,Cooperative Society,SR-018,Medium Farmer,No
TXN01399,7/26/2024,2024,7,Jul,Q3,Kharif,Maharashtra,Nashik,MOP,Potassic,251,799.2,0.112,200599.2,150600,49999.2,Direct Farm,SR-011,Medium Farmer,No
TXN01400,5/13/2022,2022,5,May,Q2,Kharif,Uttar Pradesh,Agra,Zinc Sulphate,Micronutrient,245,339.85,0.029,83263.25,44100,39163.25,Online Portal,SR-015,Medium Farmer,No
TXN01401,8/2/2024,2024,8,Aug,Q3,Kharif,Andhra Pradesh,Guntur,Ammonium Sulphate,Nitrogenous,456,578.5,0.11,263796,159600,104196,Direct Farm,SR-008,Cooperative,No
TXN01402,1/15/2022,2022,1,Jan,Q1,Rabi,Uttar Pradesh,Varanasi,Zinc Sulphate,Micronutrient,451,333.9,0.046,150588.9,81180,69408.9,Cooperative Society,SR-009,Small Farmer,No
TXN01403,12/29/2024,2024,12,Dec,Q4,Rabi,Uttar Pradesh,Varanasi,Zinc Sulphate,Micronutrient,433,319.55,0.087,138365.15,77940,60425.15,Government Scheme,SR-026,Cooperative,No
TXN01404,1/15/2024,2024,1,Jan,Q1,Rabi,Bihar,Darbhanga,Zinc Sulphate,Micronutrient,229,317.1,0.094,72615.9,41220,31395.9,Dealer,SR-005,Large Farmer,No
TXN01405,8/17/2022,2022,8,Aug,Q3,Kharif,Haryana,Ambala,Calcium Nitrate,Nitrogenous,346,815.15,0.041,282041.9,173000,109041.9,Direct Farm,SR-026,Cooperative,No
TXN01406,6/26/2023,2023,6,Jun,Q2,Kharif,Punjab,Jalandhar,DAP,Phosphatic,244,1204.2,0.108,293824.8,219600,74224.8,Cooperative Society,SR-025,Medium Farmer,No
TXN01407,12/3/2023,2023,12,Dec,Q4,Rabi,Rajasthan,Ajmer,Ammonium Sulphate,Nitrogenous,413,614.9,0.054,253953.7,144550,109403.7,Government Scheme,SR-019,Large Farmer,No
TXN01408,3/15/2022,2022,3,Mar,Q1,Kharif,Haryana,Faridabad,SSP,Phosphatic,23,408.66,0.027,9399.18,4600,4799.18,Government Scheme,SR-019,Large Farmer,No
TXN01409,9/21/2023,2023,9,Sep,Q3,Rabi,Haryana,Rohtak,SSP,Phosphatic,253,383.88,0.086,97121.64,50600,46521.64,Government Scheme,SR-005,Medium Farmer,No
TXN01410,8/22/2023,2023,8,Aug,Q3,Kharif,Bihar,Gaya,NPK 10-26-26,Complex,24,1077.6,0.102,25862.4,19680,6182.4,Online Portal,SR-010,Medium Farmer,No
TXN01411,1/25/2022,2022,1,Jan,Q1,Rabi,Rajasthan,Udaipur,Calcium Nitrate,Nitrogenous,254,787.1,0.074,199923.4,127000,72923.4,Direct Farm,SR-012,Medium Farmer,No
TXN01412,10/23/2024,2024,10,Oct,Q4,Rabi,Maharashtra,Kolhapur,Ammonium Sulphate,Nitrogenous,203,582.4,0.104,118227.2,71050,47177.2,Cooperative Society,SR-021,Medium Farmer,No
TXN01413,9/14/2024,2024,9,Sep,Q3,Rabi,Haryana,Hisar,Calcium Nitrate,Nitrogenous,17,782,0.08,13294,8500,4794,Dealer,SR-011,Medium Farmer,No
TXN01414,2/27/2023,2023,2,Feb,Q1,Rabi,Madhya Pradesh,Indore,SSP,Phosphatic,321,380.94,0.093,122281.74,64200,58081.74,Dealer,SR-021,Medium Farmer,No
TXN01415,10/18/2024,2024,10,Oct,Q4,Rabi,Gujarat,Gandhinagar,Urea,Nitrogenous,440,546,0.09,240240,123200,117040,Online Portal,SR-029,Medium Farmer,No
TXN01416,1/15/2024,2024,1,Jan,Q1,Rabi,Uttar Pradesh,Varanasi,DAP,Phosphatic,497,1296,0.04,644112,447300,196812,Dealer,SR-009,Small Farmer,No
TXN01417,7/3/2024,2024,7,Jul,Q3,Kharif,Karnataka,Belagavi,NPK 10-26-26,Complex,135,1162.8,0.031,156978,110700,46278,Direct Farm,SR-023,Medium Farmer,No
TXN01418,7/23/2024,2024,7,Jul,Q3,Kharif,Haryana,Gurugram,SSP,Phosphatic,292,406.14,0.033,118592.88,58400,60192.88,Direct Farm,SR-024,Small Farmer,No
TXN01419,12/6/2024,2024,12,Dec,Q4,Rabi,Rajasthan,Jaipur,NPK 10-26-26,Complex,126,1165.2,0.029,146815.2,103320,43495.2,Online Portal,SR-016,Cooperative,No
TXN01420,1/4/2025,2025,1,Jan,Q1,Rabi,Uttar Pradesh,Kanpur,DAP,Phosphatic,110,1273.05,0.057,140035.5,99000,41035.5,Cooperative Society,SR-003,Cooperative,No
TXN01421,7/24/2022,2022,7,Jul,Q3,Kharif,Andhra Pradesh,Nellore,NPK 10-26-26,Complex,316,1130.4,0.058,357206.4,259120,98086.4,Online Portal,SR-001,Cooperative,No
TXN01422,6/25/2024,2024,6,Jun,Q2,Kharif,Madhya Pradesh,Ujjain,Zinc Sulphate,Micronutrient,10,339.5,0.03,3395,1800,1595,Cooperative Society,SR-020,Large Farmer,No
TXN01423,12/28/2022,2022,12,Dec,Q4,Rabi,Maharashtra,Kolhapur,Zinc Sulphate,Micronutrient,273,338.1,0.034,92301.3,49140,43161.3,Government Scheme,SR-009,Medium Farmer,No
TXN01424,7/18/2023,2023,7,Jul,Q3,Kharif,Andhra Pradesh,Nellore,SSP,Phosphatic,330,397.74,0.053,131254.2,66000,65254.2,Direct Farm,SR-016,Small Farmer,No
TXN01425,11/9/2024,2024,11,Nov,Q4,Rabi,Gujarat,Rajkot,MOP,Potassic,101,892.8,0.008,90172.8,60600,29572.8,Cooperative Society,SR-022,Large Farmer,No
TXN01426,6/26/2024,2024,6,Jun,Q2,Kharif,Maharashtra,Kolhapur,MOP,Potassic,109,816.3,0.093,88976.7,65400,23576.7,Direct Farm,SR-007,Large Farmer,No
TXN01427,9/18/2023,2023,9,Sep,Q3,Rabi,Maharashtra,Kolhapur,Zinc Sulphate,Micronutrient,62,321.3,0.082,19920.6,11160,8760.6,Online Portal,SR-007,Medium Farmer,No
TXN01428,11/17/2022,2022,11,Nov,Q4,Rabi,Madhya Pradesh,Jabalpur,MOP,Potassic,446,882.9,0.019,393773.4,267600,126173.4,Direct Farm,SR-011,Cooperative,Yes
TXN01429,5/3/2024,2024,5,May,Q2,Kharif,Rajasthan,Jodhpur,SSP,Phosphatic,251,372.96,0.112,93612.96,50200,43412.96,Government Scheme,SR-012,Medium Farmer,No
TXN01430,11/15/2023,2023,11,Nov,Q4,Rabi,Maharashtra,Aurangabad,Zinc Sulphate,Micronutrient,167,332.15,0.051,55469.05,30060,25409.05,Cooperative Society,SR-025,Cooperative,No
TXN01431,4/7/2024,2024,4,Apr,Q2,Kharif,Uttar Pradesh,Varanasi,Ammonium Sulphate,Nitrogenous,340,586.95,0.097,199563,119000,80563,Cooperative Society,SR-025,Large Farmer,No
TXN01432,2/19/2023,2023,2,Feb,Q1,Rabi,Madhya Pradesh,Gwalior,SSP,Phosphatic,436,401.1,0.045,174879.6,87200,87679.6,Government Scheme,SR-014,Cooperative,No
TXN01433,2/16/2025,2025,2,Feb,Q1,Rabi,Andhra Pradesh,Visakhapatnam,NPK 10-26-26,Complex,326,1128,0.06,367728,267320,100408,Government Scheme,SR-004,Small Farmer,No
TXN01434,11/25/2022,2022,11,Nov,Q4,Rabi,Maharashtra,Nagpur,Zinc Sulphate,Micronutrient,497,309.05,0.117,153597.85,89460,64137.85,Dealer,SR-025,Cooperative,No
TXN01435,5/27/2023,2023,5,May,Q2,Kharif,Rajasthan,Kota,Calcium Nitrate,Nitrogenous,40,839.8,0.012,33592,20000,13592,Government Scheme,SR-009,Large Farmer,No
TXN01436,8/6/2023,2023,8,Aug,Q3,Kharif,Punjab,Patiala,MOP,Potassic,460,819,0.09,376740,276000,100740,Government Scheme,SR-025,Cooperative,No
TXN01437,11/5/2022,2022,11,Nov,Q4,Rabi,Karnataka,Hubli,NPK 10-26-26,Complex,297,1186.8,0.011,352479.6,243540,108939.6,Direct Farm,SR-011,Large Farmer,No
TXN01438,12/23/2024,2024,12,Dec,Q4,Rabi,Rajasthan,Jaipur,MOP,Potassic,405,817.2,0.092,330966,243000,87966,Government Scheme,SR-028,Large Farmer,No
TXN01439,3/16/2023,2023,3,Mar,Q1,Kharif,Haryana,Ambala,Zinc Sulphate,Micronutrient,126,330.75,0.055,41674.5,22680,18994.5,Government Scheme,SR-007,Large Farmer,No
TXN01440,2/17/2022,2022,2,Feb,Q1,Rabi,Haryana,Gurugram,Calcium Nitrate,Nitrogenous,228,809.2,0.048,184497.6,114000,70497.6,Cooperative Society,SR-026,Small Farmer,No
TXN01441,5/4/2022,2022,5,May,Q2,Kharif,Andhra Pradesh,Kurnool,Urea,Nitrogenous,299,568.8,0.052,170071.2,83720,86351.2,Dealer,SR-017,Large Farmer,No
TXN01442,10/4/2024,2024,10,Oct,Q4,Rabi,Rajasthan,Kota,Ammonium Sulphate,Nitrogenous,334,644.8,0.008,215363.2,116900,98463.2,Dealer,SR-019,Small Farmer,No
TXN01443,8/19/2022,2022,8,Aug,Q3,Kharif,Andhra Pradesh,Visakhapatnam,DAP,Phosphatic,303,1200.15,0.111,363645.45,272700,90945.45,Online Portal,SR-021,Medium Farmer,No
TXN01444,6/1/2024,2024,6,Jun,Q2,Kharif,Rajasthan,Ajmer,Zinc Sulphate,Micronutrient,465,312.9,0.106,145498.5,83700,61798.5,Direct Farm,SR-021,Large Farmer,No
TXN01445,1/8/2023,2023,1,Jan,Q1,Rabi,Karnataka,Hubli,Zinc Sulphate,Micronutrient,280,317.1,0.094,88788,50400,38388,Cooperative Society,SR-029,Small Farmer,No
TXN01446,3/23/2025,2025,3,Mar,Q1,Kharif,Rajasthan,Jaipur,Calcium Nitrate,Nitrogenous,19,849.15,0.001,16133.85,9500,6633.85,Government Scheme,SR-014,Medium Farmer,No
TXN01447,4/2/2023,2023,4,Apr,Q2,Kharif,Karnataka,Hubli,Zinc Sulphate,Micronutrient,344,322,0.08,110768,61920,48848,Online Portal,SR-030,Large Farmer,No
TXN01448,11/9/2022,2022,11,Nov,Q4,Rabi,Madhya Pradesh,Indore,NPK 10-26-26,Complex,167,1173.6,0.022,195991.2,136940,59051.2,Dealer,SR-018,Small Farmer,No
TXN01449,1/11/2025,2025,1,Jan,Q1,Rabi,Maharashtra,Pune,Ammonium Sulphate,Nitrogenous,455,625.3,0.038,284511.5,159250,125261.5,Direct Farm,SR-022,Medium Farmer,No
TXN01450,9/13/2023,2023,9,Sep,Q3,Rabi,Haryana,Hisar,SSP,Phosphatic,129,372.96,0.112,48111.84,25800,22311.84,Direct Farm,SR-025,Large Farmer,No
TXN01451,10/9/2022,2022,10,Oct,Q4,Rabi,Gujarat,Ahmedabad,Calcium Nitrate,Nitrogenous,23,804.95,0.053,18513.85,11500,7013.85,Direct Farm,SR-013,Small Farmer,No
TXN01452,6/17/2024,2024,6,Jun,Q2,Kharif,Bihar,Muzaffarpur,NPK 10-26-26,Complex,404,1144.8,0.046,462499.2,331280,131219.2,Dealer,SR-003,Medium Farmer,No
TXN01453,3/30/2025,2025,3,Mar,Q1,Kharif,Andhra Pradesh,Guntur,MOP,Potassic,397,877.5,0.025,348367.5,238200,110167.5,Cooperative Society,SR-024,Large Farmer,No
TXN01454,4/30/2024,2024,4,Apr,Q2,Kharif,Madhya Pradesh,Indore,DAP,Phosphatic,419,1267.65,0.061,531145.35,377100,154045.35,Cooperative Society,SR-009,Small Farmer,No
TXN01455,2/3/2022,2022,2,Feb,Q1,Rabi,Uttar Pradesh,Varanasi,Calcium Nitrate,Nitrogenous,214,752.25,0.115,160981.5,107000,53981.5,Dealer,SR-012,Large Farmer,No
TXN01456,5/14/2022,2022,5,May,Q2,Kharif,Bihar,Gaya,NPK 10-26-26,Complex,369,1188,0.01,438372,302580,135792,Cooperative Society,SR-029,Cooperative,No
TXN01457,7/17/2023,2023,7,Jul,Q3,Kharif,Maharashtra,Pune,MOP,Potassic,443,873,0.03,386739,265800,120939,Online Portal,SR-001,Medium Farmer,No
TXN01458,11/15/2022,2022,11,Nov,Q4,Rabi,Haryana,Hisar,Urea,Nitrogenous,41,556.8,0.072,22828.8,11480,11348.8,Direct Farm,SR-028,Large Farmer,No
TXN01459,4/29/2024,2024,4,Apr,Q2,Kharif,Haryana,Hisar,MOP,Potassic,99,799.2,0.112,79120.8,59400,19720.8,Direct Farm,SR-024,Medium Farmer,No
TXN01460,8/13/2022,2022,8,Aug,Q3,Kharif,Haryana,Gurugram,Zinc Sulphate,Micronutrient,114,337.05,0.037,38423.7,20520,17903.7,Government Scheme,SR-030,Large Farmer,No
TXN01461,10/20/2023,2023,10,Oct,Q4,Rabi,Uttar Pradesh,Lucknow,Ammonium Sulphate,Nitrogenous,24,580.45,0.107,13930.8,8400,5530.8,Dealer,SR-024,Medium Farmer,No
TXN01462,4/6/2022,2022,4,Apr,Q2,Kharif,Andhra Pradesh,Vijayawada,MOP,Potassic,90,889.2,0.012,80028,54000,26028,Government Scheme,SR-029,Medium Farmer,No
TXN01463,5/9/2024,2024,5,May,Q2,Kharif,Punjab,Ludhiana,Zinc Sulphate,Micronutrient,247,308.7,0.118,76248.9,44460,31788.9,Online Portal,SR-015,Medium Farmer,No
TXN01464,1/2/2022,2022,1,Jan,Q1,Rabi,Rajasthan,Ajmer,Zinc Sulphate,Micronutrient,470,312.2,0.108,146734,84600,62134,Direct Farm,SR-011,Large Farmer,No
TXN01465,7/17/2022,2022,7,Jul,Q3,Kharif,Gujarat,Rajkot,NPK 10-26-26,Complex,74,1168.8,0.026,86491.2,60680,25811.2,Direct Farm,SR-026,Medium Farmer,No
TXN01466,6/18/2022,2022,6,Jun,Q2,Kharif,Punjab,Patiala,SSP,Phosphatic,464,388.92,0.074,180458.88,92800,87658.88,Direct Farm,SR-008,Large Farmer,No
TXN01467,9/9/2023,2023,9,Sep,Q3,Rabi,Maharashtra,Nagpur,SSP,Phosphatic,399,374.64,0.108,149481.36,79800,69681.36,Government Scheme,SR-014,Large Farmer,No
TXN01468,4/1/2025,2025,4,Apr,Q2,Kharif,Uttar Pradesh,Varanasi,Urea,Nitrogenous,416,585.6,0.024,243609.6,116480,127129.6,Direct Farm,SR-001,Medium Farmer,Yes
TXN01469,3/11/2022,2022,3,Mar,Q1,Kharif,Madhya Pradesh,Indore,Calcium Nitrate,Nitrogenous,175,849.15,0.001,148601.25,87500,61101.25,Cooperative Society,SR-016,Large Farmer,No
TXN01470,3/28/2025,2025,3,Mar,Q1,Kharif,Bihar,Bhagalpur,NPK 10-26-26,Complex,242,1110,0.075,268620,198440,70180,Online Portal,SR-015,Small Farmer,No
TXN01471,11/19/2024,2024,11,Nov,Q4,Rabi,Maharashtra,Aurangabad,MOP,Potassic,140,863.1,0.041,120834,84000,36834,Cooperative Society,SR-025,Cooperative,No
TXN01472,12/3/2023,2023,12,Dec,Q4,Rabi,Andhra Pradesh,Kurnool,DAP,Phosphatic,410,1290.6,0.044,529146,369000,160146,Dealer,SR-018,Medium Farmer,No
TXN01473,4/11/2023,2023,4,Apr,Q2,Kharif,Gujarat,Ahmedabad,DAP,Phosphatic,291,1233.9,0.086,359064.9,261900,97164.9,Direct Farm,SR-028,Large Farmer,No
TXN01474,7/15/2024,2024,7,Jul,Q3,Kharif,Bihar,Darbhanga,DAP,Phosphatic,453,1192.05,0.117,539998.65,407700,132298.65,Direct Farm,SR-013,Medium Farmer,No
TXN01475,3/31/2023,2023,3,Mar,Q1,Kharif,Uttar Pradesh,Agra,Ammonium Sulphate,Nitrogenous,279,603.2,0.072,168292.8,97650,70642.8,Direct Farm,SR-019,Small Farmer,No
TXN01476,1/13/2024,2024,1,Jan,Q1,Rabi,Andhra Pradesh,Visakhapatnam,MOP,Potassic,201,882.9,0.019,177462.9,120600,56862.9,Direct Farm,SR-021,Medium Farmer,No
TXN01477,1/12/2025,2025,1,Jan,Q1,Rabi,Karnataka,Mangaluru,NPK 10-26-26,Complex,152,1192.8,0.006,181305.6,124640,56665.6,Cooperative Society,SR-010,Cooperative,No
TXN01478,5/12/2024,2024,5,May,Q2,Kharif,Gujarat,Rajkot,Ammonium Sulphate,Nitrogenous,79,593.45,0.087,46882.55,27650,19232.55,Government Scheme,SR-001,Small Farmer,No
TXN01479,2/12/2025,2025,2,Feb,Q1,Rabi,Rajasthan,Jodhpur,DAP,Phosphatic,40,1227.15,0.091,49086,36000,13086,Direct Farm,SR-005,Cooperative,No
TXN01480,5/12/2023,2023,5,May,Q2,Kharif,Bihar,Muzaffarpur,Calcium Nitrate,Nitrogenous,210,789.65,0.071,165826.5,105000,60826.5,Direct Farm,SR-027,Large Farmer,No
TXN01481,4/9/2023,2023,4,Apr,Q2,Kharif,Rajasthan,Jodhpur,Calcium Nitrate,Nitrogenous,73,776.05,0.087,56651.65,36500,20151.65,Online Portal,SR-022,Medium Farmer,No
TXN01482,6/27/2024,2024,6,Jun,Q2,Kharif,Haryana,Ambala,Ammonium Sulphate,Nitrogenous,15,600.6,0.076,9009,5250,3759,Online Portal,SR-010,Small Farmer,Yes
TXN01483,8/22/2024,2024,8,Aug,Q3,Kharif,Madhya Pradesh,Jabalpur,SSP,Phosphatic,430,413.7,0.015,177891,86000,91891,Online Portal,SR-015,Medium Farmer,No
TXN01484,12/1/2023,2023,12,Dec,Q4,Rabi,Rajasthan,Jaipur,Calcium Nitrate,Nitrogenous,439,759.05,0.107,333222.95,219500,113722.95,Dealer,SR-021,Cooperative,No
TXN01485,4/13/2025,2025,4,Apr,Q2,Kharif,Haryana,Hisar,SSP,Phosphatic,125,393.54,0.063,49192.5,25000,24192.5,Dealer,SR-024,Large Farmer,No
TXN01486,10/9/2024,2024,10,Oct,Q4,Rabi,Bihar,Bhagalpur,Urea,Nitrogenous,336,592.2,0.013,198979.2,94080,104899.2,Government Scheme,SR-027,Large Farmer,No
TXN01487,11/6/2024,2024,11,Nov,Q4,Rabi,Maharashtra,Nagpur,SSP,Phosphatic,192,415.8,0.01,79833.6,38400,41433.6,Dealer,SR-023,Cooperative,No
TXN01488,4/14/2025,2025,4,Apr,Q2,Kharif,Gujarat,Surat,Calcium Nitrate,Nitrogenous,350,822.8,0.032,287980,175000,112980,Cooperative Society,SR-018,Cooperative,No
TXN01489,11/28/2024,2024,11,Nov,Q4,Rabi,Bihar,Patna,DAP,Phosphatic,312,1213.65,0.101,378658.8,280800,97858.8,Dealer,SR-019,Small Farmer,No
TXN01490,5/4/2023,2023,5,May,Q2,Kharif,Maharashtra,Kolhapur,Calcium Nitrate,Nitrogenous,427,810.05,0.047,345891.35,213500,132391.35,Dealer,SR-012,Cooperative,No
TXN01491,3/20/2025,2025,3,Mar,Q1,Kharif,Andhra Pradesh,Guntur,Calcium Nitrate,Nitrogenous,426,767.55,0.097,326976.3,213000,113976.3,Cooperative Society,SR-022,Small Farmer,No
TXN01492,3/7/2025,2025,3,Mar,Q1,Kharif,Haryana,Gurugram,Ammonium Sulphate,Nitrogenous,60,627.25,0.035,37635,21000,16635,Cooperative Society,SR-026,Small Farmer,No
TXN01493,6/4/2023,2023,6,Jun,Q2,Kharif,Maharashtra,Aurangabad,Ammonium Sulphate,Nitrogenous,137,628.55,0.033,86111.35,47950,38161.35,Dealer,SR-011,Cooperative,Yes
TXN01494,6/23/2023,2023,6,Jun,Q2,Kharif,Haryana,Faridabad,Ammonium Sulphate,Nitrogenous,389,618.8,0.048,240713.2,136150,104563.2,Government Scheme,SR-025,Medium Farmer,No
TXN01495,7/2/2022,2022,7,Jul,Q3,Kharif,Maharashtra,Aurangabad,NPK 10-26-26,Complex,172,1081.2,0.099,185966.4,141040,44926.4,Dealer,SR-030,Small Farmer,Yes
TXN01496,4/11/2024,2024,4,Apr,Q2,Kharif,Maharashtra,Kolhapur,Zinc Sulphate,Micronutrient,337,342.3,0.022,115355.1,60660,54695.1,Cooperative Society,SR-007,Large Farmer,No
TXN01497,12/20/2023,2023,12,Dec,Q4,Rabi,Maharashtra,Nagpur,Ammonium Sulphate,Nitrogenous,396,637.65,0.019,252509.4,138600,113909.4,Direct Farm,SR-011,Small Farmer,No
TXN01498,1/24/2023,2023,1,Jan,Q1,Rabi,Karnataka,Hubli,SSP,Phosphatic,397,391.86,0.067,155568.42,79400,76168.42,Direct Farm,SR-013,Small Farmer,No
TXN01499,7/11/2022,2022,7,Jul,Q3,Kharif,Punjab,Bathinda,Calcium Nitrate,Nitrogenous,446,822.8,0.032,366968.8,223000,143968.8,Government Scheme,SR-018,Large Farmer,No
TXN01500,9/30/2022,2022,9,Sep,Q3,Rabi,Bihar,Patna,SSP,Phosphatic,324,391.44,0.068,126826.56,64800,62026.56,Dealer,SR-011,Medium Farmer,No
TXN01501,3/25/2022,2022,3,Mar,Q1,Kharif,Madhya Pradesh,Ujjain,MOP,Potassic,351,792.9,0.119,278307.9,210600,67707.9,Dealer,SR-016,Medium Farmer,No
TXN01502,5/18/2023,2023,5,May,Q2,Kharif,Madhya Pradesh,Jabalpur,NPK 10-26-26,Complex,84,1198.8,0.001,100699.2,68880,31819.2,Direct Farm,SR-001,Cooperative,No
TXN01503,4/28/2024,2024,4,Apr,Q2,Kharif,Andhra Pradesh,Nellore,NPK 10-26-26,Complex,221,1173.6,0.022,259365.6,181220,78145.6,Online Portal,SR-019,Cooperative,Yes
TXN01504,3/24/2025,2025,3,Mar,Q1,Kharif,Bihar,Gaya,Ammonium Sulphate,Nitrogenous,421,587.6,0.096,247379.6,147350,100029.6,Cooperative Society,SR-012,Large Farmer,No
TXN01505,10/18/2023,2023,10,Oct,Q4,Rabi,Andhra Pradesh,Kurnool,DAP,Phosphatic,500,1237.95,0.083,618975,450000,168975,Government Scheme,SR-028,Medium Farmer,No
TXN01506,3/31/2025,2025,3,Mar,Q1,Kharif,Haryana,Gurugram,Zinc Sulphate,Micronutrient,284,336.7,0.038,95622.8,51120,44502.8,Online Portal,SR-008,Large Farmer,Yes
TXN01507,2/8/2025,2025,2,Feb,Q1,Rabi,Madhya Pradesh,Jabalpur,SSP,Phosphatic,304,378,0.1,114912,60800,54112,Cooperative Society,SR-020,Cooperative,No
TXN01508,4/25/2025,2025,4,Apr,Q2,Kharif,Bihar,Patna,MOP,Potassic,21,839.7,0.067,17633.7,12600,5033.7,Online Portal,SR-021,Small Farmer,No
TXN01509,9/3/2024,2024,9,Sep,Q3,Rabi,Haryana,Gurugram,Ammonium Sulphate,Nitrogenous,43,575.25,0.115,24735.75,15050,9685.75,Government Scheme,SR-019,Large Farmer,No
TXN01510,10/2/2024,2024,10,Oct,Q4,Rabi,Bihar,Muzaffarpur,Calcium Nitrate,Nitrogenous,120,782.85,0.079,93942,60000,33942,Government Scheme,SR-018,Large Farmer,No
TXN01511,4/22/2023,2023,4,Apr,Q2,Kharif,Karnataka,Belagavi,Calcium Nitrate,Nitrogenous,83,771.8,0.092,64059.4,41500,22559.4,Online Portal,SR-011,Small Farmer,No
TXN01512,4/19/2022,2022,4,Apr,Q2,Kharif,Maharashtra,Kolhapur,DAP,Phosphatic,406,1192.05,0.117,483972.3,365400,118572.3,Online Portal,SR-003,Cooperative,No
TXN01513,2/3/2023,2023,2,Feb,Q1,Rabi,Madhya Pradesh,Ujjain,MOP,Potassic,437,880.2,0.022,384647.4,262200,122447.4,Cooperative Society,SR-024,Small Farmer,No
TXN01514,7/2/2022,2022,7,Jul,Q3,Kharif,Punjab,Patiala,Calcium Nitrate,Nitrogenous,422,808.35,0.049,341123.7,211000,130123.7,Cooperative Society,SR-005,Large Farmer,No
TXN01515,7/16/2022,2022,7,Jul,Q3,Kharif,Rajasthan,Udaipur,MOP,Potassic,372,853.2,0.052,317390.4,223200,94190.4,Government Scheme,SR-016,Small Farmer,No
TXN01516,6/18/2023,2023,6,Jun,Q2,Kharif,Bihar,Muzaffarpur,NPK 10-26-26,Complex,189,1058.4,0.118,200037.6,154980,45057.6,Dealer,SR-011,Cooperative,No
TXN01517,12/8/2024,2024,12,Dec,Q4,Rabi,Rajasthan,Jaipur,Urea,Nitrogenous,295,595.8,0.007,175761,82600,93161,Government Scheme,SR-004,Medium Farmer,No
TXN01518,12/19/2024,2024,12,Dec,Q4,Rabi,Uttar Pradesh,Lucknow,Ammonium Sulphate,Nitrogenous,206,625.95,0.037,128945.7,72100,56845.7,Online Portal,SR-019,Large Farmer,No
TXN01519,12/20/2022,2022,12,Dec,Q4,Rabi,Madhya Pradesh,Ujjain,Zinc Sulphate,Micronutrient,103,327.6,0.064,33742.8,18540,15202.8,Government Scheme,SR-004,Medium Farmer,No
TXN01520,2/6/2024,2024,2,Feb,Q1,Rabi,Karnataka,Mysuru,Zinc Sulphate,Micronutrient,371,314.3,0.102,116605.3,66780,49825.3,Direct Farm,SR-017,Medium Farmer,No
TXN01521,3/4/2022,2022,3,Mar,Q1,Kharif,Karnataka,Bengaluru,DAP,Phosphatic,423,1198.8,0.112,507092.4,380700,126392.4,Government Scheme,SR-004,Large Farmer,No
TXN01522,4/23/2025,2025,4,Apr,Q2,Kharif,Andhra Pradesh,Visakhapatnam,DAP,Phosphatic,264,1318.95,0.023,348202.8,237600,110602.8,Direct Farm,SR-020,Large Farmer,No
TXN01523,1/27/2025,2025,1,Jan,Q1,Rabi,Bihar,Bhagalpur,DAP,Phosphatic,352,1259.55,0.067,443361.6,316800,126561.6,Government Scheme,SR-008,Large Farmer,No
TXN01524,5/6/2023,2023,5,May,Q2,Kharif,Gujarat,Surat,Calcium Nitrate,Nitrogenous,31,813.45,0.043,25216.95,15500,9716.95,Cooperative Society,SR-026,Small Farmer,No
TXN01525,7/6/2022,2022,7,Jul,Q3,Kharif,Maharashtra,Kolhapur,Calcium Nitrate,Nitrogenous,397,793.9,0.066,315178.3,198500,116678.3,Direct Farm,SR-010,Large Farmer,No
TXN01526,7/6/2024,2024,7,Jul,Q3,Kharif,Madhya Pradesh,Gwalior,Calcium Nitrate,Nitrogenous,216,805.8,0.052,174052.8,108000,66052.8,Dealer,SR-016,Small Farmer,No
TXN01527,8/2/2022,2022,8,Aug,Q3,Kharif,Maharashtra,Kolhapur,Zinc Sulphate,Micronutrient,322,333.55,0.047,107403.1,57960,49443.1,Cooperative Society,SR-026,Large Farmer,No
TXN01528,12/16/2024,2024,12,Dec,Q4,Rabi,Uttar Pradesh,Agra,DAP,Phosphatic,167,1205.55,0.107,201326.85,150300,51026.85,Online Portal,SR-018,Medium Farmer,Yes
TXN01529,10/5/2023,2023,10,Oct,Q4,Rabi,Uttar Pradesh,Meerut,Urea,Nitrogenous,34,530.4,0.116,18033.6,9520,8513.6,Cooperative Society,SR-007,Large Farmer,No
TXN01530,4/18/2022,2022,4,Apr,Q2,Kharif,Bihar,Darbhanga,MOP,Potassic,270,860.4,0.044,232308,162000,70308,Dealer,SR-030,Medium Farmer,No
TXN01531,7/25/2024,2024,7,Jul,Q3,Kharif,Haryana,Faridabad,Ammonium Sulphate,Nitrogenous,47,594.1,0.086,27922.7,16450,11472.7,Cooperative Society,SR-007,Small Farmer,No
TXN01532,2/21/2024,2024,2,Feb,Q1,Rabi,Madhya Pradesh,Bhopal,SSP,Phosphatic,12,374.22,0.109,4490.64,2400,2090.64,Government Scheme,SR-006,Cooperative,No
TXN01533,2/1/2024,2024,2,Feb,Q1,Rabi,Bihar,Patna,MOP,Potassic,82,835.2,0.072,68486.4,49200,19286.4,Online Portal,SR-022,Large Farmer,No
TXN01534,3/14/2025,2025,3,Mar,Q1,Kharif,Rajasthan,Jodhpur,SSP,Phosphatic,219,385.14,0.083,84345.66,43800,40545.66,Cooperative Society,SR-027,Cooperative,No
TXN01535,7/24/2023,2023,7,Jul,Q3,Kharif,Madhya Pradesh,Jabalpur,SSP,Phosphatic,317,419.58,0.001,133006.86,63400,69606.86,Cooperative Society,SR-002,Cooperative,No
TXN01536,4/2/2023,2023,4,Apr,Q2,Kharif,Punjab,Ludhiana,DAP,Phosphatic,91,1204.2,0.108,109582.2,81900,27682.2,Cooperative Society,SR-003,Medium Farmer,No
TXN01537,11/2/2023,2023,11,Nov,Q4,Rabi,Haryana,Ambala,Calcium Nitrate,Nitrogenous,155,795.6,0.064,123318,77500,45818,Government Scheme,SR-028,Large Farmer,No
TXN01538,9/2/2022,2022,9,Sep,Q3,Rabi,Bihar,Muzaffarpur,DAP,Phosphatic,294,1212.3,0.102,356416.2,264600,91816.2,Direct Farm,SR-005,Small Farmer,No
TXN01539,9/7/2024,2024,9,Sep,Q3,Rabi,Punjab,Ludhiana,NPK 10-26-26,Complex,29,1080,0.1,31320,23780,7540,Direct Farm,SR-003,Small Farmer,No
TXN01540,6/11/2024,2024,6,Jun,Q2,Kharif,Karnataka,Hubli,Zinc Sulphate,Micronutrient,388,344.05,0.017,133491.4,69840,63651.4,Online Portal,SR-025,Small Farmer,No
TXN01541,1/23/2023,2023,1,Jan,Q1,Rabi,Madhya Pradesh,Gwalior,Urea,Nitrogenous,301,598.8,0.002,180238.8,84280,95958.8,Direct Farm,SR-011,Large Farmer,No
TXN01542,12/19/2023,2023,12,Dec,Q4,Rabi,Gujarat,Surat,Urea,Nitrogenous,210,572.4,0.046,120204,58800,61404,Government Scheme,SR-017,Small Farmer,No
TXN01543,1/12/2023,2023,1,Jan,Q1,Rabi,Madhya Pradesh,Gwalior,Zinc Sulphate,Micronutrient,22,313.25,0.105,6891.5,3960,2931.5,Dealer,SR-027,Medium Farmer,No
TXN01544,12/18/2024,2024,12,Dec,Q4,Rabi,Rajasthan,Kota,MOP,Potassic,83,840.6,0.066,69769.8,49800,19969.8,Government Scheme,SR-002,Small Farmer,No
TXN01545,4/19/2024,2024,4,Apr,Q2,Kharif,Andhra Pradesh,Nellore,Urea,Nitrogenous,326,548.4,0.086,178778.4,91280,87498.4,Government Scheme,SR-012,Small Farmer,No
TXN01546,8/1/2022,2022,8,Aug,Q3,Kharif,Madhya Pradesh,Bhopal,Calcium Nitrate,Nitrogenous,11,792.2,0.068,8714.2,5500,3214.2,Cooperative Society,SR-025,Small Farmer,No
TXN01547,3/14/2022,2022,3,Mar,Q1,Kharif,Karnataka,Belagavi,DAP,Phosphatic,20,1244.7,0.078,24894,18000,6894,Cooperative Society,SR-030,Cooperative,No
TXN01548,3/3/2024,2024,3,Mar,Q1,Kharif,Gujarat,Surat,Zinc Sulphate,Micronutrient,323,339.5,0.03,109658.5,58140,51518.5,Cooperative Society,SR-016,Medium Farmer,No
TXN01549,1/3/2025,2025,1,Jan,Q1,Rabi,Maharashtra,Nashik,MOP,Potassic,156,831.6,0.076,129729.6,93600,36129.6,Direct Farm,SR-013,Large Farmer,No
TXN01550,1/24/2024,2024,1,Jan,Q1,Rabi,Uttar Pradesh,Varanasi,SSP,Phosphatic,83,417.9,0.005,34685.7,16600,18085.7,Cooperative Society,SR-023,Medium Farmer,No
TXN01551,9/14/2022,2022,9,Sep,Q3,Rabi,Maharashtra,Nashik,Calcium Nitrate,Nitrogenous,225,759.9,0.106,170977.5,112500,58477.5,Cooperative Society,SR-024,Cooperative,No
TXN01552,3/6/2024,2024,3,Mar,Q1,Kharif,Gujarat,Vadodara,Ammonium Sulphate,Nitrogenous,176,598,0.08,105248,61600,43648,Direct Farm,SR-024,Medium Farmer,No
TXN01553,3/21/2023,2023,3,Mar,Q1,Kharif,Madhya Pradesh,Ujjain,NPK 10-26-26,Complex,495,1074,0.105,531630,405900,125730,Online Portal,SR-012,Cooperative,No
TXN01554,4/16/2024,2024,4,Apr,Q2,Kharif,Maharashtra,Aurangabad,NPK 10-26-26,Complex,211,1179.6,0.017,248895.6,173020,75875.6,Dealer,SR-018,Cooperative,No
TXN01555,4/24/2024,2024,4,Apr,Q2,Kharif,Uttar Pradesh,Agra,NPK 10-26-26,Complex,182,1120.8,0.066,203985.6,149240,54745.6,Direct Farm,SR-022,Cooperative,No
TXN01556,6/3/2024,2024,6,Jun,Q2,Kharif,Haryana,Hisar,Urea,Nitrogenous,365,585,0.025,213525,102200,111325,Online Portal,SR-022,Medium Farmer,No
TXN01557,2/27/2025,2025,2,Feb,Q1,Rabi,Haryana,Hisar,NPK 10-26-26,Complex,87,1141.2,0.049,99284.4,71340,27944.4,Cooperative Society,SR-008,Medium Farmer,No
TXN01558,10/10/2023,2023,10,Oct,Q4,Rabi,Karnataka,Belagavi,Urea,Nitrogenous,356,592.8,0.012,211036.8,99680,111356.8,Dealer,SR-003,Small Farmer,No
TXN01559,4/19/2022,2022,4,Apr,Q2,Kharif,Maharashtra,Pune,Ammonium Sulphate,Nitrogenous,486,579.8,0.108,281782.8,170100,111682.8,Direct Farm,SR-024,Medium Farmer,No
TXN01560,9/22/2023,2023,9,Sep,Q3,Rabi,Punjab,Jalandhar,Ammonium Sulphate,Nitrogenous,308,579.15,0.109,178378.2,107800,70578.2,Cooperative Society,SR-016,Large Farmer,No
TXN01561,8/17/2023,2023,8,Aug,Q3,Kharif,Rajasthan,Jaipur,MOP,Potassic,471,804.6,0.106,378966.6,282600,96366.6,Direct Farm,SR-014,Small Farmer,No
TXN01562,4/19/2024,2024,4,Apr,Q2,Kharif,Haryana,Rohtak,Zinc Sulphate,Micronutrient,368,308.7,0.118,113601.6,66240,47361.6,Direct Farm,SR-004,Medium Farmer,No
TXN01563,7/18/2022,2022,7,Jul,Q3,Kharif,Uttar Pradesh,Agra,Calcium Nitrate,Nitrogenous,252,810.9,0.046,204346.8,126000,78346.8,Direct Farm,SR-025,Small Farmer,No
TXN01564,1/13/2024,2024,1,Jan,Q1,Rabi,Gujarat,Gandhinagar,MOP,Potassic,239,803.7,0.107,192084.3,143400,48684.3,Cooperative Society,SR-022,Large Farmer,No
TXN01565,6/24/2022,2022,6,Jun,Q2,Kharif,Maharashtra,Pune,MOP,Potassic,79,832.5,0.075,65767.5,47400,18367.5,Cooperative Society,SR-030,Medium Farmer,No
TXN01566,2/8/2023,2023,2,Feb,Q1,Rabi,Maharashtra,Aurangabad,DAP,Phosphatic,191,1252.8,0.072,239284.8,171900,67384.8,Cooperative Society,SR-001,Cooperative,No
TXN01567,1/18/2024,2024,1,Jan,Q1,Rabi,Rajasthan,Jodhpur,SSP,Phosphatic,276,374.22,0.109,103284.72,55200,48084.72,Dealer,SR-016,Large Farmer,No
TXN01568,4/17/2022,2022,4,Apr,Q2,Kharif,Madhya Pradesh,Gwalior,SSP,Phosphatic,239,369.6,0.12,88334.4,47800,40534.4,Government Scheme,SR-002,Large Farmer,No
TXN01569,6/14/2022,2022,6,Jun,Q2,Kharif,Maharashtra,Kolhapur,Urea,Nitrogenous,76,537,0.105,40812,21280,19532,Online Portal,SR-001,Small Farmer,No
TXN01570,2/19/2024,2024,2,Feb,Q1,Rabi,Madhya Pradesh,Jabalpur,Calcium Nitrate,Nitrogenous,208,846.6,0.004,176092.8,104000,72092.8,Government Scheme,SR-023,Cooperative,No
TXN01571,1/22/2024,2024,1,Jan,Q1,Rabi,Andhra Pradesh,Vijayawada,Calcium Nitrate,Nitrogenous,372,815.15,0.041,303235.8,186000,117235.8,Government Scheme,SR-024,Large Farmer,No
TXN01572,1/31/2023,2023,1,Jan,Q1,Rabi,Gujarat,Vadodara,SSP,Phosphatic,52,373.8,0.11,19437.6,10400,9037.6,Dealer,SR-026,Large Farmer,No
TXN01573,8/21/2022,2022,8,Aug,Q3,Kharif,Uttar Pradesh,Agra,DAP,Phosphatic,134,1337.85,0.009,179271.9,120600,58671.9,Government Scheme,SR-003,Medium Farmer,No
TXN01574,5/1/2023,2023,5,May,Q2,Kharif,Punjab,Ludhiana,Urea,Nitrogenous,380,598.8,0.002,227544,106400,121144,Government Scheme,SR-028,Small Farmer,No
TXN01575,4/8/2025,2025,4,Apr,Q2,Kharif,Gujarat,Vadodara,DAP,Phosphatic,323,1329.75,0.015,429509.25,290700,138809.25,Direct Farm,SR-007,Small Farmer,No
TXN01576,7/7/2022,2022,7,Jul,Q3,Kharif,Punjab,Ludhiana,Calcium Nitrate,Nitrogenous,415,780.3,0.082,323824.5,207500,116324.5,Direct Farm,SR-002,Small Farmer,No
TXN01577,10/19/2023,2023,10,Oct,Q4,Rabi,Andhra Pradesh,Visakhapatnam,Zinc Sulphate,Micronutrient,428,341.6,0.024,146204.8,77040,69164.8,Cooperative Society,SR-020,Medium Farmer,No
TXN01578,8/13/2023,2023,8,Aug,Q3,Kharif,Karnataka,Bengaluru,Zinc Sulphate,Micronutrient,104,328.65,0.061,34179.6,18720,15459.6,Dealer,SR-006,Medium Farmer,No
TXN01579,10/22/2022,2022,10,Oct,Q4,Rabi,Andhra Pradesh,Nellore,NPK 10-26-26,Complex,368,1182,0.015,434976,301760,133216,Dealer,SR-007,Medium Farmer,No
TXN01580,4/12/2023,2023,4,Apr,Q2,Kharif,Haryana,Hisar,SSP,Phosphatic,317,399.42,0.049,126616.14,63400,63216.14,Government Scheme,SR-007,Cooperative,No
TXN01581,12/8/2023,2023,12,Dec,Q4,Rabi,Madhya Pradesh,Ujjain,Urea,Nitrogenous,345,535.8,0.107,184851,96600,88251,Government Scheme,SR-010,Medium Farmer,No
TXN01582,5/7/2022,2022,5,May,Q2,Kharif,Punjab,Patiala,Ammonium Sulphate,Nitrogenous,472,592.8,0.088,279801.6,165200,114601.6,Online Portal,SR-025,Cooperative,No
TXN01583,7/2/2024,2024,7,Jul,Q3,Kharif,Uttar Pradesh,Lucknow,Ammonium Sulphate,Nitrogenous,311,589.55,0.093,183350.05,108850,74500.05,Government Scheme,SR-023,Small Farmer,No
TXN01584,6/22/2023,2023,6,Jun,Q2,Kharif,Maharashtra,Nagpur,Ammonium Sulphate,Nitrogenous,390,586.95,0.097,228910.5,136500,92410.5,Government Scheme,SR-016,Large Farmer,No
TXN01585,10/4/2023,2023,10,Oct,Q4,Rabi,Andhra Pradesh,Visakhapatnam,NPK 10-26-26,Complex,310,1176,0.02,364560,254200,110360,Government Scheme,SR-014,Cooperative,No
TXN01586,10/27/2023,2023,10,Oct,Q4,Rabi,Bihar,Bhagalpur,Zinc Sulphate,Micronutrient,241,343.7,0.018,82831.7,43380,39451.7,Cooperative Society,SR-014,Small Farmer,No
TXN01587,10/11/2023,2023,10,Oct,Q4,Rabi,Bihar,Muzaffarpur,Calcium Nitrate,Nitrogenous,197,848.3,0.002,167115.1,98500,68615.1,Direct Farm,SR-005,Medium Farmer,No
TXN01588,7/14/2022,2022,7,Jul,Q3,Kharif,Uttar Pradesh,Varanasi,Zinc Sulphate,Micronutrient,86,338.45,0.033,29106.7,15480,13626.7,Direct Farm,SR-001,Cooperative,No
TXN01589,11/21/2022,2022,11,Nov,Q4,Rabi,Rajasthan,Kota,SSP,Phosphatic,126,410.34,0.023,51702.84,25200,26502.84,Online Portal,SR-024,Cooperative,No
TXN01590,6/10/2024,2024,6,Jun,Q2,Kharif,Haryana,Hisar,Urea,Nitrogenous,190,531,0.115,100890,53200,47690,Dealer,SR-011,Cooperative,No
TXN01591,8/16/2023,2023,8,Aug,Q3,Kharif,Haryana,Faridabad,Zinc Sulphate,Micronutrient,421,340.9,0.026,143518.9,75780,67738.9,Cooperative Society,SR-001,Large Farmer,Yes
TXN01592,11/21/2022,2022,11,Nov,Q4,Rabi,Maharashtra,Aurangabad,Calcium Nitrate,Nitrogenous,323,837.25,0.015,270431.75,161500,108931.75,Direct Farm,SR-017,Large Farmer,No
TXN01593,2/4/2024,2024,2,Feb,Q1,Rabi,Haryana,Ambala,Zinc Sulphate,Micronutrient,42,349.3,0.002,14670.6,7560,7110.6,Government Scheme,SR-014,Medium Farmer,No
TXN01594,10/31/2023,2023,10,Oct,Q4,Rabi,Madhya Pradesh,Gwalior,Zinc Sulphate,Micronutrient,412,338.1,0.034,139297.2,74160,65137.2,Government Scheme,SR-019,Large Farmer,No
TXN01595,9/18/2022,2022,9,Sep,Q3,Rabi,Maharashtra,Kolhapur,NPK 10-26-26,Complex,372,1114.8,0.071,414705.6,305040,109665.6,Direct Farm,SR-027,Medium Farmer,No
TXN01596,2/27/2025,2025,2,Feb,Q1,Rabi,Gujarat,Ahmedabad,Ammonium Sulphate,Nitrogenous,271,581.1,0.106,157478.1,94850,62628.1,Cooperative Society,SR-025,Medium Farmer,No
TXN01597,10/21/2023,2023,10,Oct,Q4,Rabi,Punjab,Bathinda,Zinc Sulphate,Micronutrient,246,324.8,0.072,79900.8,44280,35620.8,Government Scheme,SR-003,Cooperative,No
TXN01598,1/31/2023,2023,1,Jan,Q1,Rabi,Rajasthan,Jodhpur,Ammonium Sulphate,Nitrogenous,444,589.55,0.093,261760.2,155400,106360.2,Cooperative Society,SR-008,Medium Farmer,Yes
TXN01599,1/7/2022,2022,1,Jan,Q1,Rabi,Maharashtra,Aurangabad,Zinc Sulphate,Micronutrient,297,343.7,0.018,102078.9,53460,48618.9,Government Scheme,SR-011,Cooperative,No
TXN01600,1/3/2025,2025,1,Jan,Q1,Rabi,Madhya Pradesh,Indore,DAP,Phosphatic,161,1231.2,0.088,198223.2,144900,53323.2,Direct Farm,SR-017,Large Farmer,No
TXN01601,2/10/2024,2024,2,Feb,Q1,Rabi,Bihar,Patna,SSP,Phosphatic,143,409.5,0.025,58558.5,28600,29958.5,Government Scheme,SR-001,Small Farmer,Yes
TXN01602,5/13/2024,2024,5,May,Q2,Kharif,Punjab,Jalandhar,Zinc Sulphate,Micronutrient,407,311.85,0.109,126922.95,73260,53662.95,Direct Farm,SR-015,Cooperative,No
TXN01603,11/18/2022,2022,11,Nov,Q4,Rabi,Karnataka,Mangaluru,Ammonium Sulphate,Nitrogenous,65,577.2,0.112,37518,22750,14768,Cooperative Society,SR-009,Medium Farmer,No
TXN01604,7/17/2024,2024,7,Jul,Q3,Kharif,Rajasthan,Jodhpur,MOP,Potassic,175,796.5,0.115,139387.5,105000,34387.5,Dealer,SR-002,Large Farmer,No
TXN01605,9/4/2024,2024,9,Sep,Q3,Rabi,Maharashtra,Nashik,Ammonium Sulphate,Nitrogenous,435,594.1,0.086,258433.5,152250,106183.5,Online Portal,SR-001,Cooperative,Yes
TXN01606,10/26/2023,2023,10,Oct,Q4,Rabi,Bihar,Muzaffarpur,Ammonium Sulphate,Nitrogenous,323,585,0.1,188955,113050,75905,Dealer,SR-021,Large Farmer,No
TXN01607,3/4/2025,2025,3,Mar,Q1,Kharif,Karnataka,Bengaluru,Urea,Nitrogenous,380,548.4,0.086,208392,106400,101992,Direct Farm,SR-016,Small Farmer,No
TXN01608,10/14/2022,2022,10,Oct,Q4,Rabi,Haryana,Gurugram,MOP,Potassic,491,822.6,0.086,403896.6,294600,109296.6,Dealer,SR-025,Large Farmer,No
TXN01609,11/24/2023,2023,11,Nov,Q4,Rabi,Punjab,Patiala,Ammonium Sulphate,Nitrogenous,394,644.8,0.008,254051.2,137900,116151.2,Cooperative Society,SR-018,Small Farmer,No
TXN01610,5/2/2024,2024,5,May,Q2,Kharif,Bihar,Muzaffarpur,DAP,Phosphatic,426,1316.25,0.025,560722.5,383400,177322.5,Direct Farm,SR-004,Large Farmer,No
TXN01611,5/6/2023,2023,5,May,Q2,Kharif,Uttar Pradesh,Meerut,Urea,Nitrogenous,36,553.8,0.077,19936.8,10080,9856.8,Direct Farm,SR-016,Small Farmer,No
TXN01612,3/25/2023,2023,3,Mar,Q1,Kharif,Madhya Pradesh,Indore,MOP,Potassic,266,865.8,0.038,230302.8,159600,70702.8,Cooperative Society,SR-025,Cooperative,No
TXN01613,11/10/2024,2024,11,Nov,Q4,Rabi,Rajasthan,Ajmer,Urea,Nitrogenous,352,548.4,0.086,193036.8,98560,94476.8,Cooperative Society,SR-018,Small Farmer,No
TXN01614,2/14/2023,2023,2,Feb,Q1,Rabi,Karnataka,Bengaluru,NPK 10-26-26,Complex,127,1116,0.07,141732,104140,37592,Dealer,SR-012,Small Farmer,No
TXN01615,1/24/2024,2024,1,Jan,Q1,Rabi,Andhra Pradesh,Visakhapatnam,Calcium Nitrate,Nitrogenous,118,834.7,0.018,98494.6,59000,39494.6,Dealer,SR-030,Large Farmer,No
TXN01616,2/13/2025,2025,2,Feb,Q1,Rabi,Maharashtra,Kolhapur,Calcium Nitrate,Nitrogenous,91,765,0.1,69615,45500,24115,Online Portal,SR-009,Large Farmer,No
TXN01617,11/1/2023,2023,11,Nov,Q4,Rabi,Rajasthan,Ajmer,DAP,Phosphatic,343,1304.1,0.034,447306.3,308700,138606.3,Dealer,SR-015,Cooperative,No
TXN01618,1/14/2023,2023,1,Jan,Q1,Rabi,Punjab,Ludhiana,Calcium Nitrate,Nitrogenous,421,838.95,0.013,353197.95,210500,142697.95,Direct Farm,SR-007,Large Farmer,No
TXN01619,4/29/2025,2025,4,Apr,Q2,Kharif,Rajasthan,Udaipur,Zinc Sulphate,Micronutrient,37,322.7,0.078,11939.9,6660,5279.9,Direct Farm,SR-019,Large Farmer,No
TXN01620,11/12/2024,2024,11,Nov,Q4,Rabi,Uttar Pradesh,Kanpur,Urea,Nitrogenous,120,540,0.1,64800,33600,31200,Government Scheme,SR-007,Cooperative,No
TXN01621,11/2/2023,2023,11,Nov,Q4,Rabi,Gujarat,Rajkot,MOP,Potassic,481,846.9,0.059,407358.9,288600,118758.9,Online Portal,SR-020,Large Farmer,No
TXN01622,6/9/2022,2022,6,Jun,Q2,Kharif,Karnataka,Bengaluru,Urea,Nitrogenous,446,597.6,0.004,266529.6,124880,141649.6,Dealer,SR-028,Small Farmer,No
TXN01623,1/1/2022,2022,1,Jan,Q1,Rabi,Rajasthan,Ajmer,Calcium Nitrate,Nitrogenous,383,792.2,0.068,303412.6,191500,111912.6,Direct Farm,SR-004,Small Farmer,No
TXN01624,3/17/2023,2023,3,Mar,Q1,Kharif,Madhya Pradesh,Jabalpur,Ammonium Sulphate,Nitrogenous,48,627.9,0.034,30139.2,16800,13339.2,Dealer,SR-010,Small Farmer,No
TXN01625,9/11/2023,2023,9,Sep,Q3,Rabi,Haryana,Ambala,Zinc Sulphate,Micronutrient,486,310.8,0.112,151048.8,87480,63568.8,Direct Farm,SR-004,Small Farmer,No
TXN01626,12/24/2022,2022,12,Dec,Q4,Rabi,Uttar Pradesh,Lucknow,DAP,Phosphatic,381,1312.2,0.028,499948.2,342900,157048.2,Online Portal,SR-023,Large Farmer,No
TXN01627,2/16/2022,2022,2,Feb,Q1,Rabi,Karnataka,Mangaluru,DAP,Phosphatic,384,1237.95,0.083,475372.8,345600,129772.8,Direct Farm,SR-003,Cooperative,No
TXN01628,3/3/2022,2022,3,Mar,Q1,Kharif,Uttar Pradesh,Varanasi,Calcium Nitrate,Nitrogenous,435,802.4,0.056,349044,217500,131544,Direct Farm,SR-001,Small Farmer,No
TXN01629,7/30/2023,2023,7,Jul,Q3,Kharif,Rajasthan,Ajmer,NPK 10-26-26,Complex,420,1161.6,0.032,487872,344400,143472,Government Scheme,SR-028,Medium Farmer,No
TXN01630,7/6/2024,2024,7,Jul,Q3,Kharif,Uttar Pradesh,Lucknow,Calcium Nitrate,Nitrogenous,296,753.1,0.114,222917.6,148000,74917.6,Cooperative Society,SR-026,Medium Farmer,No
TXN01631,8/10/2023,2023,8,Aug,Q3,Kharif,Maharashtra,Pune,Ammonium Sulphate,Nitrogenous,243,586.3,0.098,142470.9,85050,57420.9,Online Portal,SR-006,Large Farmer,No
TXN01632,2/2/2025,2025,2,Feb,Q1,Rabi,Andhra Pradesh,Visakhapatnam,Ammonium Sulphate,Nitrogenous,386,599.95,0.077,231580.7,135100,96480.7,Cooperative Society,SR-006,Cooperative,No
TXN01633,8/15/2024,2024,8,Aug,Q3,Kharif,Maharashtra,Aurangabad,MOP,Potassic,426,827.1,0.081,352344.6,255600,96744.6,Cooperative Society,SR-022,Cooperative,No
TXN01634,6/3/2024,2024,6,Jun,Q2,Kharif,Punjab,Bathinda,SSP,Phosphatic,463,412.86,0.017,191154.18,92600,98554.18,Government Scheme,SR-021,Cooperative,No
TXN01635,1/9/2025,2025,1,Jan,Q1,Rabi,Haryana,Gurugram,Ammonium Sulphate,Nitrogenous,269,578.5,0.11,155616.5,94150,61466.5,Direct Farm,SR-020,Large Farmer,No
TXN01636,11/23/2022,2022,11,Nov,Q4,Rabi,Karnataka,Mysuru,NPK 10-26-26,Complex,432,1100.4,0.083,475372.8,354240,121132.8,Dealer,SR-027,Cooperative,No
TXN01637,10/23/2024,2024,10,Oct,Q4,Rabi,Andhra Pradesh,Guntur,DAP,Phosphatic,304,1350,0,410400,273600,136800,Online Portal,SR-022,Medium Farmer,No
TXN01638,11/17/2023,2023,11,Nov,Q4,Rabi,Gujarat,Ahmedabad,Ammonium Sulphate,Nitrogenous,384,585,0.1,224640,134400,90240,Government Scheme,SR-018,Cooperative,No
TXN01639,3/15/2024,2024,3,Mar,Q1,Kharif,Madhya Pradesh,Ujjain,Ammonium Sulphate,Nitrogenous,393,618.15,0.049,242932.95,137550,105382.95,Dealer,SR-008,Cooperative,No
TXN01640,1/21/2023,2023,1,Jan,Q1,Rabi,Uttar Pradesh,Meerut,DAP,Phosphatic,263,1327.05,0.017,349014.15,236700,112314.15,Dealer,SR-023,Large Farmer,No
TXN01641,4/11/2024,2024,4,Apr,Q2,Kharif,Rajasthan,Jodhpur,DAP,Phosphatic,497,1217.7,0.098,605196.9,447300,157896.9,Dealer,SR-001,Small Farmer,No
TXN01642,9/5/2022,2022,9,Sep,Q3,Rabi,Madhya Pradesh,Indore,DAP,Phosphatic,44,1309.5,0.03,57618,39600,18018,Dealer,SR-014,Large Farmer,No
TXN01643,1/22/2022,2022,1,Jan,Q1,Rabi,Karnataka,Hubli,Ammonium Sulphate,Nitrogenous,208,620.75,0.045,129116,72800,56316,Government Scheme,SR-014,Cooperative,Yes
TXN01644,4/30/2025,2025,4,Apr,Q2,Kharif,Uttar Pradesh,Varanasi,Urea,Nitrogenous,265,577.2,0.038,152958,74200,78758,Dealer,SR-009,Cooperative,No
TXN01645,1/8/2025,2025,1,Jan,Q1,Rabi,Punjab,Patiala,Ammonium Sulphate,Nitrogenous,495,573.95,0.117,284105.25,173250,110855.25,Cooperative Society,SR-001,Cooperative,No
TXN01646,9/25/2024,2024,9,Sep,Q3,Rabi,Punjab,Patiala,SSP,Phosphatic,288,415.38,0.011,119629.44,57600,62029.44,Direct Farm,SR-024,Small Farmer,No
TXN01647,2/17/2024,2024,2,Feb,Q1,Rabi,Maharashtra,Nashik,Zinc Sulphate,Micronutrient,27,336.35,0.039,9081.45,4860,4221.45,Online Portal,SR-025,Cooperative,No
TXN01648,4/20/2024,2024,4,Apr,Q2,Kharif,Punjab,Ludhiana,MOP,Potassic,313,806.4,0.104,252403.2,187800,64603.2,Dealer,SR-030,Cooperative,No
TXN01649,10/25/2024,2024,10,Oct,Q4,Rabi,Haryana,Hisar,SSP,Phosphatic,366,391.44,0.068,143267.04,73200,70067.04,Online Portal,SR-021,Small Farmer,No
TXN01650,4/14/2025,2025,4,Apr,Q2,Kharif,Punjab,Bathinda,Zinc Sulphate,Micronutrient,99,312.2,0.108,30907.8,17820,13087.8,Government Scheme,SR-028,Medium Farmer,No
TXN01651,8/18/2023,2023,8,Aug,Q3,Kharif,Karnataka,Hubli,Calcium Nitrate,Nitrogenous,66,780.3,0.082,51499.8,33000,18499.8,Dealer,SR-007,Cooperative,No
TXN01652,5/26/2023,2023,5,May,Q2,Kharif,Uttar Pradesh,Varanasi,MOP,Potassic,405,859.5,0.045,348097.5,243000,105097.5,Government Scheme,SR-006,Medium Farmer,No
TXN01653,4/10/2025,2025,4,Apr,Q2,Kharif,Gujarat,Surat,Zinc Sulphate,Micronutrient,423,320.6,0.084,135613.8,76140,59473.8,Dealer,SR-004,Medium Farmer,No
TXN01654,9/28/2022,2022,9,Sep,Q3,Rabi,Karnataka,Belagavi,Urea,Nitrogenous,234,564,0.06,131976,65520,66456,Cooperative Society,SR-001,Large Farmer,Yes
TXN01655,1/18/2025,2025,1,Jan,Q1,Rabi,Punjab,Patiala,Zinc Sulphate,Micronutrient,27,338.45,0.033,9138.15,4860,4278.15,Online Portal,SR-023,Cooperative,No
TXN01656,5/14/2022,2022,5,May,Q2,Kharif,Punjab,Jalandhar,Ammonium Sulphate,Nitrogenous,253,618.8,0.048,156556.4,88550,68006.4,Direct Farm,SR-030,Medium Farmer,No
TXN01657,2/19/2022,2022,2,Feb,Q1,Rabi,Haryana,Gurugram,MOP,Potassic,350,878.4,0.024,307440,210000,97440,Online Portal,SR-012,Large Farmer,No
TXN01658,5/17/2022,2022,5,May,Q2,Kharif,Haryana,Rohtak,Calcium Nitrate,Nitrogenous,69,793.05,0.067,54720.45,34500,20220.45,Direct Farm,SR-007,Medium Farmer,No
TXN01659,9/30/2022,2022,9,Sep,Q3,Rabi,Bihar,Patna,Ammonium Sulphate,Nitrogenous,40,610.35,0.061,24414,14000,10414,Dealer,SR-004,Large Farmer,No
TXN01660,12/22/2024,2024,12,Dec,Q4,Rabi,Uttar Pradesh,Kanpur,MOP,Potassic,173,801,0.11,138573,103800,34773,Cooperative Society,SR-026,Medium Farmer,No
TXN01661,8/30/2024,2024,8,Aug,Q3,Kharif,Gujarat,Rajkot,NPK 10-26-26,Complex,60,1174.8,0.021,70488,49200,21288,Online Portal,SR-021,Small Farmer,No
TXN01662,9/18/2022,2022,9,Sep,Q3,Rabi,Andhra Pradesh,Visakhapatnam,DAP,Phosphatic,254,1266.3,0.062,321640.2,228600,93040.2,Dealer,SR-019,Medium Farmer,No
TXN01663,4/26/2024,2024,4,Apr,Q2,Kharif,Maharashtra,Nashik,SSP,Phosphatic,218,417.06,0.007,90919.08,43600,47319.08,Cooperative Society,SR-002,Large Farmer,No
TXN01664,2/26/2022,2022,2,Feb,Q1,Rabi,Madhya Pradesh,Gwalior,Calcium Nitrate,Nitrogenous,240,787.95,0.073,189108,120000,69108,Direct Farm,SR-024,Medium Farmer,No
TXN01665,11/9/2024,2024,11,Nov,Q4,Rabi,Bihar,Muzaffarpur,NPK 10-26-26,Complex,316,1124.4,0.063,355310.4,259120,96190.4,Cooperative Society,SR-025,Small Farmer,No
TXN01666,3/5/2022,2022,3,Mar,Q1,Kharif,Bihar,Patna,DAP,Phosphatic,370,1205.55,0.107,446053.5,333000,113053.5,Direct Farm,SR-025,Small Farmer,No
TXN01667,7/23/2023,2023,7,Jul,Q3,Kharif,Bihar,Gaya,Zinc Sulphate,Micronutrient,342,316.05,0.097,108089.1,61560,46529.1,Government Scheme,SR-010,Large Farmer,No
TXN01668,8/20/2024,2024,8,Aug,Q3,Kharif,Andhra Pradesh,Vijayawada,Calcium Nitrate,Nitrogenous,397,760.75,0.105,302017.75,198500,103517.75,Online Portal,SR-023,Medium Farmer,No
TXN01669,11/22/2023,2023,11,Nov,Q4,Rabi,Punjab,Patiala,Ammonium Sulphate,Nitrogenous,282,609.7,0.062,171935.4,98700,73235.4,Dealer,SR-009,Large Farmer,No
TXN01670,8/15/2023,2023,8,Aug,Q3,Kharif,Karnataka,Belagavi,NPK 10-26-26,Complex,170,1066.8,0.111,181356,139400,41956,Government Scheme,SR-030,Medium Farmer,No
TXN01671,1/27/2023,2023,1,Jan,Q1,Rabi,Maharashtra,Aurangabad,NPK 10-26-26,Complex,432,1152,0.04,497664,354240,143424,Cooperative Society,SR-009,Large Farmer,No
TXN01672,5/18/2024,2024,5,May,Q2,Kharif,Madhya Pradesh,Ujjain,MOP,Potassic,420,817.2,0.092,343224,252000,91224,Government Scheme,SR-007,Large Farmer,No
TXN01673,2/6/2025,2025,2,Feb,Q1,Rabi,Maharashtra,Nashik,Zinc Sulphate,Micronutrient,307,328.3,0.062,100788.1,55260,45528.1,Dealer,SR-024,Large Farmer,Yes
TXN01674,5/21/2023,2023,5,May,Q2,Kharif,Madhya Pradesh,Ujjain,Ammonium Sulphate,Nitrogenous,103,581.1,0.106,59853.3,36050,23803.3,Cooperative Society,SR-012,Medium Farmer,No
TXN01675,9/18/2024,2024,9,Sep,Q3,Rabi,Rajasthan,Kota,Zinc Sulphate,Micronutrient,285,335.65,0.041,95660.25,51300,44360.25,Government Scheme,SR-020,Small Farmer,No
TXN01676,9/12/2022,2022,9,Sep,Q3,Rabi,Bihar,Darbhanga,Calcium Nitrate,Nitrogenous,11,843.2,0.008,9275.2,5500,3775.2,Government Scheme,SR-030,Cooperative,No
TXN01677,2/1/2025,2025,2,Feb,Q1,Rabi,Karnataka,Hubli,Calcium Nitrate,Nitrogenous,111,822.8,0.032,91330.8,55500,35830.8,Cooperative Society,SR-021,Cooperative,No
TXN01678,8/10/2022,2022,8,Aug,Q3,Kharif,Gujarat,Rajkot,Calcium Nitrate,Nitrogenous,170,838.1,0.014,142477,85000,57477,Direct Farm,SR-004,Large Farmer,No
TXN01679,3/26/2022,2022,3,Mar,Q1,Kharif,Punjab,Jalandhar,DAP,Phosphatic,290,1263.6,0.064,366444,261000,105444,Direct Farm,SR-026,Small Farmer,No
TXN01680,2/24/2023,2023,2,Feb,Q1,Rabi,Uttar Pradesh,Meerut,Urea,Nitrogenous,15,592.2,0.013,8883,4200,4683,Online Portal,SR-024,Large Farmer,No
TXN01681,5/30/2024,2024,5,May,Q2,Kharif,Madhya Pradesh,Indore,NPK 10-26-26,Complex,326,1113.6,0.072,363033.6,267320,95713.6,Government Scheme,SR-030,Large Farmer,No
TXN01682,11/7/2022,2022,11,Nov,Q4,Rabi,Uttar Pradesh,Meerut,Ammonium Sulphate,Nitrogenous,400,633.1,0.026,253240,140000,113240,Cooperative Society,SR-007,Small Farmer,No
TXN01683,7/6/2022,2022,7,Jul,Q3,Kharif,Karnataka,Belagavi,SSP,Phosphatic,424,395.64,0.058,167751.36,84800,82951.36,Dealer,SR-008,Cooperative,No
TXN01684,5/11/2023,2023,5,May,Q2,Kharif,Gujarat,Gandhinagar,MOP,Potassic,466,881.1,0.021,410592.6,279600,130992.6,Direct Farm,SR-009,Small Farmer,No
TXN01685,5/5/2023,2023,5,May,Q2,Kharif,Rajasthan,Ajmer,Calcium Nitrate,Nitrogenous,238,827.9,0.026,197040.2,119000,78040.2,Dealer,SR-028,Small Farmer,No
TXN01686,6/28/2024,2024,6,Jun,Q2,Kharif,Gujarat,Surat,Calcium Nitrate,Nitrogenous,445,787.1,0.074,350259.5,222500,127759.5,Cooperative Society,SR-001,Large Farmer,No
TXN01687,10/3/2024,2024,10,Oct,Q4,Rabi,Bihar,Darbhanga,Ammonium Sulphate,Nitrogenous,174,648.7,0.002,112873.8,60900,51973.8,Online Portal,SR-020,Cooperative,No
TXN01688,2/25/2023,2023,2,Feb,Q1,Rabi,Maharashtra,Nashik,DAP,Phosphatic,317,1215,0.1,385155,285300,99855,Cooperative Society,SR-006,Cooperative,No
TXN01689,3/23/2023,2023,3,Mar,Q1,Kharif,Maharashtra,Aurangabad,Calcium Nitrate,Nitrogenous,150,824.5,0.03,123675,75000,48675,Government Scheme,SR-029,Medium Farmer,No
TXN01690,8/19/2024,2024,8,Aug,Q3,Kharif,Uttar Pradesh,Meerut,NPK 10-26-26,Complex,340,1099.2,0.084,373728,278800,94928,Cooperative Society,SR-023,Small Farmer,No
TXN01691,3/16/2025,2025,3,Mar,Q1,Kharif,Maharashtra,Aurangabad,Calcium Nitrate,Nitrogenous,20,799.85,0.059,15997,10000,5997,Cooperative Society,SR-030,Cooperative,No
TXN01692,6/14/2024,2024,6,Jun,Q2,Kharif,Rajasthan,Udaipur,NPK 10-26-26,Complex,147,1147.2,0.044,168638.4,120540,48098.4,Government Scheme,SR-016,Medium Farmer,No
TXN01693,3/25/2023,2023,3,Mar,Q1,Kharif,Karnataka,Belagavi,NPK 10-26-26,Complex,443,1195.2,0.004,529473.6,363260,166213.6,Cooperative Society,SR-012,Small Farmer,No
TXN01694,7/4/2022,2022,7,Jul,Q3,Kharif,Haryana,Gurugram,Urea,Nitrogenous,138,594,0.01,81972,38640,43332,Government Scheme,SR-015,Medium Farmer,No
TXN01695,10/18/2022,2022,10,Oct,Q4,Rabi,Bihar,Gaya,MOP,Potassic,127,855.9,0.049,108699.3,76200,32499.3,Direct Farm,SR-017,Small Farmer,No
TXN01696,7/8/2022,2022,7,Jul,Q3,Kharif,Karnataka,Bengaluru,MOP,Potassic,157,840.6,0.066,131974.2,94200,37774.2,Cooperative Society,SR-029,Medium Farmer,No
TXN01697,2/5/2022,2022,2,Feb,Q1,Rabi,Madhya Pradesh,Ujjain,DAP,Phosphatic,44,1224.45,0.093,53875.8,39600,14275.8,Government Scheme,SR-027,Medium Farmer,No
TXN01698,9/12/2022,2022,9,Sep,Q3,Rabi,Gujarat,Gandhinagar,Ammonium Sulphate,Nitrogenous,380,636.35,0.021,241813,133000,108813,Online Portal,SR-030,Medium Farmer,No
TXN01699,1/18/2022,2022,1,Jan,Q1,Rabi,Maharashtra,Nashik,SSP,Phosphatic,272,378.84,0.098,103044.48,54400,48644.48,Online Portal,SR-017,Small Farmer,No
TXN01700,10/4/2022,2022,10,Oct,Q4,Rabi,Haryana,Gurugram,Zinc Sulphate,Micronutrient,89,314.3,0.102,27972.7,16020,11952.7,Direct Farm,SR-028,Large Farmer,No
TXN01701,7/26/2023,2023,7,Jul,Q3,Kharif,Gujarat,Surat,Zinc Sulphate,Micronutrient,99,320.25,0.085,31704.75,17820,13884.75,Direct Farm,SR-006,Small Farmer,No
TXN01702,2/12/2024,2024,2,Feb,Q1,Rabi,Haryana,Gurugram,SSP,Phosphatic,245,393.54,0.063,96417.3,49000,47417.3,Cooperative Society,SR-022,Cooperative,No
TXN01703,1/13/2025,2025,1,Jan,Q1,Rabi,Bihar,Darbhanga,Zinc Sulphate,Micronutrient,341,310.45,0.113,105863.45,61380,44483.45,Government Scheme,SR-026,Cooperative,No
TXN01704,12/8/2024,2024,12,Dec,Q4,Rabi,Bihar,Muzaffarpur,Zinc Sulphate,Micronutrient,74,316.05,0.097,23387.7,13320,10067.7,Direct Farm,SR-003,Large Farmer,No
TXN01705,8/25/2022,2022,8,Aug,Q3,Kharif,Karnataka,Mangaluru,Calcium Nitrate,Nitrogenous,202,819.4,0.036,165518.8,101000,64518.8,Dealer,SR-011,Cooperative,No
TXN01706,2/2/2022,2022,2,Feb,Q1,Rabi,Madhya Pradesh,Jabalpur,MOP,Potassic,240,806.4,0.104,193536,144000,49536,Direct Farm,SR-021,Large Farmer,No
TXN01707,5/16/2023,2023,5,May,Q2,Kharif,Haryana,Gurugram,NPK 10-26-26,Complex,472,1136.4,0.053,536380.8,387040,149340.8,Cooperative Society,SR-013,Cooperative,No
TXN01708,1/31/2024,2024,1,Jan,Q1,Rabi,Madhya Pradesh,Jabalpur,MOP,Potassic,222,796.5,0.115,176823,133200,43623,Direct Farm,SR-005,Small Farmer,No
TXN01709,2/6/2024,2024,2,Feb,Q1,Rabi,Uttar Pradesh,Kanpur,Zinc Sulphate,Micronutrient,475,333.9,0.046,158602.5,85500,73102.5,Cooperative Society,SR-003,Large Farmer,No
TXN01710,11/15/2024,2024,11,Nov,Q4,Rabi,Andhra Pradesh,Vijayawada,Urea,Nitrogenous,488,529.2,0.118,258249.6,136640,121609.6,Cooperative Society,SR-003,Large Farmer,No
TXN01711,2/1/2023,2023,2,Feb,Q1,Rabi,Rajasthan,Kota,MOP,Potassic,15,792.9,0.119,11893.5,9000,2893.5,Direct Farm,SR-024,Large Farmer,No
TXN01712,2/20/2022,2022,2,Feb,Q1,Rabi,Andhra Pradesh,Visakhapatnam,Ammonium Sulphate,Nitrogenous,22,614.9,0.054,13527.8,7700,5827.8,Government Scheme,SR-026,Cooperative,No
TXN01713,10/31/2023,2023,10,Oct,Q4,Rabi,Rajasthan,Udaipur,Urea,Nitrogenous,420,562.8,0.062,236376,117600,118776,Dealer,SR-029,Cooperative,No
TXN01714,6/6/2024,2024,6,Jun,Q2,Kharif,Andhra Pradesh,Guntur,DAP,Phosphatic,88,1198.8,0.112,105494.4,79200,26294.4,Cooperative Society,SR-011,Cooperative,Yes
TXN01715,7/2/2023,2023,7,Jul,Q3,Kharif,Haryana,Faridabad,NPK 10-26-26,Complex,57,1111.2,0.074,63338.4,46740,16598.4,Government Scheme,SR-013,Medium Farmer,No
TXN01716,4/1/2022,2022,4,Apr,Q2,Kharif,Rajasthan,Jaipur,MOP,Potassic,109,855,0.05,93195,65400,27795,Direct Farm,SR-014,Medium Farmer,No
TXN01717,1/25/2025,2025,1,Jan,Q1,Rabi,Karnataka,Hubli,NPK 10-26-26,Complex,10,1057.2,0.119,10572,8200,2372,Direct Farm,SR-028,Small Farmer,No
TXN01718,9/15/2024,2024,9,Sep,Q3,Rabi,Punjab,Amritsar,Zinc Sulphate,Micronutrient,478,308.7,0.118,147558.6,86040,61518.6,Cooperative Society,SR-004,Small Farmer,No
TXN01719,12/3/2023,2023,12,Dec,Q4,Rabi,Karnataka,Hubli,Zinc Sulphate,Micronutrient,499,309.75,0.115,154565.25,89820,64745.25,Online Portal,SR-018,Large Farmer,Yes
TXN01720,10/31/2023,2023,10,Oct,Q4,Rabi,Andhra Pradesh,Visakhapatnam,SSP,Phosphatic,422,390.18,0.071,164655.96,84400,80255.96,Direct Farm,SR-008,Small Farmer,No
TXN01721,9/16/2024,2024,9,Sep,Q3,Rabi,Rajasthan,Udaipur,SSP,Phosphatic,265,370.86,0.117,98277.9,53000,45277.9,Cooperative Society,SR-002,Large Farmer,No
TXN01722,8/7/2022,2022,8,Aug,Q3,Kharif,Haryana,Rohtak,NPK 10-26-26,Complex,442,1087.2,0.094,480542.4,362440,118102.4,Direct Farm,SR-015,Medium Farmer,No
TXN01723,1/15/2025,2025,1,Jan,Q1,Rabi,Andhra Pradesh,Kurnool,Calcium Nitrate,Nitrogenous,390,809.2,0.048,315588,195000,120588,Online Portal,SR-011,Large Farmer,No
TXN01724,5/12/2023,2023,5,May,Q2,Kharif,Haryana,Rohtak,Zinc Sulphate,Micronutrient,495,311.15,0.111,154019.25,89100,64919.25,Dealer,SR-025,Large Farmer,No
TXN01725,6/11/2024,2024,6,Jun,Q2,Kharif,Bihar,Bhagalpur,MOP,Potassic,222,848.7,0.057,188411.4,133200,55211.4,Dealer,SR-011,Large Farmer,No
TXN01726,9/23/2023,2023,9,Sep,Q3,Rabi,Madhya Pradesh,Jabalpur,Zinc Sulphate,Micronutrient,485,309.75,0.115,150228.75,87300,62928.75,Online Portal,SR-007,Cooperative,No
TXN01727,4/27/2023,2023,4,Apr,Q2,Kharif,Rajasthan,Jodhpur,MOP,Potassic,182,882.9,0.019,160687.8,109200,51487.8,Government Scheme,SR-019,Cooperative,No
TXN01728,7/26/2022,2022,7,Jul,Q3,Kharif,Punjab,Ludhiana,Urea,Nitrogenous,86,561,0.065,48246,24080,24166,Cooperative Society,SR-029,Small Farmer,Yes
TXN01729,11/8/2022,2022,11,Nov,Q4,Rabi,Uttar Pradesh,Lucknow,Zinc Sulphate,Micronutrient,100,348.6,0.004,34860,18000,16860,Government Scheme,SR-027,Large Farmer,No
TXN01730,3/17/2025,2025,3,Mar,Q1,Kharif,Punjab,Ludhiana,MOP,Potassic,467,866.7,0.037,404748.9,280200,124548.9,Dealer,SR-002,Small Farmer,No
TXN01731,1/1/2022,2022,1,Jan,Q1,Rabi,Madhya Pradesh,Indore,Calcium Nitrate,Nitrogenous,431,748.85,0.119,322754.35,215500,107254.35,Dealer,SR-009,Large Farmer,No
TXN01732,12/13/2024,2024,12,Dec,Q4,Rabi,Punjab,Bathinda,SSP,Phosphatic,80,416.64,0.008,33331.2,16000,17331.2,Online Portal,SR-028,Large Farmer,No
TXN01733,11/20/2024,2024,11,Nov,Q4,Rabi,Punjab,Patiala,NPK 10-26-26,Complex,362,1159.2,0.034,419630.4,296840,122790.4,Cooperative Society,SR-028,Large Farmer,No
TXN01734,8/26/2024,2024,8,Aug,Q3,Kharif,Gujarat,Vadodara,SSP,Phosphatic,160,387.24,0.078,61958.4,32000,29958.4,Cooperative Society,SR-014,Medium Farmer,No
TXN01735,10/31/2023,2023,10,Oct,Q4,Rabi,Madhya Pradesh,Indore,Zinc Sulphate,Micronutrient,86,320.6,0.084,27571.6,15480,12091.6,Dealer,SR-003,Small Farmer,No
TXN01736,8/30/2022,2022,8,Aug,Q3,Kharif,Haryana,Gurugram,Zinc Sulphate,Micronutrient,74,343.7,0.018,25433.8,13320,12113.8,Dealer,SR-010,Large Farmer,No
TXN01737,4/1/2025,2025,4,Apr,Q2,Kharif,Madhya Pradesh,Jabalpur,Calcium Nitrate,Nitrogenous,219,837.25,0.015,183357.75,109500,73857.75,Online Portal,SR-024,Large Farmer,No
TXN01738,8/27/2024,2024,8,Aug,Q3,Kharif,Uttar Pradesh,Kanpur,MOP,Potassic,210,879.3,0.023,184653,126000,58653,Dealer,SR-002,Small Farmer,No
TXN01739,3/8/2024,2024,3,Mar,Q1,Kharif,Haryana,Hisar,Zinc Sulphate,Micronutrient,347,309.4,0.116,107361.8,62460,44901.8,Government Scheme,SR-015,Medium Farmer,No
TXN01740,5/14/2024,2024,5,May,Q2,Kharif,Maharashtra,Kolhapur,MOP,Potassic,13,806.4,0.104,10483.2,7800,2683.2,Direct Farm,SR-009,Cooperative,No
TXN01741,9/24/2024,2024,9,Sep,Q3,Rabi,Maharashtra,Nashik,Urea,Nitrogenous,462,589.8,0.017,272487.6,129360,143127.6,Online Portal,SR-020,Cooperative,No
TXN01742,2/19/2023,2023,2,Feb,Q1,Rabi,Haryana,Hisar,Urea,Nitrogenous,404,599.4,0.001,242157.6,113120,129037.6,Government Scheme,SR-023,Large Farmer,No
TXN01743,2/3/2024,2024,2,Feb,Q1,Rabi,Maharashtra,Pune,DAP,Phosphatic,257,1224.45,0.093,314683.65,231300,83383.65,Online Portal,SR-007,Medium Farmer,No
TXN01744,11/12/2023,2023,11,Nov,Q4,Rabi,Andhra Pradesh,Kurnool,Calcium Nitrate,Nitrogenous,465,796.45,0.063,370349.25,232500,137849.25,Online Portal,SR-020,Medium Farmer,No
TXN01745,3/22/2022,2022,3,Mar,Q1,Kharif,Gujarat,Gandhinagar,SSP,Phosphatic,285,369.6,0.12,105336,57000,48336,Cooperative Society,SR-002,Large Farmer,No
TXN01746,2/6/2022,2022,2,Feb,Q1,Rabi,Bihar,Darbhanga,DAP,Phosphatic,252,1215,0.1,306180,226800,79380,Cooperative Society,SR-030,Cooperative,No
TXN01747,3/17/2025,2025,3,Mar,Q1,Kharif,Madhya Pradesh,Gwalior,NPK 10-26-26,Complex,240,1161.6,0.032,278784,196800,81984,Dealer,SR-027,Medium Farmer,No
TXN01748,6/5/2023,2023,6,Jun,Q2,Kharif,Bihar,Gaya,Urea,Nitrogenous,281,583.2,0.028,163879.2,78680,85199.2,Direct Farm,SR-027,Cooperative,No
TXN01749,3/24/2024,2024,3,Mar,Q1,Kharif,Uttar Pradesh,Varanasi,Urea,Nitrogenous,500,594.6,0.009,297300,140000,157300,Government Scheme,SR-018,Cooperative,No
TXN01750,10/24/2024,2024,10,Oct,Q4,Rabi,Rajasthan,Kota,Urea,Nitrogenous,264,528.6,0.119,139550.4,73920,65630.4,Direct Farm,SR-018,Large Farmer,No
TXN01751,4/26/2023,2023,4,Apr,Q2,Kharif,Bihar,Darbhanga,Ammonium Sulphate,Nitrogenous,100,607.75,0.065,60775,35000,25775,Direct Farm,SR-001,Cooperative,No
TXN01752,11/5/2023,2023,11,Nov,Q4,Rabi,Madhya Pradesh,Jabalpur,Urea,Nitrogenous,60,590.4,0.016,35424,16800,18624,Government Scheme,SR-006,Large Farmer,No
TXN01753,5/1/2024,2024,5,May,Q2,Kharif,Haryana,Hisar,NPK 10-26-26,Complex,383,1176,0.02,450408,314060,136348,Dealer,SR-025,Large Farmer,No
TXN01754,1/15/2025,2025,1,Jan,Q1,Rabi,Andhra Pradesh,Guntur,DAP,Phosphatic,89,1208.25,0.105,107534.25,80100,27434.25,Dealer,SR-008,Small Farmer,No
TXN01755,1/2/2023,2023,1,Jan,Q1,Rabi,Punjab,Patiala,Ammonium Sulphate,Nitrogenous,72,611,0.06,43992,25200,18792,Online Portal,SR-015,Small Farmer,No
TXN01756,7/24/2023,2023,7,Jul,Q3,Kharif,Punjab,Jalandhar,DAP,Phosphatic,190,1321.65,0.021,251113.5,171000,80113.5,Direct Farm,SR-018,Large Farmer,No
TXN01757,6/26/2022,2022,6,Jun,Q2,Kharif,Punjab,Amritsar,MOP,Potassic,185,882.9,0.019,163336.5,111000,52336.5,Online Portal,SR-007,Cooperative,Yes
TXN01758,12/21/2023,2023,12,Dec,Q4,Rabi,Uttar Pradesh,Kanpur,Calcium Nitrate,Nitrogenous,415,772.65,0.091,320649.75,207500,113149.75,Dealer,SR-026,Cooperative,No
TXN01759,12/10/2022,2022,12,Dec,Q4,Rabi,Madhya Pradesh,Ujjain,Zinc Sulphate,Micronutrient,406,325.5,0.07,132153,73080,59073,Dealer,SR-024,Medium Farmer,No
TXN01760,2/15/2025,2025,2,Feb,Q1,Rabi,Gujarat,Rajkot,Ammonium Sulphate,Nitrogenous,338,621.4,0.044,210033.2,118300,91733.2,Dealer,SR-002,Cooperative,No
TXN01761,1/8/2022,2022,1,Jan,Q1,Rabi,Karnataka,Hubli,Urea,Nitrogenous,350,532.8,0.112,186480,98000,88480,Government Scheme,SR-014,Small Farmer,No
TXN01762,8/7/2024,2024,8,Aug,Q3,Kharif,Punjab,Amritsar,DAP,Phosphatic,314,1266.3,0.062,397618.2,282600,115018.2,Dealer,SR-019,Medium Farmer,No
TXN01763,10/9/2024,2024,10,Oct,Q4,Rabi,Andhra Pradesh,Nellore,Ammonium Sulphate,Nitrogenous,71,601.25,0.075,42688.75,24850,17838.75,Dealer,SR-026,Large Farmer,No
TXN01764,10/2/2023,2023,10,Oct,Q4,Rabi,Andhra Pradesh,Vijayawada,SSP,Phosphatic,29,376.74,0.103,10925.46,5800,5125.46,Dealer,SR-010,Medium Farmer,No
TXN01765,2/17/2024,2024,2,Feb,Q1,Rabi,Haryana,Ambala,Ammonium Sulphate,Nitrogenous,445,618.15,0.049,275076.75,155750,119326.75,Dealer,SR-017,Large Farmer,No
TXN01766,10/17/2024,2024,10,Oct,Q4,Rabi,Rajasthan,Udaipur,Calcium Nitrate,Nitrogenous,21,847.45,0.003,17796.45,10500,7296.45,Government Scheme,SR-011,Medium Farmer,No
TXN01767,10/9/2022,2022,10,Oct,Q4,Rabi,Andhra Pradesh,Nellore,DAP,Phosphatic,195,1331.1,0.014,259564.5,175500,84064.5,Government Scheme,SR-025,Large Farmer,No
TXN01768,9/11/2022,2022,9,Sep,Q3,Rabi,Haryana,Rohtak,NPK 10-26-26,Complex,308,1084.8,0.096,334118.4,252560,81558.4,Direct Farm,SR-002,Large Farmer,No
TXN01769,1/31/2025,2025,1,Jan,Q1,Rabi,Andhra Pradesh,Guntur,SSP,Phosphatic,474,392.28,0.066,185940.72,94800,91140.72,Government Scheme,SR-004,Cooperative,No
TXN01770,10/1/2023,2023,10,Oct,Q4,Rabi,Bihar,Patna,Ammonium Sulphate,Nitrogenous,147,592.15,0.089,87046.05,51450,35596.05,Direct Farm,SR-003,Small Farmer,No
TXN01771,1/9/2022,2022,1,Jan,Q1,Rabi,Punjab,Patiala,Urea,Nitrogenous,250,541.8,0.097,135450,70000,65450,Cooperative Society,SR-018,Small Farmer,No
TXN01772,11/22/2022,2022,11,Nov,Q4,Rabi,Karnataka,Belagavi,NPK 10-26-26,Complex,51,1152,0.04,58752,41820,16932,Direct Farm,SR-021,Small Farmer,Yes
TXN01773,2/4/2022,2022,2,Feb,Q1,Rabi,Gujarat,Surat,MOP,Potassic,96,819.9,0.089,78710.4,57600,21110.4,Online Portal,SR-008,Cooperative,No
TXN01774,12/7/2024,2024,12,Dec,Q4,Rabi,Rajasthan,Kota,NPK 10-26-26,Complex,262,1120.8,0.066,293649.6,214840,78809.6,Dealer,SR-014,Medium Farmer,No
TXN01775,3/6/2024,2024,3,Mar,Q1,Kharif,Madhya Pradesh,Ujjain,SSP,Phosphatic,186,413.28,0.016,76870.08,37200,39670.08,Online Portal,SR-014,Large Farmer,No
TXN01776,5/26/2023,2023,5,May,Q2,Kharif,Karnataka,Bengaluru,Calcium Nitrate,Nitrogenous,140,783.7,0.078,109718,70000,39718,Cooperative Society,SR-001,Small Farmer,No
TXN01777,4/24/2025,2025,4,Apr,Q2,Kharif,Madhya Pradesh,Gwalior,MOP,Potassic,305,880.2,0.022,268461,183000,85461,Online Portal,SR-004,Medium Farmer,No
TXN01778,3/24/2022,2022,3,Mar,Q1,Kharif,Madhya Pradesh,Indore,Urea,Nitrogenous,384,594.6,0.009,228326.4,107520,120806.4,Cooperative Society,SR-005,Medium Farmer,No
TXN01779,8/19/2022,2022,8,Aug,Q3,Kharif,Karnataka,Bengaluru,NPK 10-26-26,Complex,377,1184.4,0.013,446518.8,309140,137378.8,Dealer,SR-014,Small Farmer,No
TXN01780,2/27/2023,2023,2,Feb,Q1,Rabi,Gujarat,Surat,MOP,Potassic,380,829.8,0.078,315324,228000,87324,Dealer,SR-028,Large Farmer,No
TXN01781,4/21/2024,2024,4,Apr,Q2,Kharif,Bihar,Darbhanga,SSP,Phosphatic,237,386.4,0.08,91576.8,47400,44176.8,Direct Farm,SR-007,Cooperative,No
TXN01782,1/21/2023,2023,1,Jan,Q1,Rabi,Madhya Pradesh,Jabalpur,Zinc Sulphate,Micronutrient,495,338.45,0.033,167532.75,89100,78432.75,Dealer,SR-009,Small Farmer,No
TXN01783,8/7/2024,2024,8,Aug,Q3,Kharif,Haryana,Gurugram,Urea,Nitrogenous,393,567,0.055,222831,110040,112791,Government Scheme,SR-007,Cooperative,No
TXN01784,8/12/2023,2023,8,Aug,Q3,Kharif,Haryana,Ambala,SSP,Phosphatic,100,398.58,0.051,39858,20000,19858,Dealer,SR-016,Small Farmer,No
TXN01785,7/19/2024,2024,7,Jul,Q3,Kharif,Maharashtra,Aurangabad,NPK 10-26-26,Complex,240,1171.2,0.024,281088,196800,84288,Government Scheme,SR-027,Cooperative,No
TXN01786,7/7/2023,2023,7,Jul,Q3,Kharif,Haryana,Hisar,NPK 10-26-26,Complex,234,1069.2,0.109,250192.8,191880,58312.8,Dealer,SR-025,Medium Farmer,Yes
TXN01787,9/22/2024,2024,9,Sep,Q3,Rabi,Bihar,Muzaffarpur,MOP,Potassic,66,871.2,0.032,57499.2,39600,17899.2,Government Scheme,SR-017,Large Farmer,No
TXN01788,7/11/2023,2023,7,Jul,Q3,Kharif,Andhra Pradesh,Kurnool,Calcium Nitrate,Nitrogenous,20,843.2,0.008,16864,10000,6864,Dealer,SR-008,Large Farmer,No
TXN01789,5/16/2023,2023,5,May,Q2,Kharif,Andhra Pradesh,Nellore,MOP,Potassic,331,846,0.06,280026,198600,81426,Online Portal,SR-001,Medium Farmer,No
TXN01790,11/2/2023,2023,11,Nov,Q4,Rabi,Andhra Pradesh,Vijayawada,Ammonium Sulphate,Nitrogenous,10,612.3,0.058,6123,3500,2623,Direct Farm,SR-004,Large Farmer,No
TXN01791,5/30/2023,2023,5,May,Q2,Kharif,Rajasthan,Kota,NPK 10-26-26,Complex,331,1142.4,0.048,378134.4,271420,106714.4,Online Portal,SR-019,Large Farmer,No
TXN01792,2/18/2024,2024,2,Feb,Q1,Rabi,Gujarat,Gandhinagar,NPK 10-26-26,Complex,465,1165.2,0.029,541818,381300,160518,Dealer,SR-028,Large Farmer,No
TXN01793,8/23/2024,2024,8,Aug,Q3,Kharif,Madhya Pradesh,Ujjain,Ammonium Sulphate,Nitrogenous,262,632.45,0.027,165701.9,91700,74001.9,Online Portal,SR-001,Small Farmer,No
TXN01794,3/3/2025,2025,3,Mar,Q1,Kharif,Haryana,Faridabad,Calcium Nitrate,Nitrogenous,453,845.75,0.005,383124.75,226500,156624.75,Cooperative Society,SR-014,Small Farmer,No
TXN01795,1/28/2025,2025,1,Jan,Q1,Rabi,Gujarat,Surat,NPK 10-26-26,Complex,387,1168.8,0.026,452325.6,317340,134985.6,Government Scheme,SR-004,Small Farmer,No
TXN01796,1/24/2022,2022,1,Jan,Q1,Rabi,Karnataka,Mangaluru,DAP,Phosphatic,153,1246.05,0.077,190645.65,137700,52945.65,Cooperative Society,SR-029,Medium Farmer,No
TXN01797,11/29/2023,2023,11,Nov,Q4,Rabi,Madhya Pradesh,Ujjain,DAP,Phosphatic,57,1219.05,0.097,69485.85,51300,18185.85,Online Portal,SR-018,Medium Farmer,No
TXN01798,9/1/2024,2024,9,Sep,Q3,Rabi,Rajasthan,Kota,MOP,Potassic,346,818.1,0.091,283062.6,207600,75462.6,Dealer,SR-030,Cooperative,No
TXN01799,4/23/2024,2024,4,Apr,Q2,Kharif,Maharashtra,Pune,DAP,Phosphatic,267,1255.5,0.07,335218.5,240300,94918.5,Online Portal,SR-009,Small Farmer,No
TXN01800,12/16/2023,2023,12,Dec,Q4,Rabi,Maharashtra,Nagpur,MOP,Potassic,23,819.9,0.089,18857.7,13800,5057.7,Online Portal,SR-001,Large Farmer,No
TXN01801,12/19/2022,2022,12,Dec,Q4,Rabi,Haryana,Faridabad,Urea,Nitrogenous,385,586.8,0.022,225918,107800,118118,Direct Farm,SR-007,Medium Farmer,No
TXN01802,8/1/2024,2024,8,Aug,Q3,Kharif,Uttar Pradesh,Varanasi,NPK 10-26-26,Complex,326,1180.8,0.016,384940.8,267320,117620.8,Dealer,SR-024,Medium Farmer,No
TXN01803,9/6/2023,2023,9,Sep,Q3,Rabi,Bihar,Muzaffarpur,DAP,Phosphatic,436,1204.2,0.108,525031.2,392400,132631.2,Cooperative Society,SR-013,Small Farmer,No
TXN01804,2/7/2024,2024,2,Feb,Q1,Rabi,Uttar Pradesh,Meerut,MOP,Potassic,360,809.1,0.101,291276,216000,75276,Cooperative Society,SR-004,Small Farmer,No
TXN01805,3/10/2023,2023,3,Mar,Q1,Kharif,Punjab,Amritsar,Calcium Nitrate,Nitrogenous,65,805.8,0.052,52377,32500,19877,Direct Farm,SR-009,Large Farmer,No
TXN01806,11/19/2022,2022,11,Nov,Q4,Rabi,Karnataka,Belagavi,NPK 10-26-26,Complex,498,1135.2,0.054,565329.6,408360,156969.6,Direct Farm,SR-020,Cooperative,No
TXN01807,10/9/2023,2023,10,Oct,Q4,Rabi,Rajasthan,Kota,NPK 10-26-26,Complex,484,1094.4,0.088,529689.6,396880,132809.6,Dealer,SR-007,Cooperative,No
TXN01808,2/9/2024,2024,2,Feb,Q1,Rabi,Andhra Pradesh,Vijayawada,DAP,Phosphatic,457,1255.5,0.07,573763.5,411300,162463.5,Direct Farm,SR-029,Small Farmer,No
TXN01809,12/28/2024,2024,12,Dec,Q4,Rabi,Punjab,Bathinda,Zinc Sulphate,Micronutrient,212,311.85,0.109,66112.2,38160,27952.2,Online Portal,SR-023,Medium Farmer,No
TXN01810,11/26/2024,2024,11,Nov,Q4,Rabi,Haryana,Rohtak,NPK 10-26-26,Complex,419,1182,0.015,495258,343580,151678,Dealer,SR-017,Small Farmer,No
TXN01811,1/8/2025,2025,1,Jan,Q1,Rabi,Andhra Pradesh,Guntur,Ammonium Sulphate,Nitrogenous,278,607.75,0.065,168954.5,97300,71654.5,Government Scheme,SR-009,Large Farmer,No
TXN01812,10/6/2022,2022,10,Oct,Q4,Rabi,Haryana,Gurugram,Calcium Nitrate,Nitrogenous,261,763.3,0.102,199221.3,130500,68721.3,Direct Farm,SR-005,Medium Farmer,Yes
TXN01813,7/3/2022,2022,7,Jul,Q3,Kharif,Andhra Pradesh,Visakhapatnam,Zinc Sulphate,Micronutrient,46,332.15,0.051,15278.9,8280,6998.9,Online Portal,SR-003,Large Farmer,No
TXN01814,12/4/2022,2022,12,Dec,Q4,Rabi,Rajasthan,Udaipur,Urea,Nitrogenous,26,544.8,0.092,14164.8,7280,6884.8,Dealer,SR-025,Small Farmer,No
TXN01815,6/21/2022,2022,6,Jun,Q2,Kharif,Maharashtra,Nashik,DAP,Phosphatic,52,1237.95,0.083,64373.4,46800,17573.4,Cooperative Society,SR-026,Small Farmer,No
TXN01816,1/8/2025,2025,1,Jan,Q1,Rabi,Maharashtra,Pune,Urea,Nitrogenous,378,589.2,0.018,222717.6,105840,116877.6,Government Scheme,SR-011,Cooperative,No
TXN01817,10/29/2024,2024,10,Oct,Q4,Rabi,Rajasthan,Udaipur,SSP,Phosphatic,91,415.8,0.01,37837.8,18200,19637.8,Direct Farm,SR-020,Cooperative,No
TXN01818,10/2/2024,2024,10,Oct,Q4,Rabi,Andhra Pradesh,Guntur,MOP,Potassic,99,810.9,0.099,80279.1,59400,20879.1,Government Scheme,SR-017,Small Farmer,No
TXN01819,2/17/2024,2024,2,Feb,Q1,Rabi,Gujarat,Ahmedabad,Calcium Nitrate,Nitrogenous,249,847.45,0.003,211015.05,124500,86515.05,Online Portal,SR-002,Small Farmer,No
TXN01820,5/19/2023,2023,5,May,Q2,Kharif,Bihar,Gaya,Ammonium Sulphate,Nitrogenous,55,622.05,0.043,34212.75,19250,14962.75,Online Portal,SR-009,Medium Farmer,No
TXN01821,2/13/2024,2024,2,Feb,Q1,Rabi,Karnataka,Bengaluru,NPK 10-26-26,Complex,221,1178.4,0.018,260426.4,181220,79206.4,Government Scheme,SR-017,Medium Farmer,No
TXN01822,1/27/2024,2024,1,Jan,Q1,Rabi,Uttar Pradesh,Kanpur,SSP,Phosphatic,430,411.6,0.02,176988,86000,90988,Online Portal,SR-013,Small Farmer,No
TXN01823,3/22/2022,2022,3,Mar,Q1,Kharif,Gujarat,Ahmedabad,Calcium Nitrate,Nitrogenous,116,825.35,0.029,95740.6,58000,37740.6,Online Portal,SR-028,Cooperative,No
TXN01824,12/29/2023,2023,12,Dec,Q4,Rabi,Uttar Pradesh,Meerut,MOP,Potassic,74,892.8,0.008,66067.2,44400,21667.2,Government Scheme,SR-026,Small Farmer,No
TXN01825,3/13/2024,2024,3,Mar,Q1,Kharif,Rajasthan,Kota,DAP,Phosphatic,465,1259.55,0.067,585690.75,418500,167190.75,Online Portal,SR-024,Small Farmer,No
TXN01826,6/14/2023,2023,6,Jun,Q2,Kharif,Haryana,Rohtak,Zinc Sulphate,Micronutrient,265,312.9,0.106,82918.5,47700,35218.5,Direct Farm,SR-017,Medium Farmer,No
TXN01827,1/20/2023,2023,1,Jan,Q1,Rabi,Andhra Pradesh,Guntur,Calcium Nitrate,Nitrogenous,147,825.35,0.029,121326.45,73500,47826.45,Dealer,SR-005,Cooperative,No
TXN01828,8/28/2023,2023,8,Aug,Q3,Kharif,Haryana,Rohtak,SSP,Phosphatic,218,404.88,0.036,88263.84,43600,44663.84,Dealer,SR-008,Cooperative,No
TXN01829,1/25/2024,2024,1,Jan,Q1,Rabi,Andhra Pradesh,Vijayawada,NPK 10-26-26,Complex,63,1155.6,0.037,72802.8,51660,21142.8,Government Scheme,SR-003,Cooperative,No
TXN01830,3/10/2024,2024,3,Mar,Q1,Kharif,Rajasthan,Ajmer,MOP,Potassic,191,797.4,0.114,152303.4,114600,37703.4,Government Scheme,SR-025,Large Farmer,No
TXN01831,1/18/2023,2023,1,Jan,Q1,Rabi,Bihar,Muzaffarpur,Ammonium Sulphate,Nitrogenous,184,607.75,0.065,111826,64400,47426,Direct Farm,SR-010,Medium Farmer,No
TXN01832,6/23/2022,2022,6,Jun,Q2,Kharif,Gujarat,Rajkot,SSP,Phosphatic,220,380.1,0.095,83622,44000,39622,Government Scheme,SR-017,Small Farmer,No
TXN01833,8/12/2022,2022,8,Aug,Q3,Kharif,Maharashtra,Nashik,MOP,Potassic,435,793.8,0.118,345303,261000,84303,Government Scheme,SR-024,Medium Farmer,No
TXN01834,5/7/2022,2022,5,May,Q2,Kharif,Maharashtra,Pune,SSP,Phosphatic,361,387.66,0.077,139945.26,72200,67745.26,Government Scheme,SR-008,Medium Farmer,No
TXN01835,3/4/2023,2023,3,Mar,Q1,Kharif,Maharashtra,Nashik,SSP,Phosphatic,310,404.04,0.038,125252.4,62000,63252.4,Dealer,SR-013,Medium Farmer,No
TXN01836,7/29/2022,2022,7,Jul,Q3,Kharif,Punjab,Ludhiana,Zinc Sulphate,Micronutrient,279,330.4,0.056,92181.6,50220,41961.6,Dealer,SR-018,Small Farmer,No
TXN01837,2/11/2023,2023,2,Feb,Q1,Rabi,Madhya Pradesh,Ujjain,DAP,Phosphatic,333,1240.65,0.081,413136.45,299700,113436.45,Cooperative Society,SR-007,Medium Farmer,No
TXN01838,10/24/2023,2023,10,Oct,Q4,Rabi,Madhya Pradesh,Bhopal,Calcium Nitrate,Nitrogenous,447,846.6,0.004,378430.2,223500,154930.2,Dealer,SR-003,Cooperative,No
TXN01839,3/8/2024,2024,3,Mar,Q1,Kharif,Punjab,Patiala,Calcium Nitrate,Nitrogenous,408,793.9,0.066,323911.2,204000,119911.2,Online Portal,SR-029,Small Farmer,No
TXN01840,1/14/2023,2023,1,Jan,Q1,Rabi,Madhya Pradesh,Bhopal,Urea,Nitrogenous,310,592.2,0.013,183582,86800,96782,Cooperative Society,SR-004,Medium Farmer,No
TXN01841,12/8/2024,2024,12,Dec,Q4,Rabi,Uttar Pradesh,Agra,Calcium Nitrate,Nitrogenous,180,801.55,0.057,144279,90000,54279,Cooperative Society,SR-009,Large Farmer,No
TXN01842,9/3/2022,2022,9,Sep,Q3,Rabi,Bihar,Patna,NPK 10-26-26,Complex,210,1147.2,0.044,240912,172200,68712,Government Scheme,SR-005,Small Farmer,No
TXN01843,9/30/2023,2023,9,Sep,Q3,Rabi,Karnataka,Bengaluru,DAP,Phosphatic,455,1264.95,0.063,575552.25,409500,166052.25,Online Portal,SR-010,Small Farmer,No
TXN01844,8/22/2023,2023,8,Aug,Q3,Kharif,Madhya Pradesh,Indore,Calcium Nitrate,Nitrogenous,281,801.55,0.057,225235.55,140500,84735.55,Dealer,SR-019,Medium Farmer,No
TXN01845,2/3/2023,2023,2,Feb,Q1,Rabi,Haryana,Faridabad,NPK 10-26-26,Complex,320,1113.6,0.072,356352,262400,93952,Direct Farm,SR-003,Medium Farmer,No
TXN01846,7/18/2023,2023,7,Jul,Q3,Kharif,Maharashtra,Aurangabad,Calcium Nitrate,Nitrogenous,49,840.65,0.011,41191.85,24500,16691.85,Dealer,SR-023,Large Farmer,No
TXN01847,11/30/2024,2024,11,Nov,Q4,Rabi,Andhra Pradesh,Vijayawada,Urea,Nitrogenous,434,573.6,0.044,248942.4,121520,127422.4,Dealer,SR-025,Large Farmer,No
TXN01848,10/5/2024,2024,10,Oct,Q4,Rabi,Bihar,Bhagalpur,Calcium Nitrate,Nitrogenous,414,774.35,0.089,320580.9,207000,113580.9,Online Portal,SR-023,Small Farmer,No
TXN01849,9/21/2022,2022,9,Sep,Q3,Rabi,Bihar,Patna,Urea,Nitrogenous,493,586.2,0.023,288996.6,138040,150956.6,Dealer,SR-017,Medium Farmer,No
TXN01850,3/10/2024,2024,3,Mar,Q1,Kharif,Bihar,Darbhanga,DAP,Phosphatic,428,1208.25,0.105,517131,385200,131931,Dealer,SR-013,Medium Farmer,No
TXN01851,5/29/2022,2022,5,May,Q2,Kharif,Maharashtra,Nashik,DAP,Phosphatic,497,1321.65,0.021,656860.05,447300,209560.05,Direct Farm,SR-009,Large Farmer,No
TXN01852,4/17/2022,2022,4,Apr,Q2,Kharif,Bihar,Darbhanga,MOP,Potassic,233,837.9,0.069,195230.7,139800,55430.7,Cooperative Society,SR-021,Cooperative,No
TXN01853,2/23/2025,2025,2,Feb,Q1,Rabi,Haryana,Rohtak,NPK 10-26-26,Complex,278,1080,0.1,300240,227960,72280,Government Scheme,SR-024,Small Farmer,No
TXN01854,5/11/2023,2023,5,May,Q2,Kharif,Rajasthan,Kota,Urea,Nitrogenous,416,562.2,0.063,233875.2,116480,117395.2,Cooperative Society,SR-025,Medium Farmer,No
TXN01855,9/4/2023,2023,9,Sep,Q3,Rabi,Madhya Pradesh,Jabalpur,MOP,Potassic,218,894.6,0.006,195022.8,130800,64222.8,Direct Farm,SR-021,Large Farmer,No
TXN01856,9/12/2022,2022,9,Sep,Q3,Rabi,Uttar Pradesh,Lucknow,Ammonium Sulphate,Nitrogenous,241,596.05,0.083,143648.05,84350,59298.05,Dealer,SR-020,Small Farmer,No
TXN01857,1/25/2024,2024,1,Jan,Q1,Rabi,Karnataka,Belagavi,DAP,Phosphatic,421,1302.75,0.035,548457.75,378900,169557.75,Online Portal,SR-006,Small Farmer,No
TXN01858,6/7/2023,2023,6,Jun,Q2,Kharif,Karnataka,Mysuru,Calcium Nitrate,Nitrogenous,397,788.8,0.072,313153.6,198500,114653.6,Online Portal,SR-020,Cooperative,No
TXN01859,3/18/2025,2025,3,Mar,Q1,Kharif,Bihar,Gaya,Zinc Sulphate,Micronutrient,55,312.55,0.107,17190.25,9900,7290.25,Government Scheme,SR-005,Large Farmer,No
TXN01860,2/26/2024,2024,2,Feb,Q1,Rabi,Karnataka,Mysuru,MOP,Potassic,179,838.8,0.068,150145.2,107400,42745.2,Government Scheme,SR-001,Large Farmer,No
TXN01861,2/3/2023,2023,2,Feb,Q1,Rabi,Haryana,Faridabad,DAP,Phosphatic,104,1213.65,0.101,126219.6,93600,32619.6,Direct Farm,SR-010,Medium Farmer,No
TXN01862,4/7/2024,2024,4,Apr,Q2,Kharif,Karnataka,Belagavi,Urea,Nitrogenous,218,555,0.075,120990,61040,59950,Dealer,SR-018,Cooperative,No
TXN01863,3/26/2024,2024,3,Mar,Q1,Kharif,Punjab,Patiala,Calcium Nitrate,Nitrogenous,466,846.6,0.004,394515.6,233000,161515.6,Cooperative Society,SR-006,Medium Farmer,No
TXN01864,2/24/2025,2025,2,Feb,Q1,Rabi,Madhya Pradesh,Ujjain,NPK 10-26-26,Complex,176,1104,0.08,194304,144320,49984,Online Portal,SR-030,Large Farmer,Yes
TXN01865,5/15/2023,2023,5,May,Q2,Kharif,Andhra Pradesh,Visakhapatnam,Urea,Nitrogenous,438,541.2,0.098,237045.6,122640,114405.6,Government Scheme,SR-027,Small Farmer,No
TXN01866,4/14/2024,2024,4,Apr,Q2,Kharif,Punjab,Amritsar,Calcium Nitrate,Nitrogenous,184,846.6,0.004,155774.4,92000,63774.4,Direct Farm,SR-013,Large Farmer,No
TXN01867,10/28/2022,2022,10,Oct,Q4,Rabi,Bihar,Gaya,DAP,Phosphatic,411,1260.9,0.066,518229.9,369900,148329.9,Online Portal,SR-013,Large Farmer,No
TXN01868,5/30/2022,2022,5,May,Q2,Kharif,Madhya Pradesh,Bhopal,Zinc Sulphate,Micronutrient,424,332.15,0.051,140831.6,76320,64511.6,Direct Farm,SR-025,Medium Farmer,No
TXN01869,10/5/2023,2023,10,Oct,Q4,Rabi,Karnataka,Hubli,DAP,Phosphatic,138,1213.65,0.101,167483.7,124200,43283.7,Government Scheme,SR-013,Medium Farmer,No
TXN01870,4/18/2025,2025,4,Apr,Q2,Kharif,Rajasthan,Kota,SSP,Phosphatic,330,374.64,0.108,123631.2,66000,57631.2,Dealer,SR-027,Medium Farmer,No
TXN01871,4/4/2023,2023,4,Apr,Q2,Kharif,Uttar Pradesh,Lucknow,Calcium Nitrate,Nitrogenous,317,810.05,0.047,256785.85,158500,98285.85,Cooperative Society,SR-003,Small Farmer,No
TXN01872,3/3/2024,2024,3,Mar,Q1,Kharif,Andhra Pradesh,Visakhapatnam,DAP,Phosphatic,51,1242,0.08,63342,45900,17442,Online Portal,SR-011,Small Farmer,No
TXN01873,5/16/2022,2022,5,May,Q2,Kharif,Bihar,Darbhanga,Urea,Nitrogenous,323,553.2,0.078,178683.6,90440,88243.6,Dealer,SR-010,Small Farmer,No
TXN01874,4/22/2022,2022,4,Apr,Q2,Kharif,Gujarat,Rajkot,MOP,Potassic,451,831.6,0.076,375051.6,270600,104451.6,Direct Farm,SR-028,Cooperative,Yes
TXN01875,4/22/2024,2024,4,Apr,Q2,Kharif,Haryana,Gurugram,Ammonium Sulphate,Nitrogenous,122,599.95,0.077,73193.9,42700,30493.9,Government Scheme,SR-001,Cooperative,No
TXN01876,6/25/2024,2024,6,Jun,Q2,Kharif,Karnataka,Hubli,Calcium Nitrate,Nitrogenous,93,844.05,0.007,78496.65,46500,31996.65,Cooperative Society,SR-029,Medium Farmer,No
TXN01877,4/23/2024,2024,4,Apr,Q2,Kharif,Haryana,Rohtak,MOP,Potassic,186,898.2,0.002,167065.2,111600,55465.2,Dealer,SR-024,Cooperative,Yes
TXN01878,8/29/2024,2024,8,Aug,Q3,Kharif,Bihar,Patna,MOP,Potassic,299,824.4,0.084,246495.6,179400,67095.6,Online Portal,SR-003,Large Farmer,No
TXN01879,3/24/2024,2024,3,Mar,Q1,Kharif,Andhra Pradesh,Nellore,SSP,Phosphatic,44,371.28,0.116,16336.32,8800,7536.32,Direct Farm,SR-007,Cooperative,No
TXN01880,7/2/2022,2022,7,Jul,Q3,Kharif,Haryana,Ambala,Ammonium Sulphate,Nitrogenous,376,577.2,0.112,217027.2,131600,85427.2,Direct Farm,SR-012,Cooperative,No
TXN01881,8/14/2024,2024,8,Aug,Q3,Kharif,Andhra Pradesh,Guntur,Zinc Sulphate,Micronutrient,15,341.25,0.025,5118.75,2700,2418.75,Direct Farm,SR-022,Small Farmer,No
TXN01882,12/1/2022,2022,12,Dec,Q4,Rabi,Uttar Pradesh,Varanasi,DAP,Phosphatic,122,1228.5,0.09,149877,109800,40077,Direct Farm,SR-027,Large Farmer,No
TXN01883,8/15/2024,2024,8,Aug,Q3,Kharif,Gujarat,Gandhinagar,Ammonium Sulphate,Nitrogenous,202,640.25,0.015,129330.5,70700,58630.5,Direct Farm,SR-015,Small Farmer,No
TXN01884,8/31/2023,2023,8,Aug,Q3,Kharif,Rajasthan,Udaipur,Urea,Nitrogenous,381,531,0.115,202311,106680,95631,Online Portal,SR-011,Small Farmer,No
TXN01885,3/21/2024,2024,3,Mar,Q1,Kharif,Rajasthan,Kota,Urea,Nitrogenous,428,593.4,0.011,253975.2,119840,134135.2,Government Scheme,SR-010,Small Farmer,No
TXN01886,7/14/2024,2024,7,Jul,Q3,Kharif,Madhya Pradesh,Gwalior,DAP,Phosphatic,213,1274.4,0.056,271447.2,191700,79747.2,Dealer,SR-030,Medium Farmer,No
TXN01887,10/20/2024,2024,10,Oct,Q4,Rabi,Andhra Pradesh,Visakhapatnam,MOP,Potassic,48,898.2,0.002,43113.6,28800,14313.6,Direct Farm,SR-021,Small Farmer,No
TXN01888,4/21/2025,2025,4,Apr,Q2,Kharif,Andhra Pradesh,Visakhapatnam,DAP,Phosphatic,331,1318.95,0.023,436572.45,297900,138672.45,Online Portal,SR-030,Cooperative,No
TXN01889,3/18/2025,2025,3,Mar,Q1,Kharif,Andhra Pradesh,Kurnool,Zinc Sulphate,Micronutrient,411,319.2,0.088,131191.2,73980,57211.2,Online Portal,SR-015,Medium Farmer,No
TXN01890,4/20/2023,2023,4,Apr,Q2,Kharif,Andhra Pradesh,Visakhapatnam,DAP,Phosphatic,444,1266.3,0.062,562237.2,399600,162637.2,Online Portal,SR-022,Large Farmer,No
TXN01891,3/1/2022,2022,3,Mar,Q1,Kharif,Maharashtra,Nashik,Zinc Sulphate,Micronutrient,388,348.95,0.003,135392.6,69840,65552.6,Online Portal,SR-018,Cooperative,No
TXN01892,9/1/2022,2022,9,Sep,Q3,Rabi,Gujarat,Rajkot,Urea,Nitrogenous,216,538.2,0.103,116251.2,60480,55771.2,Cooperative Society,SR-008,Cooperative,No
TXN01893,10/28/2022,2022,10,Oct,Q4,Rabi,Uttar Pradesh,Kanpur,Urea,Nitrogenous,202,561,0.065,113322,56560,56762,Dealer,SR-022,Medium Farmer,No
TXN01894,4/4/2023,2023,4,Apr,Q2,Kharif,Maharashtra,Aurangabad,MOP,Potassic,54,792.9,0.119,42816.6,32400,10416.6,Government Scheme,SR-001,Large Farmer,No
TXN01895,7/5/2024,2024,7,Jul,Q3,Kharif,Punjab,Jalandhar,Calcium Nitrate,Nitrogenous,301,834.7,0.018,251244.7,150500,100744.7,Dealer,SR-017,Medium Farmer,No
TXN01896,3/14/2025,2025,3,Mar,Q1,Kharif,Haryana,Ambala,Calcium Nitrate,Nitrogenous,243,772.65,0.091,187753.95,121500,66253.95,Dealer,SR-018,Large Farmer,No
TXN01897,5/30/2024,2024,5,May,Q2,Kharif,Karnataka,Belagavi,SSP,Phosphatic,411,392.28,0.066,161227.08,82200,79027.08,Dealer,SR-006,Medium Farmer,No
TXN01898,11/9/2023,2023,11,Nov,Q4,Rabi,Uttar Pradesh,Meerut,NPK 10-26-26,Complex,349,1078.8,0.101,376501.2,286180,90321.2,Cooperative Society,SR-024,Large Farmer,No
TXN01899,8/21/2023,2023,8,Aug,Q3,Kharif,Haryana,Ambala,Ammonium Sulphate,Nitrogenous,443,592.8,0.088,262610.4,155050,107560.4,Online Portal,SR-018,Small Farmer,Yes
TXN01900,6/22/2022,2022,6,Jun,Q2,Kharif,Rajasthan,Udaipur,Zinc Sulphate,Micronutrient,330,327.25,0.065,107992.5,59400,48592.5,Cooperative Society,SR-026,Small Farmer,Yes
TXN01901,6/22/2024,2024,6,Jun,Q2,Kharif,Punjab,Jalandhar,MOP,Potassic,130,803.7,0.107,104481,78000,26481,Cooperative Society,SR-015,Cooperative,No
TXN01902,2/6/2023,2023,2,Feb,Q1,Rabi,Andhra Pradesh,Visakhapatnam,Urea,Nitrogenous,488,555.6,0.074,271132.8,136640,134492.8,Government Scheme,SR-013,Small Farmer,No
TXN01903,5/11/2022,2022,5,May,Q2,Kharif,Gujarat,Rajkot,Zinc Sulphate,Micronutrient,206,327.25,0.065,67413.5,37080,30333.5,Online Portal,SR-019,Cooperative,No
TXN01904,10/15/2024,2024,10,Oct,Q4,Rabi,Haryana,Faridabad,Ammonium Sulphate,Nitrogenous,274,605.15,0.069,165811.1,95900,69911.1,Cooperative Society,SR-024,Small Farmer,Yes
TXN01905,12/25/2024,2024,12,Dec,Q4,Rabi,Maharashtra,Kolhapur,Urea,Nitrogenous,214,553.8,0.077,118513.2,59920,58593.2,Direct Farm,SR-012,Small Farmer,No
TXN01906,3/3/2022,2022,3,Mar,Q1,Kharif,Maharashtra,Nagpur,Calcium Nitrate,Nitrogenous,382,787.1,0.074,300672.2,191000,109672.2,Cooperative Society,SR-019,Small Farmer,No
TXN01907,9/13/2022,2022,9,Sep,Q3,Rabi,Haryana,Ambala,MOP,Potassic,408,819,0.09,334152,244800,89352,Government Scheme,SR-009,Large Farmer,No
TXN01908,12/8/2024,2024,12,Dec,Q4,Rabi,Bihar,Bhagalpur,Calcium Nitrate,Nitrogenous,110,835.55,0.017,91910.5,55000,36910.5,Online Portal,SR-010,Medium Farmer,Yes
TXN01909,5/21/2023,2023,5,May,Q2,Kharif,Haryana,Rohtak,SSP,Phosphatic,414,400.26,0.047,165707.64,82800,82907.64,Direct Farm,SR-028,Medium Farmer,No
TXN01910,3/18/2025,2025,3,Mar,Q1,Kharif,Punjab,Jalandhar,Calcium Nitrate,Nitrogenous,94,823.65,0.031,77423.1,47000,30423.1,Government Scheme,SR-006,Large Farmer,No
TXN01911,12/31/2022,2022,12,Dec,Q4,Rabi,Maharashtra,Nagpur,MOP,Potassic,304,881.1,0.021,267854.4,182400,85454.4,Online Portal,SR-008,Medium Farmer,No
TXN01912,12/20/2024,2024,12,Dec,Q4,Rabi,Karnataka,Hubli,DAP,Phosphatic,124,1210.95,0.103,150157.8,111600,38557.8,Online Portal,SR-004,Cooperative,No
TXN01913,1/20/2024,2024,1,Jan,Q1,Rabi,Uttar Pradesh,Varanasi,SSP,Phosphatic,499,400.68,0.046,199939.32,99800,100139.32,Online Portal,SR-011,Small Farmer,No
TXN01914,10/19/2023,2023,10,Oct,Q4,Rabi,Gujarat,Vadodara,SSP,Phosphatic,124,419.58,0.001,52027.92,24800,27227.92,Government Scheme,SR-021,Small Farmer,No
TXN01915,3/27/2025,2025,3,Mar,Q1,Kharif,Punjab,Ludhiana,Zinc Sulphate,Micronutrient,316,329.7,0.058,104185.2,56880,47305.2,Dealer,SR-007,Large Farmer,No
TXN01916,4/29/2023,2023,4,Apr,Q2,Kharif,Rajasthan,Jaipur,DAP,Phosphatic,439,1290.6,0.044,566573.4,395100,171473.4,Cooperative Society,SR-010,Small Farmer,No
TXN01917,8/25/2023,2023,8,Aug,Q3,Kharif,Gujarat,Ahmedabad,Ammonium Sulphate,Nitrogenous,433,624.65,0.039,270473.45,151550,118923.45,Dealer,SR-007,Medium Farmer,No
TXN01918,3/16/2023,2023,3,Mar,Q1,Kharif,Bihar,Bhagalpur,DAP,Phosphatic,131,1220.4,0.096,159872.4,117900,41972.4,Cooperative Society,SR-028,Large Farmer,No
TXN01919,2/2/2022,2022,2,Feb,Q1,Rabi,Karnataka,Hubli,MOP,Potassic,366,806.4,0.104,295142.4,219600,75542.4,Dealer,SR-010,Small Farmer,No
TXN01920,12/26/2023,2023,12,Dec,Q4,Rabi,Haryana,Hisar,Calcium Nitrate,Nitrogenous,325,795.6,0.064,258570,162500,96070,Dealer,SR-023,Cooperative,No
TXN01921,5/4/2022,2022,5,May,Q2,Kharif,Karnataka,Mysuru,Zinc Sulphate,Micronutrient,13,338.45,0.033,4399.85,2340,2059.85,Direct Farm,SR-008,Large Farmer,No
TXN01922,11/30/2022,2022,11,Nov,Q4,Rabi,Haryana,Ambala,Calcium Nitrate,Nitrogenous,223,844.05,0.007,188223.15,111500,76723.15,Government Scheme,SR-028,Cooperative,No
TXN01923,1/8/2025,2025,1,Jan,Q1,Rabi,Gujarat,Vadodara,SSP,Phosphatic,451,411.6,0.02,185631.6,90200,95431.6,Cooperative Society,SR-023,Large Farmer,No
TXN01924,11/22/2023,2023,11,Nov,Q4,Rabi,Rajasthan,Kota,Ammonium Sulphate,Nitrogenous,385,603.85,0.071,232482.25,134750,97732.25,Government Scheme,SR-026,Large Farmer,No
TXN01925,8/13/2023,2023,8,Aug,Q3,Kharif,Haryana,Rohtak,MOP,Potassic,165,796.5,0.115,131422.5,99000,32422.5,Dealer,SR-003,Cooperative,No
TXN01926,2/22/2022,2022,2,Feb,Q1,Rabi,Haryana,Gurugram,Urea,Nitrogenous,31,588.6,0.019,18246.6,8680,9566.6,Government Scheme,SR-012,Medium Farmer,No
TXN01927,4/21/2023,2023,4,Apr,Q2,Kharif,Punjab,Amritsar,MOP,Potassic,339,805.5,0.105,273064.5,203400,69664.5,Dealer,SR-026,Large Farmer,No
TXN01928,5/22/2022,2022,5,May,Q2,Kharif,Madhya Pradesh,Bhopal,Ammonium Sulphate,Nitrogenous,184,612.3,0.058,112663.2,64400,48263.2,Online Portal,SR-007,Cooperative,No
TXN01929,1/9/2023,2023,1,Jan,Q1,Rabi,Punjab,Jalandhar,SSP,Phosphatic,155,377.16,0.102,58459.8,31000,27459.8,Online Portal,SR-020,Cooperative,No
TXN01930,4/16/2025,2025,4,Apr,Q2,Kharif,Karnataka,Mangaluru,MOP,Potassic,265,795.6,0.116,210834,159000,51834,Direct Farm,SR-014,Cooperative,Yes
TXN01931,6/22/2024,2024,6,Jun,Q2,Kharif,Rajasthan,Ajmer,MOP,Potassic,392,899.1,0.001,352447.2,235200,117247.2,Government Scheme,SR-028,Medium Farmer,No
TXN01932,8/13/2023,2023,8,Aug,Q3,Kharif,Madhya Pradesh,Bhopal,NPK 10-26-26,Complex,422,1082.4,0.098,456772.8,346040,110732.8,Online Portal,SR-026,Small Farmer,No
TXN01933,1/25/2023,2023,1,Jan,Q1,Rabi,Punjab,Amritsar,NPK 10-26-26,Complex,320,1179.6,0.017,377472,262400,115072,Dealer,SR-021,Large Farmer,No
TXN01934,7/9/2022,2022,7,Jul,Q3,Kharif,Uttar Pradesh,Varanasi,Urea,Nitrogenous,463,593.4,0.011,274744.2,129640,145104.2,Direct Farm,SR-014,Large Farmer,No
TXN01935,11/24/2022,2022,11,Nov,Q4,Rabi,Madhya Pradesh,Ujjain,Zinc Sulphate,Micronutrient,186,348.95,0.003,64904.7,33480,31424.7,Direct Farm,SR-025,Cooperative,No
TXN01936,11/28/2024,2024,11,Nov,Q4,Rabi,Punjab,Patiala,MOP,Potassic,412,880.2,0.022,362642.4,247200,115442.4,Government Scheme,SR-016,Cooperative,No
TXN01937,6/18/2023,2023,6,Jun,Q2,Kharif,Maharashtra,Kolhapur,SSP,Phosphatic,257,413.28,0.016,106212.96,51400,54812.96,Direct Farm,SR-028,Small Farmer,No
TXN01938,10/19/2022,2022,10,Oct,Q4,Rabi,Karnataka,Bengaluru,Zinc Sulphate,Micronutrient,205,312.2,0.108,64001,36900,27101,Online Portal,SR-008,Small Farmer,No
TXN01939,4/19/2022,2022,4,Apr,Q2,Kharif,Andhra Pradesh,Visakhapatnam,Zinc Sulphate,Micronutrient,71,323.05,0.077,22936.55,12780,10156.55,Direct Farm,SR-003,Cooperative,No
TXN01940,2/11/2023,2023,2,Feb,Q1,Rabi,Gujarat,Surat,MOP,Potassic,499,809.1,0.101,403740.9,299400,104340.9,Dealer,SR-011,Medium Farmer,No
TXN01941,11/14/2022,2022,11,Nov,Q4,Rabi,Karnataka,Belagavi,NPK 10-26-26,Complex,389,1141.2,0.049,443926.8,318980,124946.8,Direct Farm,SR-004,Cooperative,No
TXN01942,4/13/2025,2025,4,Apr,Q2,Kharif,Punjab,Jalandhar,NPK 10-26-26,Complex,293,1120.8,0.066,328394.4,240260,88134.4,Direct Farm,SR-029,Medium Farmer,No
TXN01943,1/15/2024,2024,1,Jan,Q1,Rabi,Madhya Pradesh,Ujjain,NPK 10-26-26,Complex,173,1119.6,0.067,193690.8,141860,51830.8,Government Scheme,SR-009,Cooperative,No
TXN01944,9/28/2024,2024,9,Sep,Q3,Rabi,Gujarat,Rajkot,NPK 10-26-26,Complex,92,1083.6,0.097,99691.2,75440,24251.2,Government Scheme,SR-008,Small Farmer,No
TXN01945,11/13/2023,2023,11,Nov,Q4,Rabi,Rajasthan,Udaipur,Zinc Sulphate,Micronutrient,322,319.9,0.086,103007.8,57960,45047.8,Dealer,SR-006,Cooperative,No
TXN01946,4/7/2025,2025,4,Apr,Q2,Kharif,Gujarat,Ahmedabad,MOP,Potassic,302,881.1,0.021,266092.2,181200,84892.2,Dealer,SR-006,Small Farmer,No
TXN01947,5/20/2023,2023,5,May,Q2,Kharif,Karnataka,Mangaluru,Zinc Sulphate,Micronutrient,378,345.1,0.014,130447.8,68040,62407.8,Cooperative Society,SR-023,Large Farmer,No
TXN01948,4/1/2025,2025,4,Apr,Q2,Kharif,Andhra Pradesh,Nellore,NPK 10-26-26,Complex,76,1178.4,0.018,89558.4,62320,27238.4,Dealer,SR-005,Large Farmer,No
TXN01949,4/22/2022,2022,4,Apr,Q2,Kharif,Andhra Pradesh,Visakhapatnam,MOP,Potassic,29,804.6,0.106,23333.4,17400,5933.4,Government Scheme,SR-025,Cooperative,No
TXN01950,8/11/2024,2024,8,Aug,Q3,Kharif,Andhra Pradesh,Nellore,Zinc Sulphate,Micronutrient,188,321.3,0.082,60404.4,33840,26564.4,Government Scheme,SR-022,Large Farmer,No
TXN01951,4/30/2023,2023,4,Apr,Q2,Kharif,Andhra Pradesh,Vijayawada,Urea,Nitrogenous,418,539.4,0.101,225469.2,117040,108429.2,Dealer,SR-007,Small Farmer,No
TXN01952,9/11/2023,2023,9,Sep,Q3,Rabi,Madhya Pradesh,Jabalpur,DAP,Phosphatic,427,1256.85,0.069,536674.95,384300,152374.95,Online Portal,SR-011,Small Farmer,No
TXN01953,5/17/2022,2022,5,May,Q2,Kharif,Maharashtra,Nashik,NPK 10-26-26,Complex,456,1095.6,0.087,499593.6,373920,125673.6,Dealer,SR-001,Medium Farmer,Yes
TXN01954,3/28/2025,2025,3,Mar,Q1,Kharif,Haryana,Rohtak,Ammonium Sulphate,Nitrogenous,349,648.05,0.003,226169.45,122150,104019.45,Government Scheme,SR-007,Cooperative,No
TXN01955,11/13/2024,2024,11,Nov,Q4,Rabi,Madhya Pradesh,Bhopal,NPK 10-26-26,Complex,476,1198.8,0.001,570628.8,390320,180308.8,Cooperative Society,SR-016,Small Farmer,No
TXN01956,4/30/2025,2025,4,Apr,Q2,Kharif,Gujarat,Ahmedabad,DAP,Phosphatic,84,1285.2,0.048,107956.8,75600,32356.8,Direct Farm,SR-024,Medium Farmer,No
TXN01957,3/1/2023,2023,3,Mar,Q1,Kharif,Haryana,Gurugram,Zinc Sulphate,Micronutrient,219,330.4,0.056,72357.6,39420,32937.6,Direct Farm,SR-002,Small Farmer,No
TXN01958,7/2/2022,2022,7,Jul,Q3,Kharif,Punjab,Ludhiana,Calcium Nitrate,Nitrogenous,216,838.95,0.013,181213.2,108000,73213.2,Direct Farm,SR-002,Small Farmer,No
TXN01959,3/7/2022,2022,3,Mar,Q1,Kharif,Gujarat,Surat,Ammonium Sulphate,Nitrogenous,348,592.15,0.089,206068.2,121800,84268.2,Online Portal,SR-025,Cooperative,No
TXN01960,2/10/2023,2023,2,Feb,Q1,Rabi,Karnataka,Mysuru,Urea,Nitrogenous,160,558.6,0.069,89376,44800,44576,Cooperative Society,SR-013,Large Farmer,No
TXN01961,1/3/2025,2025,1,Jan,Q1,Rabi,Uttar Pradesh,Agra,Zinc Sulphate,Micronutrient,343,313.25,0.105,107444.75,61740,45704.75,Government Scheme,SR-025,Small Farmer,No
TXN01962,8/1/2023,2023,8,Aug,Q3,Kharif,Haryana,Gurugram,DAP,Phosphatic,155,1345.95,0.003,208622.25,139500,69122.25,Online Portal,SR-022,Cooperative,Yes
TXN01963,12/10/2024,2024,12,Dec,Q4,Rabi,Haryana,Ambala,Urea,Nitrogenous,305,552,0.08,168360,85400,82960,Direct Farm,SR-005,Large Farmer,No
TXN01964,9/21/2022,2022,9,Sep,Q3,Rabi,Uttar Pradesh,Meerut,NPK 10-26-26,Complex,368,1077.6,0.102,396556.8,301760,94796.8,Government Scheme,SR-024,Cooperative,No
TXN01965,1/3/2022,2022,1,Jan,Q1,Rabi,Madhya Pradesh,Ujjain,Ammonium Sulphate,Nitrogenous,75,588.9,0.094,44167.5,26250,17917.5,Online Portal,SR-016,Small Farmer,No
TXN01966,4/14/2023,2023,4,Apr,Q2,Kharif,Gujarat,Ahmedabad,MOP,Potassic,151,879.3,0.023,132774.3,90600,42174.3,Government Scheme,SR-018,Large Farmer,No
TXN01967,1/21/2024,2024,1,Jan,Q1,Rabi,Bihar,Gaya,MOP,Potassic,118,808.2,0.102,95367.6,70800,24567.6,Government Scheme,SR-003,Medium Farmer,No
TXN01968,10/16/2022,2022,10,Oct,Q4,Rabi,Gujarat,Ahmedabad,Calcium Nitrate,Nitrogenous,73,813.45,0.043,59381.85,36500,22881.85,Direct Farm,SR-016,Medium Farmer,No
TXN01969,10/10/2024,2024,10,Oct,Q4,Rabi,Rajasthan,Jaipur,MOP,Potassic,316,833.4,0.074,263354.4,189600,73754.4,Cooperative Society,SR-024,Small Farmer,No
TXN01970,5/22/2024,2024,5,May,Q2,Kharif,Karnataka,Bengaluru,Calcium Nitrate,Nitrogenous,126,836.4,0.016,105386.4,63000,42386.4,Government Scheme,SR-017,Small Farmer,No
TXN01971,10/17/2023,2023,10,Oct,Q4,Rabi,Rajasthan,Jodhpur,Urea,Nitrogenous,123,549.6,0.084,67600.8,34440,33160.8,Government Scheme,SR-002,Medium Farmer,No
TXN01972,9/13/2022,2022,9,Sep,Q3,Rabi,Uttar Pradesh,Meerut,Ammonium Sulphate,Nitrogenous,474,579.15,0.109,274517.1,165900,108617.1,Cooperative Society,SR-019,Cooperative,No
TXN01973,5/16/2024,2024,5,May,Q2,Kharif,Rajasthan,Kota,DAP,Phosphatic,199,1278.45,0.053,254411.55,179100,75311.55,Government Scheme,SR-012,Large Farmer,No
TXN01974,12/20/2022,2022,12,Dec,Q4,Rabi,Madhya Pradesh,Gwalior,Zinc Sulphate,Micronutrient,440,345.45,0.013,151998,79200,72798,Government Scheme,SR-015,Cooperative,No
TXN01975,8/15/2022,2022,8,Aug,Q3,Kharif,Uttar Pradesh,Meerut,Urea,Nitrogenous,403,591.6,0.014,238414.8,112840,125574.8,Online Portal,SR-004,Small Farmer,No
TXN01976,2/24/2022,2022,2,Feb,Q1,Rabi,Bihar,Darbhanga,NPK 10-26-26,Complex,61,1135.2,0.054,69247.2,50020,19227.2,Government Scheme,SR-025,Small Farmer,No
TXN01977,11/28/2022,2022,11,Nov,Q4,Rabi,Bihar,Darbhanga,Urea,Nitrogenous,288,598.8,0.002,172454.4,80640,91814.4,Dealer,SR-026,Large Farmer,No
TXN01978,8/8/2022,2022,8,Aug,Q3,Kharif,Haryana,Rohtak,Urea,Nitrogenous,454,548.4,0.086,248973.6,127120,121853.6,Government Scheme,SR-023,Small Farmer,No
TXN01979,6/22/2022,2022,6,Jun,Q2,Kharif,Madhya Pradesh,Ujjain,Urea,Nitrogenous,219,567.6,0.054,124304.4,61320,62984.4,Direct Farm,SR-002,Cooperative,No
TXN01980,11/12/2023,2023,11,Nov,Q4,Rabi,Punjab,Ludhiana,SSP,Phosphatic,194,371.28,0.116,72028.32,38800,33228.32,Government Scheme,SR-016,Large Farmer,No
TXN01981,3/31/2024,2024,3,Mar,Q1,Kharif,Haryana,Gurugram,NPK 10-26-26,Complex,22,1197.6,0.002,26347.2,18040,8307.2,Cooperative Society,SR-006,Large Farmer,No
TXN01982,12/17/2024,2024,12,Dec,Q4,Rabi,Maharashtra,Nagpur,Calcium Nitrate,Nitrogenous,370,805.8,0.052,298146,185000,113146,Government Scheme,SR-016,Small Farmer,No
TXN01983,9/4/2022,2022,9,Sep,Q3,Rabi,Andhra Pradesh,Guntur,Ammonium Sulphate,Nitrogenous,111,572,0.12,63492,38850,24642,Direct Farm,SR-020,Cooperative,No
TXN01984,6/19/2024,2024,6,Jun,Q2,Kharif,Rajasthan,Ajmer,Calcium Nitrate,Nitrogenous,233,765.85,0.099,178443.05,116500,61943.05,Dealer,SR-012,Small Farmer,No
TXN01985,5/8/2023,2023,5,May,Q2,Kharif,Haryana,Hisar,Urea,Nitrogenous,26,595.8,0.007,15490.8,7280,8210.8,Government Scheme,SR-013,Cooperative,No
TXN01986,7/25/2022,2022,7,Jul,Q3,Kharif,Rajasthan,Udaipur,Urea,Nitrogenous,396,595.2,0.008,235699.2,110880,124819.2,Dealer,SR-002,Cooperative,No
TXN01987,9/21/2024,2024,9,Sep,Q3,Rabi,Gujarat,Ahmedabad,SSP,Phosphatic,29,419.16,0.002,12155.64,5800,6355.64,Government Scheme,SR-019,Medium Farmer,No
TXN01988,2/4/2025,2025,2,Feb,Q1,Rabi,Punjab,Bathinda,SSP,Phosphatic,303,420,0,127260,60600,66660,Direct Farm,SR-022,Small Farmer,No
TXN01989,12/19/2022,2022,12,Dec,Q4,Rabi,Uttar Pradesh,Kanpur,Urea,Nitrogenous,423,557.4,0.071,235780.2,118440,117340.2,Online Portal,SR-027,Cooperative,No
TXN01990,12/19/2024,2024,12,Dec,Q4,Rabi,Gujarat,Surat,DAP,Phosphatic,111,1274.4,0.056,141458.4,99900,41558.4,Cooperative Society,SR-022,Small Farmer,No
TXN01991,2/22/2024,2024,2,Feb,Q1,Rabi,Karnataka,Belagavi,SSP,Phosphatic,62,399.42,0.049,24764.04,12400,12364.04,Cooperative Society,SR-004,Medium Farmer,No
TXN01992,9/20/2024,2024,9,Sep,Q3,Rabi,Rajasthan,Jaipur,Zinc Sulphate,Micronutrient,255,325.85,0.069,83091.75,45900,37191.75,Direct Farm,SR-008,Medium Farmer,No
TXN01993,6/13/2024,2024,6,Jun,Q2,Kharif,Haryana,Faridabad,SSP,Phosphatic,308,391.44,0.068,120563.52,61600,58963.52,Dealer,SR-020,Cooperative,No
TXN01994,5/18/2022,2022,5,May,Q2,Kharif,Rajasthan,Jodhpur,Calcium Nitrate,Nitrogenous,444,748.85,0.119,332489.4,222000,110489.4,Direct Farm,SR-001,Medium Farmer,No
TXN01995,4/15/2022,2022,4,Apr,Q2,Kharif,Andhra Pradesh,Vijayawada,MOP,Potassic,64,890.1,0.011,56966.4,38400,18566.4,Dealer,SR-027,Medium Farmer,No
TXN01996,6/16/2023,2023,6,Jun,Q2,Kharif,Punjab,Bathinda,DAP,Phosphatic,130,1290.6,0.044,167778,117000,50778,Online Portal,SR-019,Cooperative,No
TXN01997,8/18/2022,2022,8,Aug,Q3,Kharif,Punjab,Patiala,Urea,Nitrogenous,384,540,0.1,207360,107520,99840,Online Portal,SR-021,Large Farmer,No
TXN01998,3/4/2022,2022,3,Mar,Q1,Kharif,Punjab,Bathinda,Calcium Nitrate,Nitrogenous,467,823.65,0.031,384644.55,233500,151144.55,Online Portal,SR-005,Medium Farmer,No
TXN01999,7/13/2024,2024,7,Jul,Q3,Kharif,Maharashtra,Kolhapur,NPK 10-26-26,Complex,302,1058.4,0.118,319636.8,247640,71996.8,Online Portal,SR-012,Cooperative,No
TXN02000,1/9/2025,2025,1,Jan,Q1,Rabi,Haryana,Gurugram,Urea,Nitrogenous,142,561,0.065,79662,39760,39902,Cooperative Society,SR-016,Large Farmer,No
TXN02001,7/11/2022,2022,7,Jul,Q3,Kharif,Haryana,Faridabad,Calcium Nitrate,Nitrogenous,298,841.5,0.01,250767,149000,101767,Online Portal,SR-013,Small Farmer,Yes
TXN02002,6/22/2022,2022,6,Jun,Q2,Kharif,Haryana,Rohtak,Zinc Sulphate,Micronutrient,355,315.7,0.098,112073.5,63900,48173.5,Government Scheme,SR-026,Medium Farmer,No
TXN02003,5/17/2024,2024,5,May,Q2,Kharif,Andhra Pradesh,Nellore,MOP,Potassic,247,821.7,0.087,202959.9,148200,54759.9,Cooperative Society,SR-019,Cooperative,Yes
TXN02004,4/13/2022,2022,4,Apr,Q2,Kharif,Rajasthan,Jaipur,Ammonium Sulphate,Nitrogenous,127,594.1,0.086,75450.7,44450,31000.7,Government Scheme,SR-029,Small Farmer,No
TXN02005,5/17/2024,2024,5,May,Q2,Kharif,Punjab,Jalandhar,Calcium Nitrate,Nitrogenous,32,799.85,0.059,25595.2,16000,9595.2,Online Portal,SR-021,Medium Farmer,No
TXN02006,9/25/2024,2024,9,Sep,Q3,Rabi,Rajasthan,Kota,NPK 10-26-26,Complex,180,1095.6,0.087,197208,147600,49608,Government Scheme,SR-004,Cooperative,No
TXN02007,3/26/2024,2024,3,Mar,Q1,Kharif,Haryana,Ambala,Urea,Nitrogenous,463,556.2,0.073,257520.6,129640,127880.6,Cooperative Society,SR-023,Large Farmer,No
TXN02008,2/10/2024,2024,2,Feb,Q1,Rabi,Bihar,Darbhanga,NPK 10-26-26,Complex,378,1161.6,0.032,439084.8,309960,129124.8,Online Portal,SR-014,Small Farmer,No
TXN02009,7/16/2024,2024,7,Jul,Q3,Kharif,Andhra Pradesh,Kurnool,MOP,Potassic,43,852.3,0.053,36648.9,25800,10848.9,Direct Farm,SR-018,Large Farmer,No
TXN02010,3/1/2024,2024,3,Mar,Q1,Kharif,Haryana,Faridabad,Ammonium Sulphate,Nitrogenous,306,590.85,0.091,180800.1,107100,73700.1,Cooperative Society,SR-009,Medium Farmer,No
TXN02011,10/26/2024,2024,10,Oct,Q4,Rabi,Karnataka,Mysuru,SSP,Phosphatic,283,399.84,0.048,113154.72,56600,56554.72,Online Portal,SR-008,Small Farmer,No
TXN02012,10/9/2022,2022,10,Oct,Q4,Rabi,Rajasthan,Ajmer,Zinc Sulphate,Micronutrient,87,308.35,0.119,26826.45,15660,11166.45,Online Portal,SR-015,Small Farmer,No
TXN02013,2/15/2022,2022,2,Feb,Q1,Rabi,Karnataka,Bengaluru,DAP,Phosphatic,163,1337.85,0.009,218069.55,146700,71369.55,Dealer,SR-019,Medium Farmer,No
TXN02014,12/1/2022,2022,12,Dec,Q4,Rabi,Madhya Pradesh,Jabalpur,DAP,Phosphatic,129,1314.9,0.026,169622.1,116100,53522.1,Cooperative Society,SR-029,Small Farmer,No
TXN02015,1/18/2023,2023,1,Jan,Q1,Rabi,Madhya Pradesh,Bhopal,SSP,Phosphatic,174,391.86,0.067,68183.64,34800,33383.64,Dealer,SR-013,Large Farmer,No
TXN02016,12/6/2022,2022,12,Dec,Q4,Rabi,Maharashtra,Aurangabad,SSP,Phosphatic,263,412.86,0.017,108582.18,52600,55982.18,Dealer,SR-020,Small Farmer,No
TXN02017,10/14/2023,2023,10,Oct,Q4,Rabi,Uttar Pradesh,Agra,SSP,Phosphatic,150,418.74,0.003,62811,30000,32811,Online Portal,SR-014,Cooperative,No
TXN02018,8/20/2024,2024,8,Aug,Q3,Kharif,Gujarat,Ahmedabad,MOP,Potassic,368,872.1,0.031,320932.8,220800,100132.8,Online Portal,SR-019,Small Farmer,No
TXN02019,1/13/2025,2025,1,Jan,Q1,Rabi,Uttar Pradesh,Varanasi,Zinc Sulphate,Micronutrient,436,326.9,0.066,142528.4,78480,64048.4,Dealer,SR-009,Small Farmer,No
TXN02020,7/9/2023,2023,7,Jul,Q3,Kharif,Bihar,Darbhanga,DAP,Phosphatic,413,1313.55,0.027,542496.15,371700,170796.15,Government Scheme,SR-020,Medium Farmer,No
TXN02021,2/11/2024,2024,2,Feb,Q1,Rabi,Rajasthan,Kota,Calcium Nitrate,Nitrogenous,325,782,0.08,254150,162500,91650,Online Portal,SR-026,Medium Farmer,No
TXN02022,3/21/2024,2024,3,Mar,Q1,Kharif,Karnataka,Belagavi,Zinc Sulphate,Micronutrient,169,310.8,0.112,52525.2,30420,22105.2,Cooperative Society,SR-019,Large Farmer,No
TXN02023,11/2/2023,2023,11,Nov,Q4,Rabi,Maharashtra,Kolhapur,SSP,Phosphatic,170,379.68,0.096,64545.6,34000,30545.6,Dealer,SR-004,Small Farmer,No
TXN02024,10/4/2022,2022,10,Oct,Q4,Rabi,Karnataka,Mysuru,Urea,Nitrogenous,442,550.8,0.082,243453.6,123760,119693.6,Cooperative Society,SR-012,Medium Farmer,No
TXN02025,4/2/2022,2022,4,Apr,Q2,Kharif,Maharashtra,Pune,DAP,Phosphatic,252,1337.85,0.009,337138.2,226800,110338.2,Dealer,SR-008,Cooperative,No
TXN02026,5/12/2024,2024,5,May,Q2,Kharif,Maharashtra,Nashik,Calcium Nitrate,Nitrogenous,373,783.7,0.078,292320.1,186500,105820.1,Dealer,SR-017,Large Farmer,No
TXN02027,2/2/2024,2024,2,Feb,Q1,Rabi,Karnataka,Bengaluru,Calcium Nitrate,Nitrogenous,258,849.15,0.001,219080.7,129000,90080.7,Dealer,SR-020,Large Farmer,No
TXN02028,9/4/2023,2023,9,Sep,Q3,Rabi,Andhra Pradesh,Nellore,SSP,Phosphatic,101,417.48,0.006,42165.48,20200,21965.48,Cooperative Society,SR-013,Large Farmer,No
TXN02029,6/9/2024,2024,6,Jun,Q2,Kharif,Bihar,Bhagalpur,Calcium Nitrate,Nitrogenous,35,816.85,0.039,28589.75,17500,11089.75,Cooperative Society,SR-009,Medium Farmer,No
TXN02030,9/29/2023,2023,9,Sep,Q3,Rabi,Maharashtra,Nagpur,Ammonium Sulphate,Nitrogenous,260,590.85,0.091,153621,91000,62621,Government Scheme,SR-018,Small Farmer,No
TXN02031,7/11/2024,2024,7,Jul,Q3,Kharif,Rajasthan,Udaipur,NPK 10-26-26,Complex,108,1087.2,0.094,117417.6,88560,28857.6,Online Portal,SR-001,Cooperative,No
TXN02032,5/12/2023,2023,5,May,Q2,Kharif,Maharashtra,Aurangabad,Calcium Nitrate,Nitrogenous,458,810.9,0.046,371392.2,229000,142392.2,Direct Farm,SR-028,Medium Farmer,No
TXN02033,11/21/2023,2023,11,Nov,Q4,Rabi,Rajasthan,Jaipur,DAP,Phosphatic,213,1247.4,0.076,265696.2,191700,73996.2,Online Portal,SR-020,Large Farmer,No
TXN02034,4/20/2022,2022,4,Apr,Q2,Kharif,Uttar Pradesh,Varanasi,MOP,Potassic,448,880.2,0.022,394329.6,268800,125529.6,Direct Farm,SR-005,Large Farmer,No
TXN02035,7/14/2024,2024,7,Jul,Q3,Kharif,Bihar,Bhagalpur,Zinc Sulphate,Micronutrient,169,333.2,0.048,56310.8,30420,25890.8,Government Scheme,SR-020,Small Farmer,No
TXN02036,2/26/2022,2022,2,Feb,Q1,Rabi,Punjab,Ludhiana,MOP,Potassic,153,823.5,0.085,125995.5,91800,34195.5,Dealer,SR-003,Large Farmer,No
TXN02037,5/30/2023,2023,5,May,Q2,Kharif,Andhra Pradesh,Nellore,Calcium Nitrate,Nitrogenous,40,849.15,0.001,33966,20000,13966,Online Portal,SR-001,Small Farmer,No
TXN02038,4/20/2025,2025,4,Apr,Q2,Kharif,Andhra Pradesh,Vijayawada,Zinc Sulphate,Micronutrient,374,329.35,0.059,123176.9,67320,55856.9,Online Portal,SR-005,Medium Farmer,No
TXN02039,12/21/2022,2022,12,Dec,Q4,Rabi,Karnataka,Belagavi,Ammonium Sulphate,Nitrogenous,237,577.2,0.112,136796.4,82950,53846.4,Dealer,SR-030,Large Farmer,No
TXN02040,10/4/2022,2022,10,Oct,Q4,Rabi,Bihar,Gaya,MOP,Potassic,336,812.7,0.097,273067.2,201600,71467.2,Dealer,SR-005,Small Farmer,No
TXN02041,4/20/2022,2022,4,Apr,Q2,Kharif,Madhya Pradesh,Ujjain,SSP,Phosphatic,127,383.04,0.088,48646.08,25400,23246.08,Cooperative Society,SR-011,Medium Farmer,No
TXN02042,12/10/2023,2023,12,Dec,Q4,Rabi,Karnataka,Mangaluru,Urea,Nitrogenous,246,560.4,0.066,137858.4,68880,68978.4,Direct Farm,SR-012,Large Farmer,No
TXN02043,12/25/2022,2022,12,Dec,Q4,Rabi,Rajasthan,Jodhpur,DAP,Phosphatic,353,1259.55,0.067,444621.15,317700,126921.15,Direct Farm,SR-017,Large Farmer,No
TXN02044,1/12/2024,2024,1,Jan,Q1,Rabi,Rajasthan,Jaipur,Urea,Nitrogenous,356,532.2,0.113,189463.2,99680,89783.2,Government Scheme,SR-010,Large Farmer,No
TXN02045,8/14/2024,2024,8,Aug,Q3,Kharif,Maharashtra,Nashik,NPK 10-26-26,Complex,442,1072.8,0.106,474177.6,362440,111737.6,Dealer,SR-005,Medium Farmer,No
TXN02046,7/5/2024,2024,7,Jul,Q3,Kharif,Rajasthan,Kota,Zinc Sulphate,Micronutrient,359,310.45,0.113,111451.55,64620,46831.55,Dealer,SR-015,Cooperative,No
TXN02047,2/27/2023,2023,2,Feb,Q1,Rabi,Madhya Pradesh,Gwalior,MOP,Potassic,260,882,0.02,229320,156000,73320,Direct Farm,SR-028,Cooperative,No
TXN02048,5/30/2022,2022,5,May,Q2,Kharif,Gujarat,Vadodara,Urea,Nitrogenous,345,561,0.065,193545,96600,96945,Dealer,SR-020,Cooperative,No
TXN02049,3/27/2022,2022,3,Mar,Q1,Kharif,Rajasthan,Udaipur,NPK 10-26-26,Complex,26,1144.8,0.046,29764.8,21320,8444.8,Direct Farm,SR-011,Medium Farmer,No
TXN02050,4/15/2023,2023,4,Apr,Q2,Kharif,Maharashtra,Nashik,SSP,Phosphatic,16,418.32,0.004,6693.12,3200,3493.12,Dealer,SR-017,Small Farmer,No
TXN02051,6/21/2024,2024,6,Jun,Q2,Kharif,Gujarat,Gandhinagar,SSP,Phosphatic,273,374.22,0.109,102162.06,54600,47562.06,Cooperative Society,SR-012,Medium Farmer,No
TXN02052,6/5/2023,2023,6,Jun,Q2,Kharif,Rajasthan,Udaipur,SSP,Phosphatic,144,398.58,0.051,57395.52,28800,28595.52,Online Portal,SR-007,Large Farmer,No
TXN02053,8/31/2024,2024,8,Aug,Q3,Kharif,Karnataka,Belagavi,NPK 10-26-26,Complex,240,1098,0.085,263520,196800,66720,Online Portal,SR-004,Small Farmer,Yes
TXN02054,10/19/2023,2023,10,Oct,Q4,Rabi,Madhya Pradesh,Ujjain,DAP,Phosphatic,85,1263.6,0.064,107406,76500,30906,Online Portal,SR-017,Large Farmer,No
TXN02055,3/1/2024,2024,3,Mar,Q1,Kharif,Karnataka,Belagavi,Calcium Nitrate,Nitrogenous,310,796.45,0.063,246899.5,155000,91899.5,Direct Farm,SR-029,Small Farmer,No
TXN02056,10/7/2023,2023,10,Oct,Q4,Rabi,Gujarat,Gandhinagar,MOP,Potassic,438,847.8,0.058,371336.4,262800,108536.4,Government Scheme,SR-027,Cooperative,No
TXN02057,6/4/2023,2023,6,Jun,Q2,Kharif,Bihar,Muzaffarpur,Urea,Nitrogenous,424,593.4,0.011,251601.6,118720,132881.6,Online Portal,SR-018,Cooperative,No
TXN02058,12/25/2022,2022,12,Dec,Q4,Rabi,Rajasthan,Jodhpur,NPK 10-26-26,Complex,435,1119.6,0.067,487026,356700,130326,Direct Farm,SR-019,Cooperative,No
TXN02059,12/3/2024,2024,12,Dec,Q4,Rabi,Madhya Pradesh,Indore,DAP,Phosphatic,87,1192.05,0.117,103708.35,78300,25408.35,Online Portal,SR-016,Small Farmer,No
TXN02060,11/18/2022,2022,11,Nov,Q4,Rabi,Karnataka,Mysuru,MOP,Potassic,274,806.4,0.104,220953.6,164400,56553.6,Dealer,SR-023,Medium Farmer,No
TXN02061,10/26/2022,2022,10,Oct,Q4,Rabi,Punjab,Ludhiana,DAP,Phosphatic,17,1320.3,0.022,22445.1,15300,7145.1,Direct Farm,SR-029,Small Farmer,No
TXN02062,5/10/2022,2022,5,May,Q2,Kharif,Andhra Pradesh,Vijayawada,Zinc Sulphate,Micronutrient,232,333.9,0.046,77464.8,41760,35704.8,Dealer,SR-030,Small Farmer,No
TXN02063,2/17/2025,2025,2,Feb,Q1,Rabi,Gujarat,Rajkot,DAP,Phosphatic,15,1260.9,0.066,18913.5,13500,5413.5,Government Scheme,SR-007,Large Farmer,No
TXN02064,7/10/2022,2022,7,Jul,Q3,Kharif,Rajasthan,Jaipur,NPK 10-26-26,Complex,469,1120.8,0.066,525655.2,384580,141075.2,Government Scheme,SR-021,Medium Farmer,Yes
TXN02065,6/24/2022,2022,6,Jun,Q2,Kharif,Karnataka,Belagavi,Urea,Nitrogenous,412,565.2,0.058,232862.4,115360,117502.4,Cooperative Society,SR-026,Medium Farmer,No
TXN02066,10/7/2023,2023,10,Oct,Q4,Rabi,Rajasthan,Ajmer,Ammonium Sulphate,Nitrogenous,436,597.35,0.081,260444.6,152600,107844.6,Dealer,SR-002,Small Farmer,No
TXN02067,2/4/2022,2022,2,Feb,Q1,Rabi,Gujarat,Rajkot,MOP,Potassic,11,860.4,0.044,9464.4,6600,2864.4,Government Scheme,SR-011,Cooperative,No
TXN02068,6/2/2022,2022,6,Jun,Q2,Kharif,Maharashtra,Pune,Urea,Nitrogenous,233,568.8,0.052,132530.4,65240,67290.4,Cooperative Society,SR-014,Large Farmer,No
TXN02069,6/1/2022,2022,6,Jun,Q2,Kharif,Uttar Pradesh,Varanasi,Ammonium Sulphate,Nitrogenous,163,582.4,0.104,94931.2,57050,37881.2,Dealer,SR-023,Medium Farmer,No
TXN02070,1/4/2022,2022,1,Jan,Q1,Rabi,Gujarat,Gandhinagar,Ammonium Sulphate,Nitrogenous,61,618.8,0.048,37746.8,21350,16396.8,Online Portal,SR-009,Cooperative,No
TXN02071,12/6/2024,2024,12,Dec,Q4,Rabi,Karnataka,Bengaluru,Ammonium Sulphate,Nitrogenous,405,606.45,0.067,245612.25,141750,103862.25,Direct Farm,SR-014,Cooperative,No
TXN02072,2/19/2023,2023,2,Feb,Q1,Rabi,Rajasthan,Kota,MOP,Potassic,203,842.4,0.064,171007.2,121800,49207.2,Online Portal,SR-019,Cooperative,No
TXN02073,3/6/2024,2024,3,Mar,Q1,Kharif,Karnataka,Mangaluru,Urea,Nitrogenous,280,583.2,0.028,163296,78400,84896,Cooperative Society,SR-018,Small Farmer,No
TXN02074,12/19/2024,2024,12,Dec,Q4,Rabi,Gujarat,Gandhinagar,DAP,Phosphatic,196,1344.6,0.004,263541.6,176400,87141.6,Online Portal,SR-014,Medium Farmer,No
TXN02075,7/17/2024,2024,7,Jul,Q3,Kharif,Punjab,Bathinda,Zinc Sulphate,Micronutrient,469,334.25,0.045,156763.25,84420,72343.25,Online Portal,SR-008,Medium Farmer,No
TXN02076,6/28/2022,2022,6,Jun,Q2,Kharif,Haryana,Hisar,Ammonium Sulphate,Nitrogenous,242,583.7,0.102,141255.4,84700,56555.4,Online Portal,SR-019,Medium Farmer,No
TXN02077,1/31/2022,2022,1,Jan,Q1,Rabi,Rajasthan,Jaipur,Urea,Nitrogenous,399,532.2,0.113,212347.8,111720,100627.8,Online Portal,SR-012,Medium Farmer,No
TXN02078,8/2/2024,2024,8,Aug,Q3,Kharif,Maharashtra,Aurangabad,Ammonium Sulphate,Nitrogenous,500,640.9,0.014,320450,175000,145450,Cooperative Society,SR-015,Large Farmer,No
TXN02079,10/10/2022,2022,10,Oct,Q4,Rabi,Gujarat,Vadodara,Calcium Nitrate,Nitrogenous,318,831.3,0.022,264353.4,159000,105353.4,Dealer,SR-004,Medium Farmer,No
TXN02080,7/8/2022,2022,7,Jul,Q3,Kharif,Karnataka,Belagavi,Calcium Nitrate,Nitrogenous,491,835.55,0.017,410255.05,245500,164755.05,Government Scheme,SR-006,Medium Farmer,No
TXN02081,9/4/2024,2024,9,Sep,Q3,Rabi,Maharashtra,Kolhapur,DAP,Phosphatic,240,1341.9,0.006,322056,216000,106056,Government Scheme,SR-024,Large Farmer,No
TXN02082,9/28/2022,2022,9,Sep,Q3,Rabi,Punjab,Bathinda,Ammonium Sulphate,Nitrogenous,358,627.25,0.035,224555.5,125300,99255.5,Cooperative Society,SR-027,Small Farmer,No
TXN02083,6/10/2024,2024,6,Jun,Q2,Kharif,Andhra Pradesh,Visakhapatnam,Urea,Nitrogenous,442,558.6,0.069,246901.2,123760,123141.2,Direct Farm,SR-028,Large Farmer,No
TXN02084,1/1/2022,2022,1,Jan,Q1,Rabi,Karnataka,Bengaluru,Urea,Nitrogenous,42,554.4,0.076,23284.8,11760,11524.8,Direct Farm,SR-030,Large Farmer,No
TXN02085,7/18/2023,2023,7,Jul,Q3,Kharif,Uttar Pradesh,Varanasi,MOP,Potassic,118,810.9,0.099,95686.2,70800,24886.2,Government Scheme,SR-028,Cooperative,No
TXN02086,10/27/2024,2024,10,Oct,Q4,Rabi,Haryana,Rohtak,Ammonium Sulphate,Nitrogenous,464,593.45,0.087,275360.8,162400,112960.8,Government Scheme,SR-001,Small Farmer,No
TXN02087,9/21/2024,2024,9,Sep,Q3,Rabi,Andhra Pradesh,Nellore,MOP,Potassic,92,825.3,0.083,75927.6,55200,20727.6,Cooperative Society,SR-008,Small Farmer,No
TXN02088,5/9/2024,2024,5,May,Q2,Kharif,Punjab,Patiala,Ammonium Sulphate,Nitrogenous,13,612.3,0.058,7959.9,4550,3409.9,Dealer,SR-026,Large Farmer,No
TXN02089,5/1/2022,2022,5,May,Q2,Kharif,Punjab,Ludhiana,Ammonium Sulphate,Nitrogenous,10,602.55,0.073,6025.5,3500,2525.5,Cooperative Society,SR-029,Small Farmer,No
TXN02090,10/8/2023,2023,10,Oct,Q4,Rabi,Haryana,Hisar,DAP,Phosphatic,392,1206.9,0.106,473104.8,352800,120304.8,Government Scheme,SR-008,Cooperative,No
TXN02091,3/12/2025,2025,3,Mar,Q1,Kharif,Haryana,Faridabad,Urea,Nitrogenous,26,567,0.055,14742,7280,7462,Cooperative Society,SR-019,Large Farmer,No
TXN02092,1/10/2022,2022,1,Jan,Q1,Rabi,Gujarat,Vadodara,DAP,Phosphatic,459,1267.65,0.061,581851.35,413100,168751.35,Government Scheme,SR-018,Large Farmer,No
TXN02093,4/10/2023,2023,4,Apr,Q2,Kharif,Haryana,Rohtak,Zinc Sulphate,Micronutrient,221,325.15,0.071,71858.15,39780,32078.15,Online Portal,SR-007,Cooperative,No
TXN02094,9/27/2022,2022,9,Sep,Q3,Rabi,Karnataka,Hubli,SSP,Phosphatic,499,396.06,0.057,197633.94,99800,97833.94,Dealer,SR-014,Small Farmer,No
TXN02095,11/20/2024,2024,11,Nov,Q4,Rabi,Haryana,Hisar,NPK 10-26-26,Complex,422,1155.6,0.037,487663.2,346040,141623.2,Online Portal,SR-003,Medium Farmer,No
TXN02096,3/14/2022,2022,3,Mar,Q1,Kharif,Rajasthan,Udaipur,Urea,Nitrogenous,88,574.8,0.042,50582.4,24640,25942.4,Online Portal,SR-022,Cooperative,No
TXN02097,1/11/2023,2023,1,Jan,Q1,Rabi,Punjab,Patiala,SSP,Phosphatic,119,371.28,0.116,44182.32,23800,20382.32,Government Scheme,SR-015,Large Farmer,No
TXN02098,5/11/2023,2023,5,May,Q2,Kharif,Maharashtra,Nashik,Calcium Nitrate,Nitrogenous,281,844.05,0.007,237178.05,140500,96678.05,Government Scheme,SR-018,Cooperative,No
TXN02099,5/29/2024,2024,5,May,Q2,Kharif,Gujarat,Surat,NPK 10-26-26,Complex,377,1056,0.12,398112,309140,88972,Government Scheme,SR-030,Medium Farmer,No
TXN02100,9/14/2023,2023,9,Sep,Q3,Rabi,Haryana,Ambala,NPK 10-26-26,Complex,205,1066.8,0.111,218694,168100,50594,Government Scheme,SR-013,Medium Farmer,No
TXN02101,4/8/2022,2022,4,Apr,Q2,Kharif,Maharashtra,Aurangabad,Urea,Nitrogenous,238,541.2,0.098,128805.6,66640,62165.6,Government Scheme,SR-023,Small Farmer,No
TXN02102,1/8/2024,2024,1,Jan,Q1,Rabi,Gujarat,Gandhinagar,Ammonium Sulphate,Nitrogenous,190,643.5,0.01,122265,66500,55765,Cooperative Society,SR-006,Medium Farmer,No
TXN02103,1/10/2023,2023,1,Jan,Q1,Rabi,Uttar Pradesh,Meerut,Urea,Nitrogenous,286,532.8,0.112,152380.8,80080,72300.8,Government Scheme,SR-004,Small Farmer,No
TXN02104,9/26/2023,2023,9,Sep,Q3,Rabi,Uttar Pradesh,Meerut,DAP,Phosphatic,465,1312.2,0.028,610173,418500,191673,Dealer,SR-004,Cooperative,No
TXN02105,3/5/2024,2024,3,Mar,Q1,Kharif,Punjab,Bathinda,Urea,Nitrogenous,82,576.6,0.039,47281.2,22960,24321.2,Government Scheme,SR-023,Cooperative,No
TXN02106,4/21/2022,2022,4,Apr,Q2,Kharif,Haryana,Faridabad,Urea,Nitrogenous,217,548.4,0.086,119002.8,60760,58242.8,Government Scheme,SR-030,Medium Farmer,No
TXN02107,7/3/2023,2023,7,Jul,Q3,Kharif,Punjab,Amritsar,Urea,Nitrogenous,467,594,0.01,277398,130760,146638,Direct Farm,SR-006,Cooperative,No
TXN02108,3/4/2025,2025,3,Mar,Q1,Kharif,Maharashtra,Pune,Urea,Nitrogenous,90,538.2,0.103,48438,25200,23238,Dealer,SR-003,Large Farmer,No
TXN02109,11/22/2023,2023,11,Nov,Q4,Rabi,Madhya Pradesh,Indore,Ammonium Sulphate,Nitrogenous,418,598.65,0.079,250235.7,146300,103935.7,Online Portal,SR-009,Cooperative,Yes
TXN02110,11/27/2023,2023,11,Nov,Q4,Rabi,Uttar Pradesh,Varanasi,SSP,Phosphatic,32,371.7,0.115,11894.4,6400,5494.4,Cooperative Society,SR-004,Cooperative,No
TXN02111,9/22/2022,2022,9,Sep,Q3,Rabi,Gujarat,Gandhinagar,Urea,Nitrogenous,486,574.8,0.042,279352.8,136080,143272.8,Online Portal,SR-022,Large Farmer,Yes
TXN02112,2/27/2022,2022,2,Feb,Q1,Rabi,Madhya Pradesh,Bhopal,Urea,Nitrogenous,14,529.2,0.118,7408.8,3920,3488.8,Government Scheme,SR-022,Medium Farmer,No
TXN02113,1/25/2022,2022,1,Jan,Q1,Rabi,Madhya Pradesh,Ujjain,DAP,Phosphatic,11,1305.45,0.033,14359.95,9900,4459.95,Direct Farm,SR-002,Medium Farmer,No
TXN02114,4/4/2022,2022,4,Apr,Q2,Kharif,Andhra Pradesh,Nellore,SSP,Phosphatic,42,416.22,0.009,17481.24,8400,9081.24,Government Scheme,SR-021,Small Farmer,No
TXN02115,11/21/2023,2023,11,Nov,Q4,Rabi,Karnataka,Belagavi,MOP,Potassic,289,861.3,0.043,248915.7,173400,75515.7,Direct Farm,SR-030,Large Farmer,No
TXN02116,11/29/2023,2023,11,Nov,Q4,Rabi,Haryana,Gurugram,Ammonium Sulphate,Nitrogenous,208,644.8,0.008,134118.4,72800,61318.4,Dealer,SR-014,Cooperative,No
TXN02117,3/28/2025,2025,3,Mar,Q1,Kharif,Uttar Pradesh,Lucknow,Calcium Nitrate,Nitrogenous,302,806.65,0.051,243608.3,151000,92608.3,Online Portal,SR-002,Small Farmer,No
TXN02118,3/3/2024,2024,3,Mar,Q1,Kharif,Gujarat,Rajkot,SSP,Phosphatic,32,380.94,0.093,12190.08,6400,5790.08,Direct Farm,SR-016,Large Farmer,No
TXN02119,3/23/2023,2023,3,Mar,Q1,Kharif,Madhya Pradesh,Ujjain,SSP,Phosphatic,167,390.6,0.07,65230.2,33400,31830.2,Government Scheme,SR-028,Medium Farmer,No
TXN02120,1/6/2022,2022,1,Jan,Q1,Rabi,Bihar,Bhagalpur,Zinc Sulphate,Micronutrient,203,318.15,0.091,64584.45,36540,28044.45,Direct Farm,SR-011,Large Farmer,No
TXN02121,3/23/2023,2023,3,Mar,Q1,Kharif,Haryana,Ambala,Urea,Nitrogenous,47,564.6,0.059,26536.2,13160,13376.2,Cooperative Society,SR-011,Large Farmer,No
TXN02122,3/12/2024,2024,3,Mar,Q1,Kharif,Haryana,Ambala,DAP,Phosphatic,245,1263.6,0.064,309582,220500,89082,Direct Farm,SR-019,Small Farmer,Yes
TXN02123,1/18/2023,2023,1,Jan,Q1,Rabi,Karnataka,Mysuru,NPK 10-26-26,Complex,414,1167.6,0.027,483386.4,339480,143906.4,Government Scheme,SR-028,Small Farmer,No
TXN02124,2/1/2022,2022,2,Feb,Q1,Rabi,Uttar Pradesh,Meerut,Urea,Nitrogenous,339,535.8,0.107,181636.2,94920,86716.2,Cooperative Society,SR-027,Small Farmer,No
TXN02125,5/16/2023,2023,5,May,Q2,Kharif,Uttar Pradesh,Meerut,Calcium Nitrate,Nitrogenous,271,824.5,0.03,223439.5,135500,87939.5,Dealer,SR-005,Small Farmer,No
TXN02126,2/26/2024,2024,2,Feb,Q1,Rabi,Bihar,Bhagalpur,NPK 10-26-26,Complex,416,1180.8,0.016,491212.8,341120,150092.8,Dealer,SR-010,Large Farmer,No
TXN02127,11/16/2023,2023,11,Nov,Q4,Rabi,Karnataka,Belagavi,Zinc Sulphate,Micronutrient,175,313.95,0.103,54941.25,31500,23441.25,Direct Farm,SR-003,Medium Farmer,No
TXN02128,4/30/2025,2025,4,Apr,Q2,Kharif,Bihar,Gaya,MOP,Potassic,212,894.6,0.006,189655.2,127200,62455.2,Direct Farm,SR-014,Medium Farmer,No
TXN02129,10/17/2022,2022,10,Oct,Q4,Rabi,Gujarat,Vadodara,Ammonium Sulphate,Nitrogenous,276,635.7,0.022,175453.2,96600,78853.2,Government Scheme,SR-015,Cooperative,No
TXN02130,9/16/2022,2022,9,Sep,Q3,Rabi,Uttar Pradesh,Varanasi,DAP,Phosphatic,56,1220.4,0.096,68342.4,50400,17942.4,Direct Farm,SR-008,Small Farmer,No
TXN02131,1/23/2023,2023,1,Jan,Q1,Rabi,Bihar,Muzaffarpur,DAP,Phosphatic,341,1221.75,0.095,416616.75,306900,109716.75,Direct Farm,SR-003,Large Farmer,No
TXN02132,9/12/2022,2022,9,Sep,Q3,Rabi,Andhra Pradesh,Nellore,Zinc Sulphate,Micronutrient,380,349.65,0.001,132867,68400,64467,Government Scheme,SR-019,Small Farmer,No
TXN02133,8/6/2022,2022,8,Aug,Q3,Kharif,Punjab,Bathinda,Calcium Nitrate,Nitrogenous,118,795.6,0.064,93880.8,59000,34880.8,Government Scheme,SR-018,Small Farmer,No
TXN02134,10/3/2023,2023,10,Oct,Q4,Rabi,Karnataka,Mangaluru,Zinc Sulphate,Micronutrient,95,320.6,0.084,30457,17100,13357,Dealer,SR-013,Small Farmer,No
TXN02135,11/27/2023,2023,11,Nov,Q4,Rabi,Madhya Pradesh,Jabalpur,NPK 10-26-26,Complex,44,1120.8,0.066,49315.2,36080,13235.2,Cooperative Society,SR-020,Medium Farmer,No
TXN02136,4/6/2025,2025,4,Apr,Q2,Kharif,Gujarat,Surat,SSP,Phosphatic,179,371.7,0.115,66534.3,35800,30734.3,Government Scheme,SR-028,Small Farmer,No
TXN02137,11/18/2024,2024,11,Nov,Q4,Rabi,Haryana,Faridabad,Zinc Sulphate,Micronutrient,93,350,0,32550,16740,15810,Direct Farm,SR-018,Medium Farmer,No
TXN02138,8/27/2023,2023,8,Aug,Q3,Kharif,Andhra Pradesh,Visakhapatnam,NPK 10-26-26,Complex,79,1105.2,0.079,87310.8,64780,22530.8,Direct Farm,SR-002,Large Farmer,No
TXN02139,7/23/2023,2023,7,Jul,Q3,Kharif,Rajasthan,Ajmer,SSP,Phosphatic,345,409.5,0.025,141277.5,69000,72277.5,Direct Farm,SR-030,Small Farmer,No
TXN02140,5/13/2024,2024,5,May,Q2,Kharif,Maharashtra,Kolhapur,NPK 10-26-26,Complex,368,1198.8,0.001,441158.4,301760,139398.4,Direct Farm,SR-024,Small Farmer,No
TXN02141,3/15/2022,2022,3,Mar,Q1,Kharif,Madhya Pradesh,Bhopal,SSP,Phosphatic,489,383.88,0.086,187717.32,97800,89917.32,Direct Farm,SR-008,Medium Farmer,No
TXN02142,6/17/2024,2024,6,Jun,Q2,Kharif,Gujarat,Vadodara,MOP,Potassic,366,805.5,0.105,294813,219600,75213,Direct Farm,SR-012,Medium Farmer,No
TXN02143,9/25/2022,2022,9,Sep,Q3,Rabi,Andhra Pradesh,Guntur,Calcium Nitrate,Nitrogenous,181,759.9,0.106,137541.9,90500,47041.9,Cooperative Society,SR-009,Cooperative,No
TXN02144,1/6/2022,2022,1,Jan,Q1,Rabi,Uttar Pradesh,Kanpur,NPK 10-26-26,Complex,488,1081.2,0.099,527625.6,400160,127465.6,Cooperative Society,SR-015,Large Farmer,No
TXN02145,4/12/2025,2025,4,Apr,Q2,Kharif,Punjab,Bathinda,NPK 10-26-26,Complex,77,1089.6,0.092,83899.2,63140,20759.2,Dealer,SR-021,Medium Farmer,No
TXN02146,7/3/2022,2022,7,Jul,Q3,Kharif,Bihar,Patna,Zinc Sulphate,Micronutrient,162,334.25,0.045,54148.5,29160,24988.5,Online Portal,SR-002,Medium Farmer,No
TXN02147,12/23/2024,2024,12,Dec,Q4,Rabi,Madhya Pradesh,Bhopal,Urea,Nitrogenous,144,582,0.03,83808,40320,43488,Online Portal,SR-027,Large Farmer,No
TXN02148,3/3/2024,2024,3,Mar,Q1,Kharif,Bihar,Muzaffarpur,MOP,Potassic,300,891,0.01,267300,180000,87300,Direct Farm,SR-004,Cooperative,No
TXN02149,1/29/2022,2022,1,Jan,Q1,Rabi,Andhra Pradesh,Guntur,Ammonium Sulphate,Nitrogenous,217,606.45,0.067,131599.65,75950,55649.65,Government Scheme,SR-027,Cooperative,No
TXN02150,8/1/2024,2024,8,Aug,Q3,Kharif,Uttar Pradesh,Varanasi,NPK 10-26-26,Complex,368,1143.6,0.047,420844.8,301760,119084.8,Direct Farm,SR-003,Cooperative,No
TXN02151,1/11/2024,2024,1,Jan,Q1,Rabi,Uttar Pradesh,Kanpur,SSP,Phosphatic,408,381.36,0.092,155594.88,81600,73994.88,Government Scheme,SR-010,Small Farmer,No
TXN02152,6/2/2024,2024,6,Jun,Q2,Kharif,Bihar,Muzaffarpur,SSP,Phosphatic,319,381.36,0.092,121653.84,63800,57853.84,Direct Farm,SR-019,Cooperative,No
TXN02153,1/18/2022,2022,1,Jan,Q1,Rabi,Rajasthan,Kota,Calcium Nitrate,Nitrogenous,95,804.1,0.054,76389.5,47500,28889.5,Direct Farm,SR-028,Medium Farmer,No
TXN02154,10/3/2022,2022,10,Oct,Q4,Rabi,Bihar,Patna,DAP,Phosphatic,161,1193.4,0.116,192137.4,144900,47237.4,Government Scheme,SR-007,Cooperative,No
TXN02155,12/5/2023,2023,12,Dec,Q4,Rabi,Andhra Pradesh,Kurnool,SSP,Phosphatic,354,412.44,0.018,146003.76,70800,75203.76,Online Portal,SR-028,Small Farmer,No
TXN02156,10/6/2024,2024,10,Oct,Q4,Rabi,Karnataka,Belagavi,DAP,Phosphatic,388,1248.75,0.075,484515,349200,135315,Cooperative Society,SR-005,Medium Farmer,No
TXN02157,6/23/2022,2022,6,Jun,Q2,Kharif,Karnataka,Belagavi,Calcium Nitrate,Nitrogenous,144,827.9,0.026,119217.6,72000,47217.6,Online Portal,SR-011,Medium Farmer,No
TXN02158,7/31/2023,2023,7,Jul,Q3,Kharif,Gujarat,Surat,Ammonium Sulphate,Nitrogenous,351,645.45,0.007,226552.95,122850,103702.95,Online Portal,SR-008,Medium Farmer,No
TXN02159,6/18/2023,2023,6,Jun,Q2,Kharif,Madhya Pradesh,Bhopal,NPK 10-26-26,Complex,49,1189.2,0.009,58270.8,40180,18090.8,Government Scheme,SR-028,Cooperative,No
TXN02160,2/27/2022,2022,2,Feb,Q1,Rabi,Maharashtra,Aurangabad,Ammonium Sulphate,Nitrogenous,452,613.6,0.056,277347.2,158200,119147.2,Cooperative Society,SR-030,Large Farmer,No
TXN02161,11/9/2023,2023,11,Nov,Q4,Rabi,Gujarat,Rajkot,SSP,Phosphatic,379,380.94,0.093,144376.26,75800,68576.26,Government Scheme,SR-007,Large Farmer,No
TXN02162,6/13/2024,2024,6,Jun,Q2,Kharif,Maharashtra,Kolhapur,Zinc Sulphate,Micronutrient,448,338.45,0.033,151625.6,80640,70985.6,Cooperative Society,SR-030,Cooperative,No
TXN02163,6/1/2024,2024,6,Jun,Q2,Kharif,Madhya Pradesh,Gwalior,MOP,Potassic,50,881.1,0.021,44055,30000,14055,Government Scheme,SR-012,Small Farmer,No
TXN02164,1/17/2022,2022,1,Jan,Q1,Rabi,Karnataka,Hubli,SSP,Phosphatic,270,415.38,0.011,112152.6,54000,58152.6,Government Scheme,SR-006,Cooperative,No
TXN02165,10/20/2022,2022,10,Oct,Q4,Rabi,Maharashtra,Aurangabad,Calcium Nitrate,Nitrogenous,213,819.4,0.036,174532.2,106500,68032.2,Cooperative Society,SR-006,Small Farmer,No
TXN02166,1/28/2022,2022,1,Jan,Q1,Rabi,Gujarat,Vadodara,MOP,Potassic,132,860.4,0.044,113572.8,79200,34372.8,Online Portal,SR-004,Large Farmer,No
TXN02167,2/28/2024,2024,2,Feb,Q1,Rabi,Punjab,Jalandhar,Urea,Nitrogenous,351,531.6,0.114,186591.6,98280,88311.6,Online Portal,SR-019,Medium Farmer,No
TXN02168,11/19/2022,2022,11,Nov,Q4,Rabi,Bihar,Patna,SSP,Phosphatic,407,404.04,0.038,164444.28,81400,83044.28,Government Scheme,SR-007,Small Farmer,No
TXN02169,3/6/2025,2025,3,Mar,Q1,Kharif,Bihar,Muzaffarpur,Zinc Sulphate,Micronutrient,125,345.45,0.013,43181.25,22500,20681.25,Dealer,SR-001,Small Farmer,No
TXN02170,12/23/2024,2024,12,Dec,Q4,Rabi,Maharashtra,Nashik,MOP,Potassic,487,887.4,0.014,432163.8,292200,139963.8,Government Scheme,SR-024,Cooperative,No
TXN02171,2/14/2025,2025,2,Feb,Q1,Rabi,Rajasthan,Udaipur,MOP,Potassic,117,860.4,0.044,100666.8,70200,30466.8,Government Scheme,SR-024,Medium Farmer,No
TXN02172,11/1/2024,2024,11,Nov,Q4,Rabi,Gujarat,Vadodara,SSP,Phosphatic,442,385.56,0.082,170417.52,88400,82017.52,Cooperative Society,SR-002,Small Farmer,No
TXN02173,2/2/2023,2023,2,Feb,Q1,Rabi,Haryana,Gurugram,Calcium Nitrate,Nitrogenous,417,815.15,0.041,339917.55,208500,131417.55,Direct Farm,SR-008,Cooperative,No
TXN02174,7/16/2024,2024,7,Jul,Q3,Kharif,Haryana,Rohtak,Calcium Nitrate,Nitrogenous,214,780.3,0.082,166984.2,107000,59984.2,Cooperative Society,SR-007,Medium Farmer,No
TXN02175,1/7/2022,2022,1,Jan,Q1,Rabi,Punjab,Jalandhar,Urea,Nitrogenous,340,540.6,0.099,183804,95200,88604,Government Scheme,SR-027,Medium Farmer,No
TXN02176,1/4/2025,2025,1,Jan,Q1,Rabi,Punjab,Ludhiana,Ammonium Sulphate,Nitrogenous,176,599.3,0.078,105476.8,61600,43876.8,Dealer,SR-002,Small Farmer,No
TXN02177,9/17/2024,2024,9,Sep,Q3,Rabi,Haryana,Faridabad,DAP,Phosphatic,168,1320.3,0.022,221810.4,151200,70610.4,Cooperative Society,SR-022,Medium Farmer,No
TXN02178,5/21/2024,2024,5,May,Q2,Kharif,Uttar Pradesh,Meerut,SSP,Phosphatic,126,371.28,0.116,46781.28,25200,21581.28,Dealer,SR-025,Medium Farmer,No
TXN02179,12/19/2024,2024,12,Dec,Q4,Rabi,Punjab,Patiala,MOP,Potassic,475,896.4,0.004,425790,285000,140790,Dealer,SR-007,Cooperative,No
TXN02180,12/10/2023,2023,12,Dec,Q4,Rabi,Maharashtra,Nashik,Calcium Nitrate,Nitrogenous,100,757.35,0.109,75735,50000,25735,Dealer,SR-020,Medium Farmer,No
TXN02181,9/19/2024,2024,9,Sep,Q3,Rabi,Madhya Pradesh,Gwalior,MOP,Potassic,378,859.5,0.045,324891,226800,98091,Online Portal,SR-012,Medium Farmer,No
TXN02182,10/31/2022,2022,10,Oct,Q4,Rabi,Haryana,Faridabad,Zinc Sulphate,Micronutrient,126,320.6,0.084,40395.6,22680,17715.6,Direct Farm,SR-029,Medium Farmer,No
TXN02183,8/12/2023,2023,8,Aug,Q3,Kharif,Maharashtra,Nagpur,NPK 10-26-26,Complex,410,1149.6,0.042,471336,336200,135136,Direct Farm,SR-008,Cooperative,No
TXN02184,6/28/2022,2022,6,Jun,Q2,Kharif,Andhra Pradesh,Kurnool,Urea,Nitrogenous,250,571.2,0.048,142800,70000,72800,Dealer,SR-018,Cooperative,No
TXN02185,11/13/2024,2024,11,Nov,Q4,Rabi,Haryana,Hisar,Zinc Sulphate,Micronutrient,413,309.75,0.115,127926.75,74340,53586.75,Online Portal,SR-026,Medium Farmer,No
TXN02186,2/20/2024,2024,2,Feb,Q1,Rabi,Uttar Pradesh,Lucknow,Urea,Nitrogenous,261,591,0.015,154251,73080,81171,Cooperative Society,SR-004,Large Farmer,Yes
TXN02187,2/7/2025,2025,2,Feb,Q1,Rabi,Madhya Pradesh,Ujjain,MOP,Potassic,371,890.1,0.011,330227.1,222600,107627.1,Cooperative Society,SR-022,Cooperative,No
TXN02188,12/29/2024,2024,12,Dec,Q4,Rabi,Rajasthan,Ajmer,Zinc Sulphate,Micronutrient,112,336.35,0.039,37671.2,20160,17511.2,Government Scheme,SR-005,Medium Farmer,No
TXN02189,3/20/2023,2023,3,Mar,Q1,Kharif,Haryana,Faridabad,MOP,Potassic,480,823.5,0.085,395280,288000,107280,Dealer,SR-021,Small Farmer,No
TXN02190,8/22/2023,2023,8,Aug,Q3,Kharif,Rajasthan,Jodhpur,Ammonium Sulphate,Nitrogenous,296,572.65,0.119,169504.4,103600,65904.4,Online Portal,SR-005,Medium Farmer,No
TXN02191,12/26/2023,2023,12,Dec,Q4,Rabi,Bihar,Patna,Calcium Nitrate,Nitrogenous,103,765.85,0.099,78882.55,51500,27382.55,Online Portal,SR-011,Medium Farmer,No
TXN02192,4/11/2022,2022,4,Apr,Q2,Kharif,Bihar,Muzaffarpur,Zinc Sulphate,Micronutrient,452,316.4,0.096,143012.8,81360,61652.8,Dealer,SR-028,Small Farmer,No
TXN02193,4/24/2022,2022,4,Apr,Q2,Kharif,Rajasthan,Ajmer,Zinc Sulphate,Micronutrient,151,345.45,0.013,52162.95,27180,24982.95,Direct Farm,SR-001,Cooperative,No
TXN02194,4/15/2023,2023,4,Apr,Q2,Kharif,Andhra Pradesh,Kurnool,DAP,Phosphatic,344,1259.55,0.067,433285.2,309600,123685.2,Direct Farm,SR-001,Small Farmer,No
TXN02195,2/29/2024,2024,2,Feb,Q1,Rabi,Haryana,Hisar,Urea,Nitrogenous,270,543.6,0.094,146772,75600,71172,Cooperative Society,SR-008,Cooperative,No
TXN02196,3/1/2024,2024,3,Mar,Q1,Kharif,Punjab,Jalandhar,SSP,Phosphatic,414,396.06,0.057,163968.84,82800,81168.84,Government Scheme,SR-011,Large Farmer,No
TXN02197,5/29/2022,2022,5,May,Q2,Kharif,Haryana,Gurugram,Ammonium Sulphate,Nitrogenous,54,616.85,0.051,33309.9,18900,14409.9,Government Scheme,SR-003,Small Farmer,No
TXN02198,12/2/2023,2023,12,Dec,Q4,Rabi,Maharashtra,Nagpur,SSP,Phosphatic,18,391.44,0.068,7045.92,3600,3445.92,Dealer,SR-019,Cooperative,No
TXN02199,3/10/2023,2023,3,Mar,Q1,Kharif,Karnataka,Hubli,Zinc Sulphate,Micronutrient,290,329,0.06,95410,52200,43210,Direct Farm,SR-002,Cooperative,No
TXN02200,10/8/2022,2022,10,Oct,Q4,Rabi,Uttar Pradesh,Kanpur,MOP,Potassic,232,794.7,0.117,184370.4,139200,45170.4,Dealer,SR-003,Cooperative,No
TXN02201,10/6/2022,2022,10,Oct,Q4,Rabi,Punjab,Amritsar,SSP,Phosphatic,47,372.54,0.113,17509.38,9400,8109.38,Online Portal,SR-008,Cooperative,No
TXN02202,4/6/2024,2024,4,Apr,Q2,Kharif,Gujarat,Gandhinagar,Zinc Sulphate,Micronutrient,217,348.6,0.004,75646.2,39060,36586.2,Online Portal,SR-016,Medium Farmer,No
TXN02203,12/4/2022,2022,12,Dec,Q4,Rabi,Bihar,Bhagalpur,Zinc Sulphate,Micronutrient,128,346.5,0.01,44352,23040,21312,Online Portal,SR-025,Medium Farmer,No
TXN02204,6/15/2024,2024,6,Jun,Q2,Kharif,Bihar,Patna,Zinc Sulphate,Micronutrient,183,320.95,0.083,58733.85,32940,25793.85,Online Portal,SR-018,Cooperative,Yes
TXN02205,1/20/2025,2025,1,Jan,Q1,Rabi,Bihar,Gaya,NPK 10-26-26,Complex,440,1108.8,0.076,487872,360800,127072,Direct Farm,SR-021,Large Farmer,No
TXN02206,8/25/2022,2022,8,Aug,Q3,Kharif,Karnataka,Bengaluru,Calcium Nitrate,Nitrogenous,178,818.55,0.037,145701.9,89000,56701.9,Dealer,SR-017,Large Farmer,No
TXN02207,4/23/2023,2023,4,Apr,Q2,Kharif,Punjab,Amritsar,Urea,Nitrogenous,91,591,0.015,53781,25480,28301,Dealer,SR-012,Small Farmer,No
TXN02208,9/22/2024,2024,9,Sep,Q3,Rabi,Bihar,Gaya,SSP,Phosphatic,298,387.66,0.077,115522.68,59600,55922.68,Government Scheme,SR-016,Small Farmer,No
TXN02209,1/3/2022,2022,1,Jan,Q1,Rabi,Haryana,Hisar,Zinc Sulphate,Micronutrient,212,337.05,0.037,71454.6,38160,33294.6,Online Portal,SR-022,Cooperative,No
TXN02210,4/1/2024,2024,4,Apr,Q2,Kharif,Rajasthan,Kota,Zinc Sulphate,Micronutrient,313,331.1,0.054,103634.3,56340,47294.3,Government Scheme,SR-029,Small Farmer,No
TXN02211,2/17/2023,2023,2,Feb,Q1,Rabi,Bihar,Gaya,Calcium Nitrate,Nitrogenous,363,748.85,0.119,271832.55,181500,90332.55,Government Scheme,SR-028,Large Farmer,No
TXN02212,2/17/2022,2022,2,Feb,Q1,Rabi,Bihar,Muzaffarpur,Ammonium Sulphate,Nitrogenous,171,595.4,0.084,101813.4,59850,41963.4,Cooperative Society,SR-007,Small Farmer,No
TXN02213,3/1/2024,2024,3,Mar,Q1,Kharif,Rajasthan,Kota,Calcium Nitrate,Nitrogenous,325,831.3,0.022,270172.5,162500,107672.5,Cooperative Society,SR-015,Small Farmer,No
TXN02214,3/4/2025,2025,3,Mar,Q1,Kharif,Maharashtra,Nashik,Calcium Nitrate,Nitrogenous,124,816.85,0.039,101289.4,62000,39289.4,Dealer,SR-023,Large Farmer,No
TXN02215,8/12/2024,2024,8,Aug,Q3,Kharif,Uttar Pradesh,Agra,Ammonium Sulphate,Nitrogenous,189,641.55,0.013,121252.95,66150,55102.95,Online Portal,SR-006,Cooperative,No
TXN02216,2/27/2023,2023,2,Feb,Q1,Rabi,Bihar,Gaya,NPK 10-26-26,Complex,50,1077.6,0.102,53880,41000,12880,Online Portal,SR-010,Large Farmer,No
TXN02217,3/16/2024,2024,3,Mar,Q1,Kharif,Maharashtra,Aurangabad,Calcium Nitrate,Nitrogenous,346,805.8,0.052,278806.8,173000,105806.8,Government Scheme,SR-011,Large Farmer,No
TXN02218,3/30/2023,2023,3,Mar,Q1,Kharif,Rajasthan,Udaipur,DAP,Phosphatic,415,1204.2,0.108,499743,373500,126243,Online Portal,SR-004,Cooperative,No
TXN02219,4/21/2025,2025,4,Apr,Q2,Kharif,Madhya Pradesh,Ujjain,NPK 10-26-26,Complex,436,1098,0.085,478728,357520,121208,Government Scheme,SR-009,Cooperative,No
TXN02220,4/9/2023,2023,4,Apr,Q2,Kharif,Karnataka,Hubli,Calcium Nitrate,Nitrogenous,145,848.3,0.002,123003.5,72500,50503.5,Online Portal,SR-006,Medium Farmer,No
TXN02221,4/8/2022,2022,4,Apr,Q2,Kharif,Karnataka,Hubli,Calcium Nitrate,Nitrogenous,75,787.95,0.073,59096.25,37500,21596.25,Cooperative Society,SR-024,Medium Farmer,No
TXN02222,12/27/2024,2024,12,Dec,Q4,Rabi,Andhra Pradesh,Nellore,SSP,Phosphatic,61,407.4,0.03,24851.4,12200,12651.4,Dealer,SR-001,Cooperative,No
TXN02223,5/6/2022,2022,5,May,Q2,Kharif,Haryana,Gurugram,Zinc Sulphate,Micronutrient,399,348.25,0.005,138951.75,71820,67131.75,Government Scheme,SR-010,Large Farmer,No
TXN02224,8/11/2023,2023,8,Aug,Q3,Kharif,Bihar,Gaya,Ammonium Sulphate,Nitrogenous,251,587.6,0.096,147487.6,87850,59637.6,Direct Farm,SR-028,Medium Farmer,No
TXN02225,5/16/2023,2023,5,May,Q2,Kharif,Uttar Pradesh,Lucknow,SSP,Phosphatic,152,391.44,0.068,59498.88,30400,29098.88,Government Scheme,SR-013,Small Farmer,No
TXN02226,4/3/2023,2023,4,Apr,Q2,Kharif,Karnataka,Bengaluru,Urea,Nitrogenous,82,535.2,0.108,43886.4,22960,20926.4,Government Scheme,SR-004,Medium Farmer,No
TXN02227,2/22/2023,2023,2,Feb,Q1,Rabi,Gujarat,Vadodara,Calcium Nitrate,Nitrogenous,452,813.45,0.043,367679.4,226000,141679.4,Online Portal,SR-013,Medium Farmer,No
TXN02228,4/7/2025,2025,4,Apr,Q2,Kharif,Maharashtra,Nagpur,Urea,Nitrogenous,294,532.2,0.113,156466.8,82320,74146.8,Dealer,SR-030,Medium Farmer,No
TXN02229,6/19/2023,2023,6,Jun,Q2,Kharif,Maharashtra,Kolhapur,SSP,Phosphatic,106,406.98,0.031,43139.88,21200,21939.88,Government Scheme,SR-013,Cooperative,No
TXN02230,6/23/2022,2022,6,Jun,Q2,Kharif,Punjab,Amritsar,Ammonium Sulphate,Nitrogenous,34,581.1,0.106,19757.4,11900,7857.4,Government Scheme,SR-029,Medium Farmer,No
TXN02231,4/14/2024,2024,4,Apr,Q2,Kharif,Haryana,Faridabad,Urea,Nitrogenous,449,582,0.03,261318,125720,135598,Government Scheme,SR-015,Large Farmer,No
TXN02232,6/27/2023,2023,6,Jun,Q2,Kharif,Bihar,Muzaffarpur,DAP,Phosphatic,19,1301.4,0.036,24726.6,17100,7626.6,Cooperative Society,SR-023,Cooperative,No
TXN02233,3/22/2024,2024,3,Mar,Q1,Kharif,Andhra Pradesh,Guntur,Urea,Nitrogenous,292,543,0.095,158556,81760,76796,Government Scheme,SR-023,Medium Farmer,No
TXN02234,7/29/2023,2023,7,Jul,Q3,Kharif,Bihar,Darbhanga,Urea,Nitrogenous,88,536.4,0.106,47203.2,24640,22563.2,Dealer,SR-021,Cooperative,No
TXN02235,8/9/2023,2023,8,Aug,Q3,Kharif,Punjab,Patiala,SSP,Phosphatic,106,370.02,0.119,39222.12,21200,18022.12,Government Scheme,SR-007,Large Farmer,No
TXN02236,11/14/2022,2022,11,Nov,Q4,Rabi,Madhya Pradesh,Ujjain,Ammonium Sulphate,Nitrogenous,494,646.1,0.006,319173.4,172900,146273.4,Direct Farm,SR-027,Large Farmer,No
TXN02237,3/11/2024,2024,3,Mar,Q1,Kharif,Maharashtra,Nashik,Zinc Sulphate,Micronutrient,394,336,0.04,132384,70920,61464,Direct Farm,SR-007,Medium Farmer,No
TXN02238,12/1/2024,2024,12,Dec,Q4,Rabi,Haryana,Rohtak,NPK 10-26-26,Complex,14,1180.8,0.016,16531.2,11480,5051.2,Direct Farm,SR-011,Cooperative,No
TXN02239,8/9/2022,2022,8,Aug,Q3,Kharif,Madhya Pradesh,Indore,Urea,Nitrogenous,127,598.2,0.003,75971.4,35560,40411.4,Direct Farm,SR-009,Cooperative,No
TXN02240,6/22/2024,2024,6,Jun,Q2,Kharif,Punjab,Ludhiana,Calcium Nitrate,Nitrogenous,411,803.25,0.055,330135.75,205500,124635.75,Dealer,SR-015,Cooperative,No
TXN02241,9/6/2024,2024,9,Sep,Q3,Rabi,Karnataka,Belagavi,Ammonium Sulphate,Nitrogenous,394,586.3,0.098,231002.2,137900,93102.2,Direct Farm,SR-029,Small Farmer,No
TXN02242,7/24/2023,2023,7,Jul,Q3,Kharif,Maharashtra,Nashik,Urea,Nitrogenous,50,532.2,0.113,26610,14000,12610,Direct Farm,SR-030,Medium Farmer,No
TXN02243,2/12/2025,2025,2,Feb,Q1,Rabi,Rajasthan,Ajmer,MOP,Potassic,130,897.3,0.003,116649,78000,38649,Government Scheme,SR-023,Medium Farmer,No
TXN02244,9/18/2022,2022,9,Sep,Q3,Rabi,Andhra Pradesh,Kurnool,Zinc Sulphate,Micronutrient,44,310.1,0.114,13644.4,7920,5724.4,Online Portal,SR-026,Small Farmer,No
TXN02245,7/19/2024,2024,7,Jul,Q3,Kharif,Haryana,Faridabad,MOP,Potassic,159,894.6,0.006,142241.4,95400,46841.4,Government Scheme,SR-002,Cooperative,No
TXN02246,6/15/2023,2023,6,Jun,Q2,Kharif,Andhra Pradesh,Vijayawada,DAP,Phosphatic,435,1201.5,0.11,522652.5,391500,131152.5,Cooperative Society,SR-011,Large Farmer,No
TXN02247,8/5/2022,2022,8,Aug,Q3,Kharif,Karnataka,Belagavi,MOP,Potassic,483,871.2,0.032,420789.6,289800,130989.6,Cooperative Society,SR-012,Medium Farmer,No
TXN02248,6/21/2024,2024,6,Jun,Q2,Kharif,Haryana,Hisar,MOP,Potassic,183,845.1,0.061,154653.3,109800,44853.3,Dealer,SR-006,Medium Farmer,No
TXN02249,3/24/2022,2022,3,Mar,Q1,Kharif,Karnataka,Hubli,Calcium Nitrate,Nitrogenous,211,772.65,0.091,163029.15,105500,57529.15,Government Scheme,SR-023,Large Farmer,No
TXN02250,10/29/2022,2022,10,Oct,Q4,Rabi,Madhya Pradesh,Jabalpur,NPK 10-26-26,Complex,331,1172.4,0.023,388064.4,271420,116644.4,Online Portal,SR-025,Small Farmer,No
TXN02251,7/24/2022,2022,7,Jul,Q3,Kharif,Haryana,Gurugram,DAP,Phosphatic,34,1331.1,0.014,45257.4,30600,14657.4,Cooperative Society,SR-017,Small Farmer,No
TXN02252,12/11/2023,2023,12,Dec,Q4,Rabi,Andhra Pradesh,Vijayawada,Urea,Nitrogenous,352,534,0.11,187968,98560,89408,Dealer,SR-015,Small Farmer,No
TXN02253,8/20/2023,2023,8,Aug,Q3,Kharif,Uttar Pradesh,Agra,MOP,Potassic,190,889.2,0.012,168948,114000,54948,Online Portal,SR-020,Large Farmer,No
TXN02254,12/31/2022,2022,12,Dec,Q4,Rabi,Karnataka,Hubli,DAP,Phosphatic,262,1333.8,0.012,349455.6,235800,113655.6,Direct Farm,SR-005,Cooperative,No
TXN02255,6/6/2023,2023,6,Jun,Q2,Kharif,Madhya Pradesh,Indore,Zinc Sulphate,Micronutrient,103,343,0.02,35329,18540,16789,Government Scheme,SR-028,Large Farmer,No
TXN02256,10/23/2022,2022,10,Oct,Q4,Rabi,Punjab,Patiala,MOP,Potassic,202,827.1,0.081,167074.2,121200,45874.2,Government Scheme,SR-019,Cooperative,No
TXN02257,2/4/2023,2023,2,Feb,Q1,Rabi,Uttar Pradesh,Meerut,NPK 10-26-26,Complex,113,1059.6,0.117,119734.8,92660,27074.8,Government Scheme,SR-010,Cooperative,No
TXN02258,9/17/2023,2023,9,Sep,Q3,Rabi,Andhra Pradesh,Nellore,Zinc Sulphate,Micronutrient,270,324.8,0.072,87696,48600,39096,Government Scheme,SR-001,Large Farmer,No
TXN02259,2/12/2022,2022,2,Feb,Q1,Rabi,Haryana,Gurugram,Ammonium Sulphate,Nitrogenous,324,596.7,0.082,193330.8,113400,79930.8,Online Portal,SR-022,Large Farmer,No
TXN02260,10/4/2023,2023,10,Oct,Q4,Rabi,Madhya Pradesh,Jabalpur,Zinc Sulphate,Micronutrient,141,323.75,0.075,45648.75,25380,20268.75,Direct Farm,SR-013,Cooperative,Yes
TXN02261,3/5/2023,2023,3,Mar,Q1,Kharif,Haryana,Rohtak,Ammonium Sulphate,Nitrogenous,222,631.8,0.028,140259.6,77700,62559.6,Direct Farm,SR-015,Cooperative,No
TXN02262,10/16/2023,2023,10,Oct,Q4,Rabi,Haryana,Faridabad,Ammonium Sulphate,Nitrogenous,300,638.3,0.018,191490,105000,86490,Cooperative Society,SR-003,Cooperative,No
TXN02263,1/16/2025,2025,1,Jan,Q1,Rabi,Punjab,Amritsar,MOP,Potassic,24,829.8,0.078,19915.2,14400,5515.2,Online Portal,SR-024,Medium Farmer,No
TXN02264,4/28/2025,2025,4,Apr,Q2,Kharif,Rajasthan,Jaipur,DAP,Phosphatic,175,1200.15,0.111,210026.25,157500,52526.25,Cooperative Society,SR-007,Small Farmer,No
TXN02265,4/26/2025,2025,4,Apr,Q2,Kharif,Maharashtra,Aurangabad,Calcium Nitrate,Nitrogenous,129,805.8,0.052,103948.2,64500,39448.2,Cooperative Society,SR-022,Medium Farmer,Yes
TXN02266,4/16/2024,2024,4,Apr,Q2,Kharif,Haryana,Rohtak,SSP,Phosphatic,350,381.36,0.092,133476,70000,63476,Direct Farm,SR-002,Cooperative,No
TXN02267,6/5/2022,2022,6,Jun,Q2,Kharif,Maharashtra,Aurangabad,Urea,Nitrogenous,340,552,0.08,187680,95200,92480,Government Scheme,SR-004,Medium Farmer,No
TXN02268,8/8/2022,2022,8,Aug,Q3,Kharif,Madhya Pradesh,Ujjain,Urea,Nitrogenous,32,580.2,0.033,18566.4,8960,9606.4,Online Portal,SR-028,Medium Farmer,No
TXN02269,5/12/2022,2022,5,May,Q2,Kharif,Punjab,Amritsar,MOP,Potassic,58,797.4,0.114,46249.2,34800,11449.2,Direct Farm,SR-026,Small Farmer,No
TXN02270,8/30/2023,2023,8,Aug,Q3,Kharif,Andhra Pradesh,Guntur,Ammonium Sulphate,Nitrogenous,285,638.3,0.018,181915.5,99750,82165.5,Cooperative Society,SR-018,Cooperative,No
TXN02271,10/19/2024,2024,10,Oct,Q4,Rabi,Bihar,Gaya,Urea,Nitrogenous,63,544.8,0.092,34322.4,17640,16682.4,Dealer,SR-017,Large Farmer,No
TXN02272,2/13/2025,2025,2,Feb,Q1,Rabi,Andhra Pradesh,Guntur,Calcium Nitrate,Nitrogenous,168,748.85,0.119,125806.8,84000,41806.8,Direct Farm,SR-027,Small Farmer,No
TXN02273,3/6/2024,2024,3,Mar,Q1,Kharif,Haryana,Rohtak,Zinc Sulphate,Micronutrient,236,323.05,0.077,76239.8,42480,33759.8,Cooperative Society,SR-008,Large Farmer,No
TXN02274,11/2/2023,2023,11,Nov,Q4,Rabi,Bihar,Bhagalpur,SSP,Phosphatic,494,376.32,0.104,185902.08,98800,87102.08,Government Scheme,SR-025,Small Farmer,No
TXN02275,6/10/2024,2024,6,Jun,Q2,Kharif,Haryana,Faridabad,SSP,Phosphatic,347,410.76,0.022,142533.72,69400,73133.72,Online Portal,SR-005,Cooperative,No
TXN02276,1/2/2023,2023,1,Jan,Q1,Rabi,Punjab,Amritsar,MOP,Potassic,18,866.7,0.037,15600.6,10800,4800.6,Dealer,SR-002,Large Farmer,No
TXN02277,6/3/2023,2023,6,Jun,Q2,Kharif,Andhra Pradesh,Visakhapatnam,DAP,Phosphatic,154,1231.2,0.088,189604.8,138600,51004.8,Online Portal,SR-030,Small Farmer,No
TXN02278,8/22/2024,2024,8,Aug,Q3,Kharif,Karnataka,Mangaluru,MOP,Potassic,432,818.1,0.091,353419.2,259200,94219.2,Online Portal,SR-020,Large Farmer,No
TXN02279,12/14/2024,2024,12,Dec,Q4,Rabi,Punjab,Amritsar,NPK 10-26-26,Complex,66,1094.4,0.088,72230.4,54120,18110.4,Dealer,SR-002,Medium Farmer,No
TXN02280,5/14/2024,2024,5,May,Q2,Kharif,Bihar,Patna,MOP,Potassic,371,900,0,333900,222600,111300,Dealer,SR-012,Medium Farmer,No
TXN02281,1/9/2025,2025,1,Jan,Q1,Rabi,Maharashtra,Nashik,Calcium Nitrate,Nitrogenous,106,760.75,0.105,80639.5,53000,27639.5,Dealer,SR-011,Small Farmer,No
TXN02282,1/3/2023,2023,1,Jan,Q1,Rabi,Rajasthan,Jodhpur,NPK 10-26-26,Complex,291,1098,0.085,319518,238620,80898,Government Scheme,SR-018,Medium Farmer,No
TXN02283,12/17/2022,2022,12,Dec,Q4,Rabi,Karnataka,Belagavi,Urea,Nitrogenous,40,567.6,0.054,22704,11200,11504,Online Portal,SR-023,Cooperative,No
TXN02284,7/25/2024,2024,7,Jul,Q3,Kharif,Bihar,Muzaffarpur,NPK 10-26-26,Complex,100,1078.8,0.101,107880,82000,25880,Direct Farm,SR-029,Cooperative,No
TXN02285,3/16/2023,2023,3,Mar,Q1,Kharif,Gujarat,Rajkot,DAP,Phosphatic,268,1296,0.04,347328,241200,106128,Dealer,SR-029,Cooperative,No
TXN02286,3/25/2024,2024,3,Mar,Q1,Kharif,Gujarat,Ahmedabad,NPK 10-26-26,Complex,232,1120.8,0.066,260025.6,190240,69785.6,Dealer,SR-001,Small Farmer,No
TXN02287,11/14/2022,2022,11,Nov,Q4,Rabi,Andhra Pradesh,Visakhapatnam,NPK 10-26-26,Complex,470,1167.6,0.027,548772,385400,163372,Online Portal,SR-005,Small Farmer,No
TXN02288,11/6/2024,2024,11,Nov,Q4,Rabi,Madhya Pradesh,Gwalior,MOP,Potassic,246,820.8,0.088,201916.8,147600,54316.8,Dealer,SR-017,Cooperative,No
TXN02289,2/10/2022,2022,2,Feb,Q1,Rabi,Bihar,Bhagalpur,Zinc Sulphate,Micronutrient,207,346.15,0.011,71653.05,37260,34393.05,Dealer,SR-014,Large Farmer,No
TXN02290,12/9/2022,2022,12,Dec,Q4,Rabi,Uttar Pradesh,Meerut,DAP,Phosphatic,448,1243.35,0.079,557020.8,403200,153820.8,Government Scheme,SR-008,Small Farmer,No
TXN02291,9/18/2022,2022,9,Sep,Q3,Rabi,Gujarat,Gandhinagar,Zinc Sulphate,Micronutrient,499,332.85,0.049,166092.15,89820,76272.15,Cooperative Society,SR-030,Small Farmer,No
TXN02292,4/30/2025,2025,4,Apr,Q2,Kharif,Bihar,Darbhanga,NPK 10-26-26,Complex,287,1100.4,0.083,315814.8,235340,80474.8,Government Scheme,SR-022,Cooperative,No
TXN02293,2/4/2022,2022,2,Feb,Q1,Rabi,Haryana,Hisar,Calcium Nitrate,Nitrogenous,198,778.6,0.084,154162.8,99000,55162.8,Cooperative Society,SR-018,Cooperative,No
TXN02294,12/26/2023,2023,12,Dec,Q4,Rabi,Karnataka,Bengaluru,MOP,Potassic,175,851.4,0.054,148995,105000,43995,Government Scheme,SR-020,Medium Farmer,No
TXN02295,10/30/2023,2023,10,Oct,Q4,Rabi,Madhya Pradesh,Ujjain,SSP,Phosphatic,353,398.16,0.052,140550.48,70600,69950.48,Dealer,SR-025,Cooperative,No
TXN02296,10/7/2022,2022,10,Oct,Q4,Rabi,Karnataka,Belagavi,Urea,Nitrogenous,237,580.8,0.032,137649.6,66360,71289.6,Cooperative Society,SR-005,Cooperative,No
TXN02297,4/23/2025,2025,4,Apr,Q2,Kharif,Rajasthan,Jaipur,Zinc Sulphate,Micronutrient,303,324.1,0.074,98202.3,54540,43662.3,Cooperative Society,SR-001,Small Farmer,No
TXN02298,7/25/2024,2024,7,Jul,Q3,Kharif,Rajasthan,Ajmer,SSP,Phosphatic,296,402.36,0.042,119098.56,59200,59898.56,Online Portal,SR-028,Large Farmer,No
TXN02299,7/19/2023,2023,7,Jul,Q3,Kharif,Punjab,Bathinda,NPK 10-26-26,Complex,420,1112.4,0.073,467208,344400,122808,Online Portal,SR-028,Large Farmer,No
TXN02300,4/21/2024,2024,4,Apr,Q2,Kharif,Gujarat,Surat,SSP,Phosphatic,439,396.9,0.055,174239.1,87800,86439.1,Government Scheme,SR-007,Cooperative,No
TXN02301,1/3/2025,2025,1,Jan,Q1,Rabi,Andhra Pradesh,Guntur,Calcium Nitrate,Nitrogenous,159,770.95,0.093,122581.05,79500,43081.05,Online Portal,SR-001,Large Farmer,No
TXN02302,10/10/2023,2023,10,Oct,Q4,Rabi,Uttar Pradesh,Meerut,MOP,Potassic,349,830.7,0.077,289914.3,209400,80514.3,Cooperative Society,SR-029,Small Farmer,No
TXN02303,12/17/2022,2022,12,Dec,Q4,Rabi,Punjab,Ludhiana,MOP,Potassic,214,884.7,0.017,189325.8,128400,60925.8,Cooperative Society,SR-002,Cooperative,No
TXN02304,8/17/2023,2023,8,Aug,Q3,Kharif,Andhra Pradesh,Nellore,Urea,Nitrogenous,19,539.4,0.101,10248.6,5320,4928.6,Direct Farm,SR-009,Large Farmer,No
TXN02305,12/1/2024,2024,12,Dec,Q4,Rabi,Punjab,Amritsar,Urea,Nitrogenous,294,537,0.105,157878,82320,75558,Online Portal,SR-018,Medium Farmer,No
TXN02306,11/7/2023,2023,11,Nov,Q4,Rabi,Gujarat,Vadodara,NPK 10-26-26,Complex,326,1114.8,0.071,363424.8,267320,96104.8,Cooperative Society,SR-009,Small Farmer,No
TXN02307,12/13/2023,2023,12,Dec,Q4,Rabi,Bihar,Muzaffarpur,Urea,Nitrogenous,86,533.4,0.111,45872.4,24080,21792.4,Cooperative Society,SR-026,Large Farmer,No
TXN02308,4/7/2022,2022,4,Apr,Q2,Kharif,Uttar Pradesh,Agra,Urea,Nitrogenous,357,575.4,0.041,205417.8,99960,105457.8,Cooperative Society,SR-025,Cooperative,No
TXN02309,4/27/2025,2025,4,Apr,Q2,Kharif,Karnataka,Hubli,NPK 10-26-26,Complex,18,1069.2,0.109,19245.6,14760,4485.6,Government Scheme,SR-013,Large Farmer,No
TXN02310,2/16/2025,2025,2,Feb,Q1,Rabi,Rajasthan,Kota,NPK 10-26-26,Complex,432,1136.4,0.053,490924.8,354240,136684.8,Online Portal,SR-022,Large Farmer,No
TXN02311,7/8/2024,2024,7,Jul,Q3,Kharif,Karnataka,Bengaluru,Zinc Sulphate,Micronutrient,477,319.55,0.087,152425.35,85860,66565.35,Dealer,SR-021,Small Farmer,No
TXN02312,8/24/2024,2024,8,Aug,Q3,Kharif,Haryana,Hisar,Urea,Nitrogenous,25,591.6,0.014,14790,7000,7790,Direct Farm,SR-014,Large Farmer,No
TXN02313,4/8/2022,2022,4,Apr,Q2,Kharif,Madhya Pradesh,Gwalior,SSP,Phosphatic,165,372.12,0.114,61399.8,33000,28399.8,Government Scheme,SR-005,Small Farmer,No
TXN02314,9/18/2024,2024,9,Sep,Q3,Rabi,Rajasthan,Udaipur,Calcium Nitrate,Nitrogenous,296,758.2,0.108,224427.2,148000,76427.2,Cooperative Society,SR-027,Large Farmer,No
TXN02315,9/9/2023,2023,9,Sep,Q3,Rabi,Uttar Pradesh,Varanasi,MOP,Potassic,413,816.3,0.093,337131.9,247800,89331.9,Dealer,SR-011,Large Farmer,No
TXN02316,6/12/2024,2024,6,Jun,Q2,Kharif,Gujarat,Surat,Ammonium Sulphate,Nitrogenous,487,616.85,0.051,300405.95,170450,129955.95,Direct Farm,SR-006,Medium Farmer,No
TXN02317,1/17/2022,2022,1,Jan,Q1,Rabi,Maharashtra,Nashik,NPK 10-26-26,Complex,487,1108.8,0.076,539985.6,399340,140645.6,Government Scheme,SR-015,Small Farmer,No
TXN02318,10/18/2024,2024,10,Oct,Q4,Rabi,Rajasthan,Ajmer,Calcium Nitrate,Nitrogenous,165,794.75,0.065,131133.75,82500,48633.75,Government Scheme,SR-012,Medium Farmer,No
TXN02319,6/14/2024,2024,6,Jun,Q2,Kharif,Maharashtra,Nashik,DAP,Phosphatic,444,1216.35,0.099,540059.4,399600,140459.4,Direct Farm,SR-018,Medium Farmer,No
TXN02320,1/13/2022,2022,1,Jan,Q1,Rabi,Gujarat,Ahmedabad,MOP,Potassic,157,864,0.04,135648,94200,41448,Government Scheme,SR-007,Small Farmer,No
TXN02321,4/26/2022,2022,4,Apr,Q2,Kharif,Uttar Pradesh,Agra,Calcium Nitrate,Nitrogenous,75,782.85,0.079,58713.75,37500,21213.75,Dealer,SR-030,Small Farmer,No
TXN02322,5/1/2023,2023,5,May,Q2,Kharif,Haryana,Hisar,Zinc Sulphate,Micronutrient,90,332.15,0.051,29893.5,16200,13693.5,Government Scheme,SR-018,Medium Farmer,No
TXN02323,12/11/2023,2023,12,Dec,Q4,Rabi,Andhra Pradesh,Kurnool,Ammonium Sulphate,Nitrogenous,293,624.65,0.039,183022.45,102550,80472.45,Direct Farm,SR-019,Large Farmer,No
TXN02324,12/11/2023,2023,12,Dec,Q4,Rabi,Haryana,Ambala,DAP,Phosphatic,217,1331.1,0.014,288848.7,195300,93548.7,Online Portal,SR-011,Cooperative,No
TXN02325,6/22/2022,2022,6,Jun,Q2,Kharif,Gujarat,Ahmedabad,Urea,Nitrogenous,182,534,0.11,97188,50960,46228,Online Portal,SR-028,Small Farmer,No
TXN02326,9/24/2023,2023,9,Sep,Q3,Rabi,Karnataka,Bengaluru,SSP,Phosphatic,239,397.32,0.054,94959.48,47800,47159.48,Government Scheme,SR-016,Medium Farmer,No
TXN02327,3/16/2023,2023,3,Mar,Q1,Kharif,Maharashtra,Nashik,SSP,Phosphatic,234,375.9,0.105,87960.6,46800,41160.6,Government Scheme,SR-004,Cooperative,No
TXN02328,12/31/2023,2023,12,Dec,Q4,Rabi,Karnataka,Hubli,Zinc Sulphate,Micronutrient,112,339.15,0.031,37984.8,20160,17824.8,Online Portal,SR-007,Small Farmer,No
TXN02329,4/19/2023,2023,4,Apr,Q2,Kharif,Gujarat,Gandhinagar,Urea,Nitrogenous,123,586.2,0.023,72102.6,34440,37662.6,Online Portal,SR-007,Cooperative,No
TXN02330,5/21/2022,2022,5,May,Q2,Kharif,Madhya Pradesh,Indore,MOP,Potassic,228,799.2,0.112,182217.6,136800,45417.6,Online Portal,SR-016,Medium Farmer,No
TXN02331,5/20/2022,2022,5,May,Q2,Kharif,Maharashtra,Nashik,Zinc Sulphate,Micronutrient,288,330.05,0.057,95054.4,51840,43214.4,Dealer,SR-010,Cooperative,No
TXN02332,10/10/2023,2023,10,Oct,Q4,Rabi,Punjab,Jalandhar,MOP,Potassic,72,852.3,0.053,61365.6,43200,18165.6,Government Scheme,SR-014,Large Farmer,No
TXN02333,11/2/2023,2023,11,Nov,Q4,Rabi,Madhya Pradesh,Jabalpur,Urea,Nitrogenous,61,563.4,0.061,34367.4,17080,17287.4,Dealer,SR-012,Cooperative,No
TXN02334,1/21/2023,2023,1,Jan,Q1,Rabi,Rajasthan,Udaipur,Calcium Nitrate,Nitrogenous,264,840.65,0.011,221931.6,132000,89931.6,Cooperative Society,SR-015,Cooperative,No
TXN02335,4/28/2025,2025,4,Apr,Q2,Kharif,Bihar,Darbhanga,DAP,Phosphatic,168,1313.55,0.027,220676.4,151200,69476.4,Cooperative Society,SR-005,Large Farmer,No
TXN02336,5/30/2024,2024,5,May,Q2,Kharif,Rajasthan,Udaipur,Urea,Nitrogenous,322,557.4,0.071,179482.8,90160,89322.8,Online Portal,SR-026,Small Farmer,No
TXN02337,8/18/2022,2022,8,Aug,Q3,Kharif,Uttar Pradesh,Meerut,Ammonium Sulphate,Nitrogenous,255,632.45,0.027,161274.75,89250,72024.75,Dealer,SR-018,Medium Farmer,No
TXN02338,12/2/2022,2022,12,Dec,Q4,Rabi,Punjab,Ludhiana,Calcium Nitrate,Nitrogenous,349,796.45,0.063,277961.05,174500,103461.05,Government Scheme,SR-006,Large Farmer,No
TXN02339,7/22/2023,2023,7,Jul,Q3,Kharif,Andhra Pradesh,Nellore,SSP,Phosphatic,327,382.2,0.09,124979.4,65400,59579.4,Online Portal,SR-024,Cooperative,No
TXN02340,1/30/2024,2024,1,Jan,Q1,Rabi,Gujarat,Surat,Ammonium Sulphate,Nitrogenous,431,589.55,0.093,254096.05,150850,103246.05,Cooperative Society,SR-011,Large Farmer,No
TXN02341,9/16/2022,2022,9,Sep,Q3,Rabi,Andhra Pradesh,Guntur,Urea,Nitrogenous,101,589.8,0.017,59569.8,28280,31289.8,Cooperative Society,SR-024,Cooperative,No
TXN02342,6/1/2022,2022,6,Jun,Q2,Kharif,Haryana,Ambala,NPK 10-26-26,Complex,337,1112.4,0.073,374878.8,276340,98538.8,Cooperative Society,SR-029,Small Farmer,No
TXN02343,1/30/2022,2022,1,Jan,Q1,Rabi,Maharashtra,Kolhapur,SSP,Phosphatic,478,371.28,0.116,177471.84,95600,81871.84,Government Scheme,SR-026,Small Farmer,No
TXN02344,2/27/2023,2023,2,Feb,Q1,Rabi,Bihar,Bhagalpur,MOP,Potassic,277,792.9,0.119,219633.3,166200,53433.3,Online Portal,SR-004,Small Farmer,No
TXN02345,3/22/2023,2023,3,Mar,Q1,Kharif,Uttar Pradesh,Agra,Ammonium Sulphate,Nitrogenous,395,616.2,0.052,243399,138250,105149,Online Portal,SR-004,Small Farmer,No
TXN02346,5/19/2023,2023,5,May,Q2,Kharif,Karnataka,Mangaluru,DAP,Phosphatic,150,1197.45,0.113,179617.5,135000,44617.5,Government Scheme,SR-019,Small Farmer,No
TXN02347,3/19/2025,2025,3,Mar,Q1,Kharif,Haryana,Gurugram,Zinc Sulphate,Micronutrient,249,325.85,0.069,81136.65,44820,36316.65,Government Scheme,SR-011,Medium Farmer,No
TXN02348,5/20/2024,2024,5,May,Q2,Kharif,Bihar,Darbhanga,NPK 10-26-26,Complex,123,1081.2,0.099,132987.6,100860,32127.6,Government Scheme,SR-003,Large Farmer,No
TXN02349,1/7/2025,2025,1,Jan,Q1,Rabi,Uttar Pradesh,Varanasi,Urea,Nitrogenous,403,540,0.1,217620,112840,104780,Government Scheme,SR-007,Medium Farmer,No
TXN02350,2/10/2022,2022,2,Feb,Q1,Rabi,Punjab,Ludhiana,NPK 10-26-26,Complex,413,1116,0.07,460908,338660,122248,Dealer,SR-008,Medium Farmer,No
TXN02351,8/29/2024,2024,8,Aug,Q3,Kharif,Rajasthan,Jodhpur,Ammonium Sulphate,Nitrogenous,188,640.25,0.015,120367,65800,54567,Cooperative Society,SR-002,Small Farmer,No
TXN02352,11/3/2023,2023,11,Nov,Q4,Rabi,Andhra Pradesh,Guntur,DAP,Phosphatic,31,1304.1,0.034,40427.1,27900,12527.1,Dealer,SR-029,Medium Farmer,No
TXN02353,3/11/2023,2023,3,Mar,Q1,Kharif,Gujarat,Surat,Calcium Nitrate,Nitrogenous,45,757.35,0.109,34080.75,22500,11580.75,Online Portal,SR-016,Medium Farmer,No
TXN02354,4/3/2024,2024,4,Apr,Q2,Kharif,Haryana,Hisar,DAP,Phosphatic,121,1237.95,0.083,149791.95,108900,40891.95,Online Portal,SR-024,Cooperative,No
TXN02355,5/18/2023,2023,5,May,Q2,Kharif,Madhya Pradesh,Gwalior,NPK 10-26-26,Complex,418,1111.2,0.074,464481.6,342760,121721.6,Dealer,SR-021,Large Farmer,No
TXN02356,10/21/2023,2023,10,Oct,Q4,Rabi,Bihar,Patna,Ammonium Sulphate,Nitrogenous,334,575.25,0.115,192133.5,116900,75233.5,Cooperative Society,SR-022,Medium Farmer,No
TXN02357,11/16/2023,2023,11,Nov,Q4,Rabi,Bihar,Bhagalpur,NPK 10-26-26,Complex,309,1130.4,0.058,349293.6,253380,95913.6,Direct Farm,SR-012,Large Farmer,No
TXN02358,7/27/2022,2022,7,Jul,Q3,Kharif,Bihar,Gaya,NPK 10-26-26,Complex,211,1062,0.115,224082,173020,51062,Online Portal,SR-002,Medium Farmer,No
TXN02359,5/7/2023,2023,5,May,Q2,Kharif,Gujarat,Rajkot,MOP,Potassic,243,897.3,0.003,218043.9,145800,72243.9,Direct Farm,SR-018,Cooperative,Yes
TXN02360,2/14/2024,2024,2,Feb,Q1,Rabi,Bihar,Patna,Ammonium Sulphate,Nitrogenous,478,630.5,0.03,301379,167300,134079,Direct Farm,SR-017,Small Farmer,No
TXN02361,6/7/2023,2023,6,Jun,Q2,Kharif,Rajasthan,Jaipur,Calcium Nitrate,Nitrogenous,49,846.6,0.004,41483.4,24500,16983.4,Dealer,SR-020,Cooperative,No
TXN02362,2/24/2023,2023,2,Feb,Q1,Rabi,Maharashtra,Kolhapur,SSP,Phosphatic,219,378.42,0.099,82873.98,43800,39073.98,Dealer,SR-012,Small Farmer,No
TXN02363,1/22/2023,2023,1,Jan,Q1,Rabi,Andhra Pradesh,Nellore,Urea,Nitrogenous,79,564.6,0.059,44603.4,22120,22483.4,Direct Farm,SR-001,Large Farmer,No
TXN02364,9/23/2024,2024,9,Sep,Q3,Rabi,Bihar,Muzaffarpur,Calcium Nitrate,Nitrogenous,78,754.8,0.112,58874.4,39000,19874.4,Online Portal,SR-028,Small Farmer,No
TXN02365,6/15/2023,2023,6,Jun,Q2,Kharif,Rajasthan,Ajmer,DAP,Phosphatic,280,1227.15,0.091,343602,252000,91602,Direct Farm,SR-019,Large Farmer,No
TXN02366,2/14/2022,2022,2,Feb,Q1,Rabi,Karnataka,Mangaluru,Urea,Nitrogenous,224,564.6,0.059,126470.4,62720,63750.4,Government Scheme,SR-023,Small Farmer,No
TXN02367,12/22/2022,2022,12,Dec,Q4,Rabi,Haryana,Rohtak,SSP,Phosphatic,490,388.92,0.074,190570.8,98000,92570.8,Cooperative Society,SR-025,Large Farmer,No
TXN02368,12/20/2023,2023,12,Dec,Q4,Rabi,Punjab,Amritsar,Ammonium Sulphate,Nitrogenous,285,591.5,0.09,168577.5,99750,68827.5,Cooperative Society,SR-005,Cooperative,No
TXN02369,7/17/2024,2024,7,Jul,Q3,Kharif,Rajasthan,Jodhpur,Urea,Nitrogenous,338,530.4,0.116,179275.2,94640,84635.2,Online Portal,SR-018,Small Farmer,No
TXN02370,2/25/2024,2024,2,Feb,Q1,Rabi,Rajasthan,Jaipur,NPK 10-26-26,Complex,166,1063.2,0.114,176491.2,136120,40371.2,Online Portal,SR-017,Small Farmer,No
TXN02371,10/7/2024,2024,10,Oct,Q4,Rabi,Madhya Pradesh,Ujjain,Zinc Sulphate,Micronutrient,236,322.7,0.078,76157.2,42480,33677.2,Government Scheme,SR-017,Medium Farmer,No
TXN02372,3/16/2023,2023,3,Mar,Q1,Kharif,Bihar,Gaya,Zinc Sulphate,Micronutrient,240,349.3,0.002,83832,43200,40632,Government Scheme,SR-004,Medium Farmer,No
TXN02373,1/26/2022,2022,1,Jan,Q1,Rabi,Karnataka,Bengaluru,Ammonium Sulphate,Nitrogenous,108,609.7,0.062,65847.6,37800,28047.6,Cooperative Society,SR-001,Medium Farmer,No
TXN02374,9/19/2022,2022,9,Sep,Q3,Rabi,Bihar,Muzaffarpur,Ammonium Sulphate,Nitrogenous,145,588.25,0.095,85296.25,50750,34546.25,Dealer,SR-030,Large Farmer,No
TXN02375,12/15/2022,2022,12,Dec,Q4,Rabi,Madhya Pradesh,Bhopal,Urea,Nitrogenous,380,553.2,0.078,210216,106400,103816,Cooperative Society,SR-015,Medium Farmer,No
TXN02376,7/4/2023,2023,7,Jul,Q3,Kharif,Rajasthan,Jaipur,Urea,Nitrogenous,38,549,0.085,20862,10640,10222,Cooperative Society,SR-023,Large Farmer,No
TXN02377,3/3/2025,2025,3,Mar,Q1,Kharif,Madhya Pradesh,Indore,SSP,Phosphatic,200,369.6,0.12,73920,40000,33920,Direct Farm,SR-027,Small Farmer,No
TXN02378,9/15/2024,2024,9,Sep,Q3,Rabi,Karnataka,Hubli,DAP,Phosphatic,498,1247.4,0.076,621205.2,448200,173005.2,Direct Farm,SR-005,Large Farmer,No
TXN02379,8/11/2024,2024,8,Aug,Q3,Kharif,Uttar Pradesh,Meerut,Zinc Sulphate,Micronutrient,87,318.85,0.089,27739.95,15660,12079.95,Government Scheme,SR-028,Cooperative,No
TXN02380,1/11/2023,2023,1,Jan,Q1,Rabi,Haryana,Ambala,DAP,Phosphatic,263,1213.65,0.101,319189.95,236700,82489.95,Direct Farm,SR-006,Large Farmer,No
TXN02381,6/27/2023,2023,6,Jun,Q2,Kharif,Madhya Pradesh,Indore,Calcium Nitrate,Nitrogenous,61,838.95,0.013,51175.95,30500,20675.95,Online Portal,SR-002,Small Farmer,No
TXN02382,9/18/2023,2023,9,Sep,Q3,Rabi,Bihar,Darbhanga,Calcium Nitrate,Nitrogenous,60,779.45,0.083,46767,30000,16767,Direct Farm,SR-002,Cooperative,No
TXN02383,11/2/2022,2022,11,Nov,Q4,Rabi,Andhra Pradesh,Vijayawada,Zinc Sulphate,Micronutrient,365,322.7,0.078,117785.5,65700,52085.5,Dealer,SR-030,Medium Farmer,No
TXN02384,3/7/2022,2022,3,Mar,Q1,Kharif,Karnataka,Hubli,NPK 10-26-26,Complex,210,1071.6,0.107,225036,172200,52836,Cooperative Society,SR-024,Medium Farmer,No
TXN02385,3/15/2025,2025,3,Mar,Q1,Kharif,Maharashtra,Nashik,Calcium Nitrate,Nitrogenous,500,794.75,0.065,397375,250000,147375,Dealer,SR-001,Large Farmer,No
TXN02386,9/1/2024,2024,9,Sep,Q3,Rabi,Karnataka,Hubli,Urea,Nitrogenous,40,593.4,0.011,23736,11200,12536,Direct Farm,SR-005,Large Farmer,No
TXN02387,1/26/2022,2022,1,Jan,Q1,Rabi,Uttar Pradesh,Varanasi,NPK 10-26-26,Complex,325,1134,0.055,368550,266500,102050,Direct Farm,SR-025,Small Farmer,Yes
TXN02388,7/13/2024,2024,7,Jul,Q3,Kharif,Haryana,Faridabad,DAP,Phosphatic,65,1316.25,0.025,85556.25,58500,27056.25,Cooperative Society,SR-019,Small Farmer,No
TXN02389,8/25/2024,2024,8,Aug,Q3,Kharif,Punjab,Patiala,Zinc Sulphate,Micronutrient,82,342.3,0.022,28068.6,14760,13308.6,Dealer,SR-026,Large Farmer,No
TXN02390,7/27/2023,2023,7,Jul,Q3,Kharif,Bihar,Patna,Zinc Sulphate,Micronutrient,66,326.2,0.068,21529.2,11880,9649.2,Online Portal,SR-026,Small Farmer,No
TXN02391,1/13/2022,2022,1,Jan,Q1,Rabi,Gujarat,Vadodara,SSP,Phosphatic,135,399.42,0.049,53921.7,27000,26921.7,Direct Farm,SR-027,Medium Farmer,No
TXN02392,8/24/2023,2023,8,Aug,Q3,Kharif,Haryana,Faridabad,Ammonium Sulphate,Nitrogenous,83,642.85,0.011,53356.55,29050,24306.55,Cooperative Society,SR-001,Medium Farmer,No
TXN02393,1/6/2023,2023,1,Jan,Q1,Rabi,Madhya Pradesh,Ujjain,SSP,Phosphatic,396,415.8,0.01,164656.8,79200,85456.8,Dealer,SR-019,Large Farmer,No
TXN02394,7/2/2024,2024,7,Jul,Q3,Kharif,Gujarat,Surat,Calcium Nitrate,Nitrogenous,325,847.45,0.003,275421.25,162500,112921.25,Direct Farm,SR-014,Large Farmer,No
TXN02395,7/13/2022,2022,7,Jul,Q3,Kharif,Madhya Pradesh,Indore,Zinc Sulphate,Micronutrient,219,346.85,0.009,75960.15,39420,36540.15,Cooperative Society,SR-020,Large Farmer,No
TXN02396,2/19/2022,2022,2,Feb,Q1,Rabi,Haryana,Ambala,Ammonium Sulphate,Nitrogenous,433,596.05,0.083,258089.65,151550,106539.65,Online Portal,SR-018,Large Farmer,No
TXN02397,2/22/2024,2024,2,Feb,Q1,Rabi,Uttar Pradesh,Agra,DAP,Phosphatic,64,1256.85,0.069,80438.4,57600,22838.4,Dealer,SR-011,Small Farmer,No
TXN02398,5/30/2024,2024,5,May,Q2,Kharif,Andhra Pradesh,Vijayawada,SSP,Phosphatic,385,389.34,0.073,149895.9,77000,72895.9,Online Portal,SR-029,Cooperative,No
TXN02399,9/7/2024,2024,9,Sep,Q3,Rabi,Andhra Pradesh,Vijayawada,Calcium Nitrate,Nitrogenous,74,827.9,0.026,61264.6,37000,24264.6,Cooperative Society,SR-002,Small Farmer,No
TXN02400,12/12/2024,2024,12,Dec,Q4,Rabi,Rajasthan,Udaipur,Zinc Sulphate,Micronutrient,142,348.95,0.003,49550.9,25560,23990.9,Direct Farm,SR-015,Small Farmer,No
TXN02401,8/13/2022,2022,8,Aug,Q3,Kharif,Karnataka,Bengaluru,Zinc Sulphate,Micronutrient,159,324.1,0.074,51531.9,28620,22911.9,Online Portal,SR-005,Small Farmer,No
TXN02402,9/8/2023,2023,9,Sep,Q3,Rabi,Uttar Pradesh,Lucknow,Calcium Nitrate,Nitrogenous,302,775.2,0.088,234110.4,151000,83110.4,Online Portal,SR-030,Medium Farmer,No
TXN02403,9/19/2022,2022,9,Sep,Q3,Rabi,Madhya Pradesh,Gwalior,NPK 10-26-26,Complex,152,1122,0.065,170544,124640,45904,Online Portal,SR-014,Large Farmer,No
TXN02404,3/22/2022,2022,3,Mar,Q1,Kharif,Andhra Pradesh,Visakhapatnam,DAP,Phosphatic,124,1256.85,0.069,155849.4,111600,44249.4,Online Portal,SR-014,Large Farmer,No
TXN02405,6/3/2024,2024,6,Jun,Q2,Kharif,Haryana,Faridabad,Urea,Nitrogenous,96,595.2,0.008,57139.2,26880,30259.2,Direct Farm,SR-007,Cooperative,No
TXN02406,1/30/2022,2022,1,Jan,Q1,Rabi,Maharashtra,Aurangabad,Urea,Nitrogenous,459,585,0.025,268515,128520,139995,Direct Farm,SR-001,Small Farmer,No
TXN02407,2/7/2022,2022,2,Feb,Q1,Rabi,Andhra Pradesh,Nellore,Calcium Nitrate,Nitrogenous,137,769.25,0.095,105387.25,68500,36887.25,Cooperative Society,SR-015,Medium Farmer,No
TXN02408,8/16/2022,2022,8,Aug,Q3,Kharif,Karnataka,Bengaluru,Urea,Nitrogenous,274,562.2,0.063,154042.8,76720,77322.8,Online Portal,SR-003,Small Farmer,No
TXN02409,9/1/2022,2022,9,Sep,Q3,Rabi,Bihar,Patna,Urea,Nitrogenous,306,531,0.115,162486,85680,76806,Dealer,SR-013,Medium Farmer,No
TXN02410,10/12/2022,2022,10,Oct,Q4,Rabi,Gujarat,Surat,Zinc Sulphate,Micronutrient,389,315,0.1,122535,70020,52515,Online Portal,SR-025,Cooperative,No
TXN02411,4/2/2022,2022,4,Apr,Q2,Kharif,Bihar,Patna,Ammonium Sulphate,Nitrogenous,163,607.75,0.065,99063.25,57050,42013.25,Dealer,SR-028,Cooperative,No
TXN02412,6/13/2023,2023,6,Jun,Q2,Kharif,Bihar,Muzaffarpur,Urea,Nitrogenous,35,598.2,0.003,20937,9800,11137,Online Portal,SR-027,Large Farmer,No
TXN02413,5/26/2023,2023,5,May,Q2,Kharif,Bihar,Patna,DAP,Phosphatic,380,1215,0.1,461700,342000,119700,Cooperative Society,SR-003,Small Farmer,No
TXN02414,6/24/2022,2022,6,Jun,Q2,Kharif,Maharashtra,Pune,Ammonium Sulphate,Nitrogenous,365,629.85,0.031,229895.25,127750,102145.25,Online Portal,SR-005,Large Farmer,No
TXN02415,2/7/2022,2022,2,Feb,Q1,Rabi,Madhya Pradesh,Gwalior,Urea,Nitrogenous,45,573.6,0.044,25812,12600,13212,Government Scheme,SR-025,Medium Farmer,No
TXN02416,4/25/2024,2024,4,Apr,Q2,Kharif,Bihar,Patna,Zinc Sulphate,Micronutrient,174,334.25,0.045,58159.5,31320,26839.5,Online Portal,SR-020,Large Farmer,No
TXN02417,4/6/2025,2025,4,Apr,Q2,Kharif,Rajasthan,Ajmer,Calcium Nitrate,Nitrogenous,236,834.7,0.018,196989.2,118000,78989.2,Dealer,SR-004,Small Farmer,No
TXN02418,10/10/2022,2022,10,Oct,Q4,Rabi,Rajasthan,Jaipur,MOP,Potassic,371,817.2,0.092,303181.2,222600,80581.2,Dealer,SR-023,Medium Farmer,No
TXN02419,4/1/2023,2023,4,Apr,Q2,Kharif,Andhra Pradesh,Vijayawada,SSP,Phosphatic,10,412.44,0.018,4124.4,2000,2124.4,Cooperative Society,SR-005,Small Farmer,No
TXN02420,12/11/2023,2023,12,Dec,Q4,Rabi,Andhra Pradesh,Guntur,Zinc Sulphate,Micronutrient,144,320.95,0.083,46216.8,25920,20296.8,Direct Farm,SR-015,Medium Farmer,No
TXN02421,1/30/2023,2023,1,Jan,Q1,Rabi,Bihar,Gaya,MOP,Potassic,496,799.2,0.112,396403.2,297600,98803.2,Government Scheme,SR-015,Small Farmer,No
TXN02422,8/27/2023,2023,8,Aug,Q3,Kharif,Punjab,Amritsar,DAP,Phosphatic,405,1259.55,0.067,510117.75,364500,145617.75,Direct Farm,SR-018,Large Farmer,No
TXN02423,1/29/2025,2025,1,Jan,Q1,Rabi,Punjab,Patiala,DAP,Phosphatic,331,1321.65,0.021,437466.15,297900,139566.15,Government Scheme,SR-012,Small Farmer,No
TXN02424,3/25/2024,2024,3,Mar,Q1,Kharif,Punjab,Ludhiana,Urea,Nitrogenous,247,556.8,0.072,137529.6,69160,68369.6,Direct Farm,SR-002,Large Farmer,No
TXN02425,4/16/2024,2024,4,Apr,Q2,Kharif,Uttar Pradesh,Lucknow,DAP,Phosphatic,75,1259.55,0.067,94466.25,67500,26966.25,Online Portal,SR-005,Cooperative,No
TXN02426,3/2/2022,2022,3,Mar,Q1,Kharif,Punjab,Amritsar,NPK 10-26-26,Complex,472,1182,0.015,557904,387040,170864,Cooperative Society,SR-003,Large Farmer,No
TXN02427,9/14/2022,2022,9,Sep,Q3,Rabi,Uttar Pradesh,Kanpur,Ammonium Sulphate,Nitrogenous,15,611,0.06,9165,5250,3915,Cooperative Society,SR-014,Large Farmer,No
TXN02428,6/14/2023,2023,6,Jun,Q2,Kharif,Rajasthan,Ajmer,Urea,Nitrogenous,458,577.8,0.037,264632.4,128240,136392.4,Direct Farm,SR-029,Medium Farmer,No
TXN02429,5/8/2024,2024,5,May,Q2,Kharif,Madhya Pradesh,Gwalior,Calcium Nitrate,Nitrogenous,432,751.4,0.116,324604.8,216000,108604.8,Dealer,SR-020,Small Farmer,No
TXN02430,4/30/2023,2023,4,Apr,Q2,Kharif,Uttar Pradesh,Kanpur,Zinc Sulphate,Micronutrient,378,318.85,0.089,120525.3,68040,52485.3,Direct Farm,SR-024,Large Farmer,No
TXN02431,11/1/2022,2022,11,Nov,Q4,Rabi,Rajasthan,Jodhpur,Ammonium Sulphate,Nitrogenous,295,575.25,0.115,169698.75,103250,66448.75,Dealer,SR-016,Cooperative,No
TXN02432,12/13/2022,2022,12,Dec,Q4,Rabi,Haryana,Ambala,DAP,Phosphatic,393,1239.3,0.082,487044.9,353700,133344.9,Cooperative Society,SR-022,Medium Farmer,No
TXN02433,7/16/2024,2024,7,Jul,Q3,Kharif,Uttar Pradesh,Meerut,Calcium Nitrate,Nitrogenous,443,807.5,0.05,357722.5,221500,136222.5,Cooperative Society,SR-030,Large Farmer,No
TXN02434,11/9/2022,2022,11,Nov,Q4,Rabi,Haryana,Ambala,DAP,Phosphatic,499,1200.15,0.111,598874.85,449100,149774.85,Cooperative Society,SR-029,Cooperative,No
TXN02435,6/24/2024,2024,6,Jun,Q2,Kharif,Andhra Pradesh,Kurnool,SSP,Phosphatic,252,396.48,0.056,99912.96,50400,49512.96,Dealer,SR-022,Medium Farmer,No
TXN02436,5/4/2022,2022,5,May,Q2,Kharif,Madhya Pradesh,Gwalior,Urea,Nitrogenous,28,570,0.05,15960,7840,8120,Dealer,SR-026,Large Farmer,No
TXN02437,3/4/2025,2025,3,Mar,Q1,Kharif,Gujarat,Vadodara,MOP,Potassic,74,874.8,0.028,64735.2,44400,20335.2,Government Scheme,SR-026,Medium Farmer,No
TXN02438,4/20/2022,2022,4,Apr,Q2,Kharif,Rajasthan,Ajmer,Calcium Nitrate,Nitrogenous,290,834.7,0.018,242063,145000,97063,Dealer,SR-005,Small Farmer,No
TXN02439,6/5/2024,2024,6,Jun,Q2,Kharif,Rajasthan,Kota,Ammonium Sulphate,Nitrogenous,93,622.05,0.043,57850.65,32550,25300.65,Online Portal,SR-026,Medium Farmer,No
TXN02440,3/29/2024,2024,3,Mar,Q1,Kharif,Rajasthan,Udaipur,DAP,Phosphatic,402,1329.75,0.015,534559.5,361800,172759.5,Online Portal,SR-016,Medium Farmer,No
TXN02441,2/1/2025,2025,2,Feb,Q1,Rabi,Punjab,Bathinda,MOP,Potassic,247,873,0.03,215631,148200,67431,Cooperative Society,SR-008,Large Farmer,No
TXN02442,11/22/2023,2023,11,Nov,Q4,Rabi,Karnataka,Hubli,MOP,Potassic,380,892.8,0.008,339264,228000,111264,Online Portal,SR-009,Cooperative,No
TXN02443,2/17/2022,2022,2,Feb,Q1,Rabi,Bihar,Bhagalpur,SSP,Phosphatic,453,380.94,0.093,172565.82,90600,81965.82,Government Scheme,SR-028,Small Farmer,No
TXN02444,3/31/2022,2022,3,Mar,Q1,Kharif,Haryana,Gurugram,MOP,Potassic,427,805.5,0.105,343948.5,256200,87748.5,Government Scheme,SR-007,Large Farmer,No
TXN02445,1/17/2023,2023,1,Jan,Q1,Rabi,Madhya Pradesh,Bhopal,DAP,Phosphatic,372,1285.2,0.048,478094.4,334800,143294.4,Government Scheme,SR-020,Cooperative,No
TXN02446,5/6/2023,2023,5,May,Q2,Kharif,Gujarat,Surat,DAP,Phosphatic,375,1231.2,0.088,461700,337500,124200,Online Portal,SR-013,Small Farmer,No
TXN02447,2/19/2023,2023,2,Feb,Q1,Rabi,Haryana,Gurugram,NPK 10-26-26,Complex,63,1114.8,0.071,70232.4,51660,18572.4,Online Portal,SR-027,Small Farmer,No
TXN02448,7/3/2022,2022,7,Jul,Q3,Kharif,Rajasthan,Jaipur,Urea,Nitrogenous,117,578.4,0.036,67672.8,32760,34912.8,Cooperative Society,SR-027,Small Farmer,No
TXN02449,8/8/2022,2022,8,Aug,Q3,Kharif,Gujarat,Ahmedabad,Zinc Sulphate,Micronutrient,400,322.7,0.078,129080,72000,57080,Cooperative Society,SR-002,Small Farmer,Yes
TXN02450,3/5/2024,2024,3,Mar,Q1,Kharif,Haryana,Ambala,Urea,Nitrogenous,379,563.4,0.061,213528.6,106120,107408.6,Dealer,SR-019,Large Farmer,Yes
TXN02451,8/13/2024,2024,8,Aug,Q3,Kharif,Andhra Pradesh,Kurnool,Ammonium Sulphate,Nitrogenous,481,649.35,0.001,312337.35,168350,143987.35,Dealer,SR-003,Medium Farmer,No
TXN02452,11/29/2023,2023,11,Nov,Q4,Rabi,Madhya Pradesh,Gwalior,MOP,Potassic,371,887.4,0.014,329225.4,222600,106625.4,Cooperative Society,SR-030,Medium Farmer,No
TXN02453,12/18/2024,2024,12,Dec,Q4,Rabi,Gujarat,Gandhinagar,Urea,Nitrogenous,251,589.8,0.017,148039.8,70280,77759.8,Cooperative Society,SR-020,Small Farmer,No
TXN02454,8/16/2024,2024,8,Aug,Q3,Kharif,Punjab,Patiala,DAP,Phosphatic,228,1345.95,0.003,306876.6,205200,101676.6,Online Portal,SR-004,Cooperative,No
TXN02455,9/23/2022,2022,9,Sep,Q3,Rabi,Madhya Pradesh,Ujjain,Calcium Nitrate,Nitrogenous,138,800.7,0.058,110496.6,69000,41496.6,Dealer,SR-018,Medium Farmer,No
TXN02456,11/25/2023,2023,11,Nov,Q4,Rabi,Madhya Pradesh,Bhopal,Zinc Sulphate,Micronutrient,459,332.5,0.05,152617.5,82620,69997.5,Dealer,SR-029,Small Farmer,No
TXN02457,8/11/2023,2023,8,Aug,Q3,Kharif,Andhra Pradesh,Guntur,Ammonium Sulphate,Nitrogenous,411,622.7,0.042,255929.7,143850,112079.7,Online Portal,SR-002,Small Farmer,No
TXN02458,6/11/2023,2023,6,Jun,Q2,Kharif,Rajasthan,Jodhpur,MOP,Potassic,119,805.5,0.105,95854.5,71400,24454.5,Direct Farm,SR-006,Small Farmer,No
TXN02459,4/13/2025,2025,4,Apr,Q2,Kharif,Uttar Pradesh,Varanasi,Calcium Nitrate,Nitrogenous,292,814.3,0.042,237775.6,146000,91775.6,Cooperative Society,SR-009,Cooperative,No
TXN02460,2/10/2022,2022,2,Feb,Q1,Rabi,Bihar,Bhagalpur,Ammonium Sulphate,Nitrogenous,43,616.2,0.052,26496.6,15050,11446.6,Dealer,SR-008,Large Farmer,No
TXN02461,7/3/2022,2022,7,Jul,Q3,Kharif,Maharashtra,Pune,DAP,Phosphatic,439,1283.85,0.049,563610.15,395100,168510.15,Government Scheme,SR-027,Medium Farmer,No
TXN02462,5/29/2022,2022,5,May,Q2,Kharif,Uttar Pradesh,Varanasi,Urea,Nitrogenous,121,585.6,0.024,70857.6,33880,36977.6,Dealer,SR-027,Large Farmer,No
TXN02463,8/1/2023,2023,8,Aug,Q3,Kharif,Madhya Pradesh,Bhopal,NPK 10-26-26,Complex,305,1180.8,0.016,360144,250100,110044,Online Portal,SR-028,Large Farmer,No
TXN02464,5/16/2022,2022,5,May,Q2,Kharif,Madhya Pradesh,Bhopal,Urea,Nitrogenous,164,534,0.11,87576,45920,41656,Cooperative Society,SR-020,Small Farmer,No
TXN02465,10/10/2023,2023,10,Oct,Q4,Rabi,Madhya Pradesh,Bhopal,MOP,Potassic,61,860.4,0.044,52484.4,36600,15884.4,Dealer,SR-013,Cooperative,No
TXN02466,1/31/2025,2025,1,Jan,Q1,Rabi,Bihar,Gaya,Calcium Nitrate,Nitrogenous,375,769.25,0.095,288468.75,187500,100968.75,Direct Farm,SR-022,Large Farmer,No
TXN02467,9/27/2023,2023,9,Sep,Q3,Rabi,Andhra Pradesh,Guntur,DAP,Phosphatic,11,1297.35,0.039,14270.85,9900,4370.85,Dealer,SR-029,Large Farmer,No
TXN02468,5/11/2024,2024,5,May,Q2,Kharif,Rajasthan,Jodhpur,Zinc Sulphate,Micronutrient,268,315.7,0.098,84607.6,48240,36367.6,Online Portal,SR-026,Cooperative,No
TXN02469,10/18/2023,2023,10,Oct,Q4,Rabi,Gujarat,Surat,Ammonium Sulphate,Nitrogenous,174,592.15,0.089,103034.1,60900,42134.1,Dealer,SR-005,Small Farmer,No
TXN02470,10/6/2024,2024,10,Oct,Q4,Rabi,Maharashtra,Pune,MOP,Potassic,129,836.1,0.071,107856.9,77400,30456.9,Online Portal,SR-016,Small Farmer,No
TXN02471,1/12/2024,2024,1,Jan,Q1,Rabi,Rajasthan,Jodhpur,Calcium Nitrate,Nitrogenous,447,753.95,0.113,337015.65,223500,113515.65,Dealer,SR-025,Cooperative,No
TXN02472,4/11/2023,2023,4,Apr,Q2,Kharif,Bihar,Patna,MOP,Potassic,161,815.4,0.094,131279.4,96600,34679.4,Cooperative Society,SR-025,Large Farmer,No
TXN02473,5/15/2024,2024,5,May,Q2,Kharif,Gujarat,Rajkot,MOP,Potassic,28,861.3,0.043,24116.4,16800,7316.4,Cooperative Society,SR-004,Small Farmer,No
TXN02474,2/21/2023,2023,2,Feb,Q1,Rabi,Uttar Pradesh,Meerut,Zinc Sulphate,Micronutrient,72,334.95,0.043,24116.4,12960,11156.4,Government Scheme,SR-025,Cooperative,No
TXN02475,4/16/2023,2023,4,Apr,Q2,Kharif,Gujarat,Ahmedabad,NPK 10-26-26,Complex,60,1130.4,0.058,67824,49200,18624,Government Scheme,SR-008,Small Farmer,No
TXN02476,6/24/2024,2024,6,Jun,Q2,Kharif,Rajasthan,Jaipur,SSP,Phosphatic,267,377.16,0.102,100701.72,53400,47301.72,Cooperative Society,SR-022,Medium Farmer,No
TXN02477,4/13/2022,2022,4,Apr,Q2,Kharif,Haryana,Rohtak,MOP,Potassic,180,872.1,0.031,156978,108000,48978,Cooperative Society,SR-022,Cooperative,No
TXN02478,7/12/2024,2024,7,Jul,Q3,Kharif,Haryana,Rohtak,SSP,Phosphatic,33,397.32,0.054,13111.56,6600,6511.56,Cooperative Society,SR-009,Medium Farmer,No
TXN02479,7/1/2024,2024,7,Jul,Q3,Kharif,Bihar,Muzaffarpur,MOP,Potassic,254,798.3,0.113,202768.2,152400,50368.2,Direct Farm,SR-011,Medium Farmer,No
TXN02480,4/1/2024,2024,4,Apr,Q2,Kharif,Gujarat,Rajkot,MOP,Potassic,193,835.2,0.072,161193.6,115800,45393.6,Direct Farm,SR-029,Cooperative,No
TXN02481,8/31/2024,2024,8,Aug,Q3,Kharif,Karnataka,Bengaluru,Calcium Nitrate,Nitrogenous,468,781.15,0.081,365578.2,234000,131578.2,Dealer,SR-026,Large Farmer,No
TXN02482,12/7/2024,2024,12,Dec,Q4,Rabi,Bihar,Darbhanga,NPK 10-26-26,Complex,100,1191.6,0.007,119160,82000,37160,Government Scheme,SR-025,Large Farmer,No
TXN02483,6/16/2023,2023,6,Jun,Q2,Kharif,Uttar Pradesh,Kanpur,Urea,Nitrogenous,361,562.2,0.063,202954.2,101080,101874.2,Online Portal,SR-025,Medium Farmer,No
TXN02484,2/14/2023,2023,2,Feb,Q1,Rabi,Karnataka,Mangaluru,DAP,Phosphatic,499,1202.85,0.109,600222.15,449100,151122.15,Online Portal,SR-028,Cooperative,No
TXN02485,6/12/2023,2023,6,Jun,Q2,Kharif,Uttar Pradesh,Kanpur,NPK 10-26-26,Complex,359,1105.2,0.079,396766.8,294380,102386.8,Government Scheme,SR-014,Cooperative,No
TXN02486,8/28/2024,2024,8,Aug,Q3,Kharif,Andhra Pradesh,Nellore,Zinc Sulphate,Micronutrient,265,320.25,0.085,84866.25,47700,37166.25,Government Scheme,SR-009,Medium Farmer,No
TXN02487,6/7/2022,2022,6,Jun,Q2,Kharif,Karnataka,Bengaluru,NPK 10-26-26,Complex,435,1087.2,0.094,472932,356700,116232,Government Scheme,SR-005,Medium Farmer,No
TXN02488,3/7/2023,2023,3,Mar,Q1,Kharif,Bihar,Muzaffarpur,Zinc Sulphate,Micronutrient,383,341.25,0.025,130698.75,68940,61758.75,Dealer,SR-023,Medium Farmer,No
TXN02489,10/29/2022,2022,10,Oct,Q4,Rabi,Gujarat,Ahmedabad,DAP,Phosphatic,399,1337.85,0.009,533802.15,359100,174702.15,Cooperative Society,SR-027,Large Farmer,Yes
TXN02490,9/30/2024,2024,9,Sep,Q3,Rabi,Bihar,Darbhanga,DAP,Phosphatic,261,1332.45,0.013,347769.45,234900,112869.45,Direct Farm,SR-002,Large Farmer,No
TXN02491,1/17/2025,2025,1,Jan,Q1,Rabi,Maharashtra,Pune,SSP,Phosphatic,147,378,0.1,55566,29400,26166,Cooperative Society,SR-019,Medium Farmer,No
TXN02492,2/7/2024,2024,2,Feb,Q1,Rabi,Haryana,Gurugram,Calcium Nitrate,Nitrogenous,499,791.35,0.069,394883.65,249500,145383.65,Direct Farm,SR-019,Medium Farmer,No
TXN02493,3/2/2022,2022,3,Mar,Q1,Kharif,Haryana,Hisar,Urea,Nitrogenous,58,528,0.12,30624,16240,14384,Government Scheme,SR-006,Cooperative,No
TXN02494,10/11/2024,2024,10,Oct,Q4,Rabi,Punjab,Ludhiana,Calcium Nitrate,Nitrogenous,289,847.45,0.003,244913.05,144500,100413.05,Dealer,SR-015,Cooperative,No
TXN02495,3/19/2023,2023,3,Mar,Q1,Kharif,Punjab,Patiala,NPK 10-26-26,Complex,238,1072.8,0.106,255326.4,195160,60166.4,Dealer,SR-029,Large Farmer,No
TXN02496,3/9/2022,2022,3,Mar,Q1,Kharif,Rajasthan,Kota,NPK 10-26-26,Complex,116,1173.6,0.022,136137.6,95120,41017.6,Cooperative Society,SR-006,Large Farmer,No
TXN02497,2/11/2024,2024,2,Feb,Q1,Rabi,Karnataka,Mysuru,DAP,Phosphatic,451,1219.05,0.097,549791.55,405900,143891.55,Direct Farm,SR-019,Large Farmer,No
TXN02498,6/6/2024,2024,6,Jun,Q2,Kharif,Madhya Pradesh,Ujjain,Urea,Nitrogenous,286,583.8,0.027,166966.8,80080,86886.8,Online Portal,SR-002,Cooperative,No
TXN02499,6/17/2023,2023,6,Jun,Q2,Kharif,Uttar Pradesh,Agra,Ammonium Sulphate,Nitrogenous,325,593.45,0.087,192871.25,113750,79121.25,Online Portal,SR-011,Small Farmer,No
TXN02500,3/25/2023,2023,3,Mar,Q1,Kharif,Karnataka,Mysuru,MOP,Potassic,246,824.4,0.084,202802.4,147600,55202.4,Cooperative Society,SR-006,Small Farmer,No
TXN02501,3/18/2025,2025,3,Mar,Q1,Kharif,Punjab,Patiala,NPK 10-26-26,Complex,188,1106.4,0.078,208003.2,154160,53843.2,Government Scheme,SR-025,Cooperative,No
TXN02502,9/14/2022,2022,9,Sep,Q3,Rabi,Bihar,Bhagalpur,Zinc Sulphate,Micronutrient,212,322.7,0.078,68412.4,38160,30252.4,Direct Farm,SR-015,Medium Farmer,No
TXN02503,9/15/2023,2023,9,Sep,Q3,Rabi,Maharashtra,Nashik,Zinc Sulphate,Micronutrient,145,323.75,0.075,46943.75,26100,20843.75,Online Portal,SR-012,Small Farmer,No
TXN02504,1/2/2022,2022,1,Jan,Q1,Rabi,Andhra Pradesh,Nellore,Calcium Nitrate,Nitrogenous,164,766.7,0.098,125738.8,82000,43738.8,Cooperative Society,SR-024,Cooperative,No
TXN02505,4/25/2024,2024,4,Apr,Q2,Kharif,Uttar Pradesh,Agra,Urea,Nitrogenous,289,599.4,0.001,173226.6,80920,92306.6,Dealer,SR-019,Medium Farmer,No
TXN02506,4/6/2022,2022,4,Apr,Q2,Kharif,Haryana,Faridabad,DAP,Phosphatic,472,1289.25,0.045,608526,424800,183726,Government Scheme,SR-029,Medium Farmer,No
TXN02507,3/8/2022,2022,3,Mar,Q1,Kharif,Rajasthan,Udaipur,Urea,Nitrogenous,309,583.8,0.027,180394.2,86520,93874.2,Direct Farm,SR-012,Medium Farmer,No
TXN02508,2/27/2023,2023,2,Feb,Q1,Rabi,Haryana,Gurugram,MOP,Potassic,135,861.3,0.043,116275.5,81000,35275.5,Dealer,SR-005,Large Farmer,Yes
TXN02509,11/10/2023,2023,11,Nov,Q4,Rabi,Maharashtra,Pune,DAP,Phosphatic,326,1206.9,0.106,393449.4,293400,100049.4,Direct Farm,SR-011,Large Farmer,No
TXN02510,3/10/2022,2022,3,Mar,Q1,Kharif,Madhya Pradesh,Jabalpur,SSP,Phosphatic,365,380.52,0.094,138889.8,73000,65889.8,Online Portal,SR-007,Medium Farmer,No
TXN02511,11/29/2022,2022,11,Nov,Q4,Rabi,Rajasthan,Jodhpur,Calcium Nitrate,Nitrogenous,480,833,0.02,399840,240000,159840,Cooperative Society,SR-005,Small Farmer,No
TXN02512,2/24/2022,2022,2,Feb,Q1,Rabi,Maharashtra,Kolhapur,NPK 10-26-26,Complex,72,1182,0.015,85104,59040,26064,Government Scheme,SR-025,Large Farmer,No
TXN02513,11/28/2022,2022,11,Nov,Q4,Rabi,Karnataka,Bengaluru,Zinc Sulphate,Micronutrient,409,336,0.04,137424,73620,63804,Online Portal,SR-013,Large Farmer,No
TXN02514,10/2/2022,2022,10,Oct,Q4,Rabi,Uttar Pradesh,Lucknow,MOP,Potassic,134,795.6,0.116,106610.4,80400,26210.4,Cooperative Society,SR-007,Small Farmer,No
TXN02515,7/30/2024,2024,7,Jul,Q3,Kharif,Rajasthan,Kota,Ammonium Sulphate,Nitrogenous,152,637.65,0.019,96922.8,53200,43722.8,Dealer,SR-013,Medium Farmer,No
TXN02516,7/4/2023,2023,7,Jul,Q3,Kharif,Punjab,Bathinda,NPK 10-26-26,Complex,471,1135.2,0.054,534679.2,386220,148459.2,Online Portal,SR-026,Small Farmer,No
TXN02517,9/29/2022,2022,9,Sep,Q3,Rabi,Haryana,Hisar,Zinc Sulphate,Micronutrient,48,320.6,0.084,15388.8,8640,6748.8,Dealer,SR-016,Large Farmer,No
TXN02518,3/31/2024,2024,3,Mar,Q1,Kharif,Haryana,Hisar,SSP,Phosphatic,252,404.04,0.038,101818.08,50400,51418.08,Online Portal,SR-021,Cooperative,No
TXN02519,2/24/2024,2024,2,Feb,Q1,Rabi,Punjab,Amritsar,Urea,Nitrogenous,465,555.6,0.074,258354,130200,128154,Dealer,SR-015,Medium Farmer,No
TXN02520,1/10/2022,2022,1,Jan,Q1,Rabi,Karnataka,Belagavi,MOP,Potassic,347,819.9,0.089,284505.3,208200,76305.3,Online Portal,SR-029,Large Farmer,No
TXN02521,10/9/2022,2022,10,Oct,Q4,Rabi,Rajasthan,Jaipur,NPK 10-26-26,Complex,95,1098,0.085,104310,77900,26410,Dealer,SR-012,Medium Farmer,No
TXN02522,12/28/2023,2023,12,Dec,Q4,Rabi,Uttar Pradesh,Kanpur,DAP,Phosphatic,148,1316.25,0.025,194805,133200,61605,Direct Farm,SR-004,Small Farmer,No
TXN02523,5/2/2023,2023,5,May,Q2,Kharif,Uttar Pradesh,Meerut,Zinc Sulphate,Micronutrient,258,311.5,0.11,80367,46440,33927,Cooperative Society,SR-021,Medium Farmer,No
TXN02524,8/12/2024,2024,8,Aug,Q3,Kharif,Karnataka,Mysuru,Ammonium Sulphate,Nitrogenous,364,592.15,0.089,215542.6,127400,88142.6,Direct Farm,SR-005,Small Farmer,No
TXN02525,1/21/2025,2025,1,Jan,Q1,Rabi,Madhya Pradesh,Gwalior,Ammonium Sulphate,Nitrogenous,368,577.2,0.112,212409.6,128800,83609.6,Dealer,SR-019,Medium Farmer,No
TXN02526,9/12/2023,2023,9,Sep,Q3,Rabi,Andhra Pradesh,Vijayawada,Zinc Sulphate,Micronutrient,31,331.8,0.052,10285.8,5580,4705.8,Cooperative Society,SR-027,Medium Farmer,No
TXN02527,4/26/2023,2023,4,Apr,Q2,Kharif,Haryana,Rohtak,Calcium Nitrate,Nitrogenous,191,840.65,0.011,160564.15,95500,65064.15,Online Portal,SR-002,Medium Farmer,No
TXN02528,8/14/2024,2024,8,Aug,Q3,Kharif,Andhra Pradesh,Kurnool,Calcium Nitrate,Nitrogenous,150,844.05,0.007,126607.5,75000,51607.5,Online Portal,SR-011,Large Farmer,No
TXN02529,12/22/2024,2024,12,Dec,Q4,Rabi,Madhya Pradesh,Ujjain,MOP,Potassic,406,865.8,0.038,351514.8,243600,107914.8,Cooperative Society,SR-023,Cooperative,No
TXN02530,4/8/2024,2024,4,Apr,Q2,Kharif,Haryana,Gurugram,SSP,Phosphatic,213,395.64,0.058,84271.32,42600,41671.32,Online Portal,SR-025,Medium Farmer,No
TXN02531,9/17/2023,2023,9,Sep,Q3,Rabi,Madhya Pradesh,Gwalior,Ammonium Sulphate,Nitrogenous,51,588.9,0.094,30033.9,17850,12183.9,Cooperative Society,SR-006,Medium Farmer,No
TXN02532,1/11/2023,2023,1,Jan,Q1,Rabi,Maharashtra,Pune,DAP,Phosphatic,283,1320.3,0.022,373644.9,254700,118944.9,Cooperative Society,SR-006,Large Farmer,No
TXN02533,12/19/2022,2022,12,Dec,Q4,Rabi,Andhra Pradesh,Vijayawada,NPK 10-26-26,Complex,311,1090.8,0.091,339238.8,255020,84218.8,Direct Farm,SR-021,Small Farmer,No
TXN02534,12/14/2022,2022,12,Dec,Q4,Rabi,Haryana,Faridabad,SSP,Phosphatic,54,405.72,0.034,21908.88,10800,11108.88,Online Portal,SR-006,Small Farmer,No
TXN02535,5/5/2024,2024,5,May,Q2,Kharif,Bihar,Muzaffarpur,Zinc Sulphate,Micronutrient,30,344.4,0.016,10332,5400,4932,Cooperative Society,SR-001,Large Farmer,No
TXN02536,4/18/2022,2022,4,Apr,Q2,Kharif,Karnataka,Hubli,Calcium Nitrate,Nitrogenous,109,831.3,0.022,90611.7,54500,36111.7,Cooperative Society,SR-027,Large Farmer,Yes
TXN02537,3/22/2022,2022,3,Mar,Q1,Kharif,Uttar Pradesh,Agra,DAP,Phosphatic,35,1231.2,0.088,43092,31500,11592,Dealer,SR-019,Medium Farmer,No
TXN02538,1/30/2024,2024,1,Jan,Q1,Rabi,Madhya Pradesh,Ujjain,MOP,Potassic,78,882.9,0.019,68866.2,46800,22066.2,Cooperative Society,SR-003,Small Farmer,No
TXN02539,4/1/2023,2023,4,Apr,Q2,Kharif,Bihar,Patna,Urea,Nitrogenous,224,530.4,0.116,118809.6,62720,56089.6,Online Portal,SR-005,Cooperative,No
TXN02540,3/18/2022,2022,3,Mar,Q1,Kharif,Maharashtra,Nagpur,SSP,Phosphatic,214,414.54,0.013,88711.56,42800,45911.56,Cooperative Society,SR-027,Small Farmer,No
TXN02541,6/11/2024,2024,6,Jun,Q2,Kharif,Haryana,Hisar,SSP,Phosphatic,121,384.3,0.085,46500.3,24200,22300.3,Government Scheme,SR-001,Small Farmer,No
TXN02542,10/29/2023,2023,10,Oct,Q4,Rabi,Madhya Pradesh,Jabalpur,MOP,Potassic,112,870.3,0.033,97473.6,67200,30273.6,Dealer,SR-015,Cooperative,No
TXN02543,4/2/2023,2023,4,Apr,Q2,Kharif,Punjab,Amritsar,NPK 10-26-26,Complex,412,1141.2,0.049,470174.4,337840,132334.4,Dealer,SR-021,Large Farmer,No
TXN02544,7/10/2022,2022,7,Jul,Q3,Kharif,Bihar,Gaya,MOP,Potassic,490,878.4,0.024,430416,294000,136416,Dealer,SR-013,Large Farmer,No
TXN02545,8/13/2023,2023,8,Aug,Q3,Kharif,Punjab,Amritsar,Zinc Sulphate,Micronutrient,101,330.4,0.056,33370.4,18180,15190.4,Cooperative Society,SR-017,Large Farmer,No
TXN02546,5/10/2024,2024,5,May,Q2,Kharif,Uttar Pradesh,Varanasi,NPK 10-26-26,Complex,414,1164,0.03,481896,339480,142416,Government Scheme,SR-006,Small Farmer,No
TXN02547,5/27/2024,2024,5,May,Q2,Kharif,Punjab,Patiala,Ammonium Sulphate,Nitrogenous,449,623.35,0.041,279884.15,157150,122734.15,Online Portal,SR-018,Cooperative,No
TXN02548,6/27/2022,2022,6,Jun,Q2,Kharif,Gujarat,Gandhinagar,NPK 10-26-26,Complex,98,1156.8,0.036,113366.4,80360,33006.4,Direct Farm,SR-002,Medium Farmer,No
TXN02549,2/21/2025,2025,2,Feb,Q1,Rabi,Madhya Pradesh,Jabalpur,SSP,Phosphatic,146,380.94,0.093,55617.24,29200,26417.24,Dealer,SR-025,Cooperative,No
TXN02550,3/25/2023,2023,3,Mar,Q1,Kharif,Rajasthan,Udaipur,Calcium Nitrate,Nitrogenous,409,816,0.04,333744,204500,129244,Direct Farm,SR-017,Cooperative,No
TXN02551,6/8/2023,2023,6,Jun,Q2,Kharif,Gujarat,Gandhinagar,Urea,Nitrogenous,94,574.2,0.043,53974.8,26320,27654.8,Government Scheme,SR-025,Large Farmer,No
TXN02552,2/15/2024,2024,2,Feb,Q1,Rabi,Haryana,Hisar,Urea,Nitrogenous,153,550.2,0.083,84180.6,42840,41340.6,Direct Farm,SR-007,Cooperative,No
TXN02553,5/10/2022,2022,5,May,Q2,Kharif,Uttar Pradesh,Lucknow,Ammonium Sulphate,Nitrogenous,126,611,0.06,76986,44100,32886,Government Scheme,SR-021,Large Farmer,No
TXN02554,7/3/2023,2023,7,Jul,Q3,Kharif,Haryana,Gurugram,Calcium Nitrate,Nitrogenous,381,821.95,0.033,313162.95,190500,122662.95,Government Scheme,SR-025,Small Farmer,No
TXN02555,4/6/2025,2025,4,Apr,Q2,Kharif,Madhya Pradesh,Jabalpur,DAP,Phosphatic,144,1240.65,0.081,178653.6,129600,49053.6,Dealer,SR-010,Cooperative,Yes
TXN02556,4/20/2024,2024,4,Apr,Q2,Kharif,Punjab,Jalandhar,NPK 10-26-26,Complex,243,1126.8,0.061,273812.4,199260,74552.4,Online Portal,SR-009,Large Farmer,No
TXN02557,7/25/2024,2024,7,Jul,Q3,Kharif,Uttar Pradesh,Varanasi,Calcium Nitrate,Nitrogenous,52,794.75,0.065,41327,26000,15327,Cooperative Society,SR-027,Large Farmer,No
TXN02558,6/10/2023,2023,6,Jun,Q2,Kharif,Bihar,Bhagalpur,MOP,Potassic,357,805.5,0.105,287563.5,214200,73363.5,Direct Farm,SR-013,Small Farmer,No
TXN02559,9/1/2023,2023,9,Sep,Q3,Rabi,Punjab,Bathinda,Ammonium Sulphate,Nitrogenous,428,609.7,0.062,260951.6,149800,111151.6,Online Portal,SR-019,Small Farmer,No
TXN02560,11/2/2022,2022,11,Nov,Q4,Rabi,Gujarat,Rajkot,MOP,Potassic,305,809.1,0.101,246775.5,183000,63775.5,Dealer,SR-025,Large Farmer,No
TXN02561,3/25/2022,2022,3,Mar,Q1,Kharif,Gujarat,Gandhinagar,Calcium Nitrate,Nitrogenous,20,820.25,0.035,16405,10000,6405,Direct Farm,SR-012,Cooperative,No
TXN02562,3/10/2022,2022,3,Mar,Q1,Kharif,Maharashtra,Pune,NPK 10-26-26,Complex,371,1164,0.03,431844,304220,127624,Government Scheme,SR-030,Cooperative,No
TXN02563,11/8/2024,2024,11,Nov,Q4,Rabi,Madhya Pradesh,Indore,Urea,Nitrogenous,212,565.2,0.058,119822.4,59360,60462.4,Cooperative Society,SR-022,Medium Farmer,No
TXN02564,4/8/2024,2024,4,Apr,Q2,Kharif,Gujarat,Ahmedabad,MOP,Potassic,103,820.8,0.088,84542.4,61800,22742.4,Cooperative Society,SR-014,Cooperative,No
TXN02565,7/30/2023,2023,7,Jul,Q3,Kharif,Punjab,Bathinda,Urea,Nitrogenous,404,563.4,0.061,227613.6,113120,114493.6,Online Portal,SR-021,Cooperative,No
TXN02566,3/23/2023,2023,3,Mar,Q1,Kharif,Andhra Pradesh,Kurnool,Urea,Nitrogenous,208,566.4,0.056,117811.2,58240,59571.2,Direct Farm,SR-019,Cooperative,No
TXN02567,9/16/2023,2023,9,Sep,Q3,Rabi,Haryana,Rohtak,Zinc Sulphate,Micronutrient,214,348.95,0.003,74675.3,38520,36155.3,Government Scheme,SR-026,Large Farmer,No
TXN02568,9/12/2023,2023,9,Sep,Q3,Rabi,Karnataka,Mysuru,MOP,Potassic,434,887.4,0.014,385131.6,260400,124731.6,Cooperative Society,SR-002,Large Farmer,Yes
TXN02569,2/22/2025,2025,2,Feb,Q1,Rabi,Bihar,Patna,Calcium Nitrate,Nitrogenous,359,776.05,0.087,278601.95,179500,99101.95,Dealer,SR-014,Cooperative,No
TXN02570,1/18/2023,2023,1,Jan,Q1,Rabi,Uttar Pradesh,Lucknow,Calcium Nitrate,Nitrogenous,400,833,0.02,333200,200000,133200,Dealer,SR-016,Medium Farmer,No
TXN02571,4/5/2025,2025,4,Apr,Q2,Kharif,Haryana,Rohtak,DAP,Phosphatic,354,1189.35,0.119,421029.9,318600,102429.9,Online Portal,SR-030,Medium Farmer,No
TXN02572,9/3/2022,2022,9,Sep,Q3,Rabi,Andhra Pradesh,Visakhapatnam,Calcium Nitrate,Nitrogenous,369,816.85,0.039,301417.65,184500,116917.65,Direct Farm,SR-025,Medium Farmer,No
TXN02573,7/5/2022,2022,7,Jul,Q3,Kharif,Gujarat,Ahmedabad,Calcium Nitrate,Nitrogenous,431,765,0.1,329715,215500,114215,Online Portal,SR-009,Medium Farmer,No
TXN02574,4/17/2025,2025,4,Apr,Q2,Kharif,Rajasthan,Jodhpur,Urea,Nitrogenous,115,548.4,0.086,63066,32200,30866,Online Portal,SR-018,Medium Farmer,No
TXN02575,5/2/2023,2023,5,May,Q2,Kharif,Maharashtra,Aurangabad,Urea,Nitrogenous,67,579.6,0.034,38833.2,18760,20073.2,Online Portal,SR-020,Cooperative,No
TXN02576,2/24/2022,2022,2,Feb,Q1,Rabi,Bihar,Darbhanga,MOP,Potassic,42,833.4,0.074,35002.8,25200,9802.8,Online Portal,SR-015,Medium Farmer,No
TXN02577,1/24/2024,2024,1,Jan,Q1,Rabi,Rajasthan,Kota,MOP,Potassic,500,792,0.12,396000,300000,96000,Direct Farm,SR-018,Large Farmer,No
TXN02578,4/22/2022,2022,4,Apr,Q2,Kharif,Haryana,Gurugram,Zinc Sulphate,Micronutrient,381,327.25,0.065,124682.25,68580,56102.25,Cooperative Society,SR-016,Small Farmer,No
TXN02579,2/11/2024,2024,2,Feb,Q1,Rabi,Rajasthan,Jodhpur,DAP,Phosphatic,185,1206.9,0.106,223276.5,166500,56776.5,Online Portal,SR-019,Small Farmer,No
TXN02580,2/17/2024,2024,2,Feb,Q1,Rabi,Rajasthan,Kota,MOP,Potassic,471,808.2,0.102,380662.2,282600,98062.2,Online Portal,SR-003,Large Farmer,No
TXN02581,2/14/2023,2023,2,Feb,Q1,Rabi,Gujarat,Ahmedabad,DAP,Phosphatic,253,1340.55,0.007,339159.15,227700,111459.15,Online Portal,SR-005,Cooperative,Yes
TXN02582,9/4/2023,2023,9,Sep,Q3,Rabi,Uttar Pradesh,Varanasi,Urea,Nitrogenous,114,597.6,0.004,68126.4,31920,36206.4,Online Portal,SR-002,Small Farmer,No
TXN02583,11/23/2022,2022,11,Nov,Q4,Rabi,Bihar,Muzaffarpur,MOP,Potassic,317,797.4,0.114,252775.8,190200,62575.8,Online Portal,SR-006,Large Farmer,No
TXN02584,12/14/2024,2024,12,Dec,Q4,Rabi,Maharashtra,Pune,Urea,Nitrogenous,244,589.2,0.018,143764.8,68320,75444.8,Online Portal,SR-022,Large Farmer,No
TXN02585,1/12/2023,2023,1,Jan,Q1,Rabi,Gujarat,Vadodara,DAP,Phosphatic,48,1282.5,0.05,61560,43200,18360,Dealer,SR-014,Small Farmer,No
TXN02586,2/28/2024,2024,2,Feb,Q1,Rabi,Punjab,Amritsar,Zinc Sulphate,Micronutrient,217,333.55,0.047,72380.35,39060,33320.35,Dealer,SR-018,Small Farmer,No
TXN02587,10/1/2022,2022,10,Oct,Q4,Rabi,Uttar Pradesh,Agra,DAP,Phosphatic,243,1340.55,0.007,325753.65,218700,107053.65,Direct Farm,SR-030,Cooperative,No
TXN02588,6/26/2023,2023,6,Jun,Q2,Kharif,Rajasthan,Udaipur,NPK 10-26-26,Complex,176,1084.8,0.096,190924.8,144320,46604.8,Cooperative Society,SR-021,Medium Farmer,Yes
TXN02589,6/3/2023,2023,6,Jun,Q2,Kharif,Maharashtra,Kolhapur,Zinc Sulphate,Micronutrient,470,349.65,0.001,164335.5,84600,79735.5,Direct Farm,SR-001,Large Farmer,No
TXN02590,9/3/2023,2023,9,Sep,Q3,Rabi,Haryana,Ambala,NPK 10-26-26,Complex,218,1113.6,0.072,242764.8,178760,64004.8,Online Portal,SR-003,Medium Farmer,No
TXN02591,7/28/2024,2024,7,Jul,Q3,Kharif,Maharashtra,Nashik,Urea,Nitrogenous,103,560.4,0.066,57721.2,28840,28881.2,Government Scheme,SR-019,Cooperative,No
TXN02592,5/1/2022,2022,5,May,Q2,Kharif,Madhya Pradesh,Ujjain,Calcium Nitrate,Nitrogenous,342,772.65,0.091,264246.3,171000,93246.3,Dealer,SR-005,Large Farmer,No
TXN02593,2/8/2024,2024,2,Feb,Q1,Rabi,Maharashtra,Nashik,SSP,Phosphatic,31,402.36,0.042,12473.16,6200,6273.16,Direct Farm,SR-023,Cooperative,No
TXN02594,10/23/2024,2024,10,Oct,Q4,Rabi,Punjab,Bathinda,Zinc Sulphate,Micronutrient,414,334.6,0.044,138524.4,74520,64004.4,Government Scheme,SR-022,Small Farmer,No
TXN02595,3/30/2024,2024,3,Mar,Q1,Kharif,Rajasthan,Kota,MOP,Potassic,70,862.2,0.042,60354,42000,18354,Online Portal,SR-015,Cooperative,No
TXN02596,11/26/2024,2024,11,Nov,Q4,Rabi,Maharashtra,Aurangabad,Calcium Nitrate,Nitrogenous,220,834.7,0.018,183634,110000,73634,Direct Farm,SR-005,Medium Farmer,No
TXN02597,3/20/2022,2022,3,Mar,Q1,Kharif,Bihar,Bhagalpur,Zinc Sulphate,Micronutrient,319,317.45,0.093,101266.55,57420,43846.55,Online Portal,SR-014,Large Farmer,No
TXN02598,5/31/2022,2022,5,May,Q2,Kharif,Haryana,Ambala,SSP,Phosphatic,300,378.84,0.098,113652,60000,53652,Direct Farm,SR-005,Small Farmer,No
TXN02599,1/16/2023,2023,1,Jan,Q1,Rabi,Karnataka,Belagavi,Calcium Nitrate,Nitrogenous,104,833,0.02,86632,52000,34632,Cooperative Society,SR-019,Medium Farmer,No
TXN02600,2/26/2024,2024,2,Feb,Q1,Rabi,Bihar,Bhagalpur,DAP,Phosphatic,242,1196.1,0.114,289456.2,217800,71656.2,Online Portal,SR-019,Cooperative,No
TXN02601,1/23/2023,2023,1,Jan,Q1,Rabi,Maharashtra,Nagpur,MOP,Potassic,311,801,0.11,249111,186600,62511,Online Portal,SR-026,Medium Farmer,No
TXN02602,10/19/2023,2023,10,Oct,Q4,Rabi,Andhra Pradesh,Vijayawada,Calcium Nitrate,Nitrogenous,294,797.3,0.062,234406.2,147000,87406.2,Cooperative Society,SR-015,Medium Farmer,No
TXN02603,6/7/2024,2024,6,Jun,Q2,Kharif,Uttar Pradesh,Kanpur,DAP,Phosphatic,136,1308.15,0.031,177908.4,122400,55508.4,Direct Farm,SR-002,Large Farmer,No
TXN02604,5/21/2023,2023,5,May,Q2,Kharif,Punjab,Jalandhar,NPK 10-26-26,Complex,318,1124.4,0.063,357559.2,260760,96799.2,Direct Farm,SR-025,Small Farmer,No
TXN02605,9/16/2022,2022,9,Sep,Q3,Rabi,Bihar,Patna,Urea,Nitrogenous,12,535.2,0.108,6422.4,3360,3062.4,Government Scheme,SR-010,Small Farmer,Yes
TXN02606,8/13/2024,2024,8,Aug,Q3,Kharif,Bihar,Muzaffarpur,DAP,Phosphatic,499,1221.75,0.095,609653.25,449100,160553.25,Direct Farm,SR-028,Small Farmer,No
TXN02607,3/1/2025,2025,3,Mar,Q1,Kharif,Punjab,Amritsar,SSP,Phosphatic,70,419.16,0.002,29341.2,14000,15341.2,Online Portal,SR-026,Cooperative,No
TXN02608,11/8/2022,2022,11,Nov,Q4,Rabi,Andhra Pradesh,Vijayawada,MOP,Potassic,26,836.1,0.071,21738.6,15600,6138.6,Online Portal,SR-014,Large Farmer,No
TXN02609,9/1/2023,2023,9,Sep,Q3,Rabi,Haryana,Faridabad,SSP,Phosphatic,475,419.58,0.001,199300.5,95000,104300.5,Online Portal,SR-023,Medium Farmer,No
TXN02610,11/28/2024,2024,11,Nov,Q4,Rabi,Haryana,Faridabad,Ammonium Sulphate,Nitrogenous,435,631.8,0.028,274833,152250,122583,Online Portal,SR-030,Cooperative,No
TXN02611,5/26/2024,2024,5,May,Q2,Kharif,Karnataka,Bengaluru,SSP,Phosphatic,296,374.22,0.109,110769.12,59200,51569.12,Cooperative Society,SR-005,Small Farmer,Yes
TXN02612,1/28/2024,2024,1,Jan,Q1,Rabi,Bihar,Darbhanga,MOP,Potassic,460,899.1,0.001,413586,276000,137586,Cooperative Society,SR-022,Large Farmer,No
TXN02613,1/6/2022,2022,1,Jan,Q1,Rabi,Gujarat,Gandhinagar,Calcium Nitrate,Nitrogenous,219,839.8,0.012,183916.2,109500,74416.2,Online Portal,SR-014,Large Farmer,No
TXN02614,11/10/2022,2022,11,Nov,Q4,Rabi,Rajasthan,Jaipur,SSP,Phosphatic,136,380.1,0.095,51693.6,27200,24493.6,Government Scheme,SR-016,Large Farmer,No
TXN02615,12/1/2022,2022,12,Dec,Q4,Rabi,Maharashtra,Nashik,DAP,Phosphatic,346,1318.95,0.023,456356.7,311400,144956.7,Online Portal,SR-011,Cooperative,No
TXN02616,1/27/2022,2022,1,Jan,Q1,Rabi,Uttar Pradesh,Varanasi,Zinc Sulphate,Micronutrient,263,341.6,0.024,89840.8,47340,42500.8,Direct Farm,SR-003,Cooperative,No
TXN02617,5/8/2022,2022,5,May,Q2,Kharif,Madhya Pradesh,Jabalpur,DAP,Phosphatic,397,1256.85,0.069,498969.45,357300,141669.45,Direct Farm,SR-002,Medium Farmer,No
TXN02618,4/10/2025,2025,4,Apr,Q2,Kharif,Karnataka,Bengaluru,NPK 10-26-26,Complex,274,1130.4,0.058,309729.6,224680,85049.6,Direct Farm,SR-015,Small Farmer,No
TXN02619,9/3/2023,2023,9,Sep,Q3,Rabi,Haryana,Ambala,SSP,Phosphatic,150,377.16,0.102,56574,30000,26574,Government Scheme,SR-018,Small Farmer,No
TXN02620,10/7/2024,2024,10,Oct,Q4,Rabi,Bihar,Patna,Zinc Sulphate,Micronutrient,393,309.75,0.115,121731.75,70740,50991.75,Cooperative Society,SR-028,Medium Farmer,No
TXN02621,10/8/2023,2023,10,Oct,Q4,Rabi,Punjab,Ludhiana,Zinc Sulphate,Micronutrient,221,336.35,0.039,74333.35,39780,34553.35,Online Portal,SR-003,Cooperative,Yes
TXN02622,3/11/2022,2022,3,Mar,Q1,Kharif,Andhra Pradesh,Kurnool,DAP,Phosphatic,257,1237.95,0.083,318153.15,231300,86853.15,Direct Farm,SR-028,Large Farmer,No
TXN02623,7/3/2023,2023,7,Jul,Q3,Kharif,Maharashtra,Nagpur,NPK 10-26-26,Complex,140,1195.2,0.004,167328,114800,52528,Dealer,SR-018,Large Farmer,No
TXN02624,1/3/2022,2022,1,Jan,Q1,Rabi,Maharashtra,Aurangabad,DAP,Phosphatic,383,1231.2,0.088,471549.6,344700,126849.6,Dealer,SR-011,Cooperative,No
TXN02625,7/10/2023,2023,7,Jul,Q3,Kharif,Karnataka,Mangaluru,Ammonium Sulphate,Nitrogenous,137,603.2,0.072,82638.4,47950,34688.4,Dealer,SR-030,Cooperative,No
TXN02626,10/4/2024,2024,10,Oct,Q4,Rabi,Gujarat,Ahmedabad,Urea,Nitrogenous,155,599.4,0.001,92907,43400,49507,Direct Farm,SR-029,Small Farmer,No
TXN02627,10/16/2023,2023,10,Oct,Q4,Rabi,Rajasthan,Jaipur,SSP,Phosphatic,19,370.02,0.119,7030.38,3800,3230.38,Direct Farm,SR-020,Medium Farmer,No
TXN02628,6/16/2022,2022,6,Jun,Q2,Kharif,Andhra Pradesh,Guntur,NPK 10-26-26,Complex,311,1144.8,0.046,356032.8,255020,101012.8,Direct Farm,SR-025,Small Farmer,No
TXN02629,11/18/2024,2024,11,Nov,Q4,Rabi,Maharashtra,Kolhapur,Calcium Nitrate,Nitrogenous,360,753.1,0.114,271116,180000,91116,Dealer,SR-022,Cooperative,No
TXN02630,1/11/2025,2025,1,Jan,Q1,Rabi,Uttar Pradesh,Agra,Calcium Nitrate,Nitrogenous,174,833.85,0.019,145089.9,87000,58089.9,Government Scheme,SR-003,Cooperative,No
TXN02631,6/14/2024,2024,6,Jun,Q2,Kharif,Karnataka,Mysuru,NPK 10-26-26,Complex,379,1166.4,0.028,442065.6,310780,131285.6,Cooperative Society,SR-005,Medium Farmer,No
TXN02632,1/24/2023,2023,1,Jan,Q1,Rabi,Karnataka,Mangaluru,SSP,Phosphatic,144,377.16,0.102,54311.04,28800,25511.04,Online Portal,SR-030,Small Farmer,No
TXN02633,9/25/2024,2024,9,Sep,Q3,Rabi,Uttar Pradesh,Meerut,Zinc Sulphate,Micronutrient,31,324.8,0.072,10068.8,5580,4488.8,Dealer,SR-022,Small Farmer,No
TXN02634,7/9/2022,2022,7,Jul,Q3,Kharif,Andhra Pradesh,Kurnool,NPK 10-26-26,Complex,50,1186.8,0.011,59340,41000,18340,Direct Farm,SR-026,Cooperative,No
TXN02635,7/25/2022,2022,7,Jul,Q3,Kharif,Punjab,Jalandhar,SSP,Phosphatic,293,402.78,0.041,118014.54,58600,59414.54,Dealer,SR-011,Medium Farmer,No
TXN02636,5/9/2023,2023,5,May,Q2,Kharif,Haryana,Gurugram,DAP,Phosphatic,314,1243.35,0.079,390411.9,282600,107811.9,Dealer,SR-010,Cooperative,No
TXN02637,10/28/2022,2022,10,Oct,Q4,Rabi,Uttar Pradesh,Kanpur,NPK 10-26-26,Complex,317,1069.2,0.109,338936.4,259940,78996.4,Dealer,SR-016,Cooperative,No
TXN02638,1/15/2024,2024,1,Jan,Q1,Rabi,Rajasthan,Udaipur,Zinc Sulphate,Micronutrient,381,320.6,0.084,122148.6,68580,53568.6,Dealer,SR-028,Medium Farmer,Yes
TXN02639,2/7/2023,2023,2,Feb,Q1,Rabi,Punjab,Patiala,DAP,Phosphatic,158,1286.55,0.047,203274.9,142200,61074.9,Dealer,SR-027,Large Farmer,No
TXN02640,3/26/2025,2025,3,Mar,Q1,Kharif,Rajasthan,Ajmer,Zinc Sulphate,Micronutrient,421,333.9,0.046,140571.9,75780,64791.9,Cooperative Society,SR-005,Cooperative,No
TXN02641,5/24/2023,2023,5,May,Q2,Kharif,Maharashtra,Kolhapur,Calcium Nitrate,Nitrogenous,482,850,0,409700,241000,168700,Direct Farm,SR-001,Medium Farmer,No
TXN02642,5/31/2022,2022,5,May,Q2,Kharif,Andhra Pradesh,Kurnool,Urea,Nitrogenous,76,573,0.045,43548,21280,22268,Online Portal,SR-030,Cooperative,No
TXN02643,3/19/2023,2023,3,Mar,Q1,Kharif,Bihar,Darbhanga,Calcium Nitrate,Nitrogenous,34,816,0.04,27744,17000,10744,Dealer,SR-013,Medium Farmer,No
TXN02644,3/22/2024,2024,3,Mar,Q1,Kharif,Bihar,Muzaffarpur,Calcium Nitrate,Nitrogenous,434,849.15,0.001,368531.1,217000,151531.1,Dealer,SR-005,Small Farmer,Yes
TXN02645,5/28/2024,2024,5,May,Q2,Kharif,Rajasthan,Jaipur,DAP,Phosphatic,15,1210.95,0.103,18164.25,13500,4664.25,Online Portal,SR-002,Small Farmer,No
TXN02646,5/1/2022,2022,5,May,Q2,Kharif,Madhya Pradesh,Bhopal,MOP,Potassic,196,885.6,0.016,173577.6,117600,55977.6,Online Portal,SR-009,Large Farmer,No
TXN02647,2/14/2023,2023,2,Feb,Q1,Rabi,Gujarat,Vadodara,Zinc Sulphate,Micronutrient,366,324.8,0.072,118876.8,65880,52996.8,Direct Farm,SR-028,Small Farmer,No
TXN02648,1/18/2023,2023,1,Jan,Q1,Rabi,Bihar,Patna,Urea,Nitrogenous,329,548.4,0.086,180423.6,92120,88303.6,Cooperative Society,SR-002,Medium Farmer,No
TXN02649,12/16/2023,2023,12,Dec,Q4,Rabi,Gujarat,Vadodara,Ammonium Sulphate,Nitrogenous,141,586.95,0.097,82759.95,49350,33409.95,Online Portal,SR-005,Small Farmer,No
TXN02650,8/9/2023,2023,8,Aug,Q3,Kharif,Andhra Pradesh,Nellore,SSP,Phosphatic,365,405.72,0.034,148087.8,73000,75087.8,Government Scheme,SR-008,Small Farmer,No
TXN02651,2/15/2025,2025,2,Feb,Q1,Rabi,Uttar Pradesh,Meerut,DAP,Phosphatic,377,1260.9,0.066,475359.3,339300,136059.3,Cooperative Society,SR-012,Large Farmer,No
TXN02652,3/9/2023,2023,3,Mar,Q1,Kharif,Rajasthan,Udaipur,Ammonium Sulphate,Nitrogenous,213,573.3,0.118,122112.9,74550,47562.9,Direct Farm,SR-028,Medium Farmer,No
TXN02653,1/30/2024,2024,1,Jan,Q1,Rabi,Haryana,Gurugram,Zinc Sulphate,Micronutrient,325,329.35,0.059,107038.75,58500,48538.75,Government Scheme,SR-023,Cooperative,No
TXN02654,1/25/2022,2022,1,Jan,Q1,Rabi,Madhya Pradesh,Jabalpur,DAP,Phosphatic,425,1282.5,0.05,545062.5,382500,162562.5,Direct Farm,SR-010,Cooperative,No
TXN02655,7/5/2024,2024,7,Jul,Q3,Kharif,Uttar Pradesh,Kanpur,Zinc Sulphate,Micronutrient,452,323.05,0.077,146018.6,81360,64658.6,Cooperative Society,SR-029,Cooperative,No
TXN02656,9/26/2022,2022,9,Sep,Q3,Rabi,Madhya Pradesh,Gwalior,DAP,Phosphatic,197,1269,0.06,249993,177300,72693,Dealer,SR-003,Large Farmer,No
TXN02657,1/9/2022,2022,1,Jan,Q1,Rabi,Punjab,Patiala,NPK 10-26-26,Complex,357,1095.6,0.087,391129.2,292740,98389.2,Dealer,SR-014,Cooperative,No
TXN02658,10/10/2023,2023,10,Oct,Q4,Rabi,Bihar,Patna,Ammonium Sulphate,Nitrogenous,279,615.55,0.053,171738.45,97650,74088.45,Dealer,SR-012,Medium Farmer,No
TXN02659,6/8/2023,2023,6,Jun,Q2,Kharif,Rajasthan,Jaipur,NPK 10-26-26,Complex,135,1114.8,0.071,150498,110700,39798,Government Scheme,SR-015,Large Farmer,No
TXN02660,2/8/2024,2024,2,Feb,Q1,Rabi,Rajasthan,Udaipur,NPK 10-26-26,Complex,59,1101.6,0.082,64994.4,48380,16614.4,Government Scheme,SR-023,Cooperative,No
TXN02661,4/22/2022,2022,4,Apr,Q2,Kharif,Maharashtra,Nagpur,DAP,Phosphatic,303,1198.8,0.112,363236.4,272700,90536.4,Dealer,SR-025,Cooperative,No
TXN02662,9/8/2023,2023,9,Sep,Q3,Rabi,Bihar,Darbhanga,NPK 10-26-26,Complex,229,1152,0.04,263808,187780,76028,Dealer,SR-018,Medium Farmer,No
TXN02663,10/23/2023,2023,10,Oct,Q4,Rabi,Karnataka,Mangaluru,SSP,Phosphatic,331,386.4,0.08,127898.4,66200,61698.4,Cooperative Society,SR-013,Small Farmer,No
TXN02664,8/17/2024,2024,8,Aug,Q3,Kharif,Uttar Pradesh,Agra,NPK 10-26-26,Complex,391,1100.4,0.083,430256.4,320620,109636.4,Cooperative Society,SR-026,Small Farmer,No
TXN02665,6/28/2023,2023,6,Jun,Q2,Kharif,Madhya Pradesh,Bhopal,DAP,Phosphatic,298,1320.3,0.022,393449.4,268200,125249.4,Dealer,SR-020,Large Farmer,No
TXN02666,9/28/2024,2024,9,Sep,Q3,Rabi,Madhya Pradesh,Indore,NPK 10-26-26,Complex,445,1082.4,0.098,481668,364900,116768,Online Portal,SR-023,Cooperative,No
TXN02667,9/30/2022,2022,9,Sep,Q3,Rabi,Madhya Pradesh,Ujjain,Calcium Nitrate,Nitrogenous,158,823.65,0.031,130136.7,79000,51136.7,Direct Farm,SR-028,Medium Farmer,No
TXN02668,5/7/2023,2023,5,May,Q2,Kharif,Haryana,Hisar,Zinc Sulphate,Micronutrient,202,324.1,0.074,65468.2,36360,29108.2,Online Portal,SR-021,Medium Farmer,No
TXN02669,12/5/2022,2022,12,Dec,Q4,Rabi,Gujarat,Rajkot,NPK 10-26-26,Complex,328,1065.6,0.112,349516.8,268960,80556.8,Direct Farm,SR-008,Large Farmer,Yes
TXN02670,10/16/2022,2022,10,Oct,Q4,Rabi,Uttar Pradesh,Agra,NPK 10-26-26,Complex,361,1173.6,0.022,423669.6,296020,127649.6,Online Portal,SR-004,Large Farmer,No
TXN02671,5/14/2022,2022,5,May,Q2,Kharif,Bihar,Darbhanga,NPK 10-26-26,Complex,126,1090.8,0.091,137440.8,103320,34120.8,Direct Farm,SR-017,Large Farmer,No
TXN02672,10/11/2022,2022,10,Oct,Q4,Rabi,Madhya Pradesh,Gwalior,Zinc Sulphate,Micronutrient,347,347.2,0.008,120478.4,62460,58018.4,Online Portal,SR-017,Medium Farmer,No
TXN02673,1/19/2022,2022,1,Jan,Q1,Rabi,Gujarat,Vadodara,Ammonium Sulphate,Nitrogenous,451,643.5,0.01,290218.5,157850,132368.5,Government Scheme,SR-023,Large Farmer,No
TXN02674,3/7/2024,2024,3,Mar,Q1,Kharif,Uttar Pradesh,Varanasi,Ammonium Sulphate,Nitrogenous,233,605.8,0.068,141151.4,81550,59601.4,Online Portal,SR-020,Small Farmer,No
TXN02675,2/2/2025,2025,2,Feb,Q1,Rabi,Madhya Pradesh,Bhopal,Urea,Nitrogenous,11,548.4,0.086,6032.4,3080,2952.4,Cooperative Society,SR-026,Large Farmer,No
TXN02676,3/14/2023,2023,3,Mar,Q1,Kharif,Haryana,Faridabad,Calcium Nitrate,Nitrogenous,330,776.05,0.087,256096.5,165000,91096.5,Direct Farm,SR-030,Medium Farmer,No
TXN02677,7/9/2024,2024,7,Jul,Q3,Kharif,Gujarat,Rajkot,NPK 10-26-26,Complex,114,1064.4,0.113,121341.6,93480,27861.6,Cooperative Society,SR-029,Small Farmer,No
TXN02678,4/2/2024,2024,4,Apr,Q2,Kharif,Rajasthan,Ajmer,Urea,Nitrogenous,483,542.4,0.096,261979.2,135240,126739.2,Dealer,SR-007,Large Farmer,No
TXN02679,5/3/2023,2023,5,May,Q2,Kharif,Bihar,Patna,Ammonium Sulphate,Nitrogenous,324,625.3,0.038,202597.2,113400,89197.2,Online Portal,SR-017,Large Farmer,No
TXN02680,8/13/2023,2023,8,Aug,Q3,Kharif,Punjab,Ludhiana,Zinc Sulphate,Micronutrient,415,320.25,0.085,132903.75,74700,58203.75,Dealer,SR-005,Cooperative,No
TXN02681,2/7/2022,2022,2,Feb,Q1,Rabi,Bihar,Bhagalpur,Ammonium Sulphate,Nitrogenous,269,637,0.02,171353,94150,77203,Cooperative Society,SR-014,Medium Farmer,No
TXN02682,3/11/2025,2025,3,Mar,Q1,Kharif,Uttar Pradesh,Varanasi,MOP,Potassic,17,809.1,0.101,13754.7,10200,3554.7,Direct Farm,SR-023,Cooperative,No
TXN02683,11/7/2024,2024,11,Nov,Q4,Rabi,Maharashtra,Nagpur,SSP,Phosphatic,494,399.42,0.049,197313.48,98800,98513.48,Dealer,SR-010,Cooperative,No
TXN02684,10/8/2023,2023,10,Oct,Q4,Rabi,Karnataka,Mangaluru,NPK 10-26-26,Complex,63,1124.4,0.063,70837.2,51660,19177.2,Direct Farm,SR-019,Cooperative,No
TXN02685,1/14/2025,2025,1,Jan,Q1,Rabi,Rajasthan,Kota,DAP,Phosphatic,141,1252.8,0.072,176644.8,126900,49744.8,Online Portal,SR-014,Small Farmer,No
TXN02686,10/8/2023,2023,10,Oct,Q4,Rabi,Maharashtra,Pune,SSP,Phosphatic,315,384.72,0.084,121186.8,63000,58186.8,Direct Farm,SR-005,Cooperative,No
TXN02687,8/31/2023,2023,8,Aug,Q3,Kharif,Madhya Pradesh,Indore,MOP,Potassic,391,875.7,0.027,342398.7,234600,107798.7,Online Portal,SR-009,Cooperative,No
TXN02688,9/25/2022,2022,9,Sep,Q3,Rabi,Punjab,Amritsar,DAP,Phosphatic,348,1209.6,0.104,420940.8,313200,107740.8,Dealer,SR-011,Large Farmer,No
TXN02689,11/27/2023,2023,11,Nov,Q4,Rabi,Madhya Pradesh,Gwalior,Urea,Nitrogenous,12,549.6,0.084,6595.2,3360,3235.2,Direct Farm,SR-022,Cooperative,No
TXN02690,12/1/2022,2022,12,Dec,Q4,Rabi,Haryana,Faridabad,SSP,Phosphatic,490,394.8,0.06,193452,98000,95452,Direct Farm,SR-027,Medium Farmer,No
TXN02691,3/25/2024,2024,3,Mar,Q1,Kharif,Gujarat,Gandhinagar,Zinc Sulphate,Micronutrient,42,314.3,0.102,13200.6,7560,5640.6,Online Portal,SR-017,Medium Farmer,No
TXN02692,2/24/2023,2023,2,Feb,Q1,Rabi,Gujarat,Gandhinagar,Zinc Sulphate,Micronutrient,39,336,0.04,13104,7020,6084,Online Portal,SR-028,Large Farmer,No
TXN02693,3/5/2024,2024,3,Mar,Q1,Kharif,Andhra Pradesh,Guntur,Calcium Nitrate,Nitrogenous,367,842.35,0.009,309142.45,183500,125642.45,Direct Farm,SR-023,Large Farmer,No
TXN02694,1/28/2024,2024,1,Jan,Q1,Rabi,Bihar,Gaya,Zinc Sulphate,Micronutrient,392,308.7,0.118,121010.4,70560,50450.4,Online Portal,SR-018,Large Farmer,No
TXN02695,2/20/2022,2022,2,Feb,Q1,Rabi,Maharashtra,Kolhapur,Calcium Nitrate,Nitrogenous,361,804.95,0.053,290586.95,180500,110086.95,Government Scheme,SR-019,Cooperative,No
TXN02696,1/14/2025,2025,1,Jan,Q1,Rabi,Madhya Pradesh,Bhopal,Zinc Sulphate,Micronutrient,88,341.6,0.024,30060.8,15840,14220.8,Dealer,SR-002,Small Farmer,No
TXN02697,10/16/2022,2022,10,Oct,Q4,Rabi,Bihar,Patna,Calcium Nitrate,Nitrogenous,215,836.4,0.016,179826,107500,72326,Dealer,SR-014,Large Farmer,No
TXN02698,10/15/2023,2023,10,Oct,Q4,Rabi,Gujarat,Gandhinagar,Calcium Nitrate,Nitrogenous,496,821.95,0.033,407687.2,248000,159687.2,Cooperative Society,SR-022,Cooperative,No
TXN02699,11/3/2023,2023,11,Nov,Q4,Rabi,Maharashtra,Nagpur,Ammonium Sulphate,Nitrogenous,61,572.65,0.119,34931.65,21350,13581.65,Direct Farm,SR-009,Cooperative,No
TXN02700,7/17/2023,2023,7,Jul,Q3,Kharif,Uttar Pradesh,Lucknow,Urea,Nitrogenous,207,562.2,0.063,116375.4,57960,58415.4,Government Scheme,SR-017,Cooperative,No
TXN02701,9/29/2022,2022,9,Sep,Q3,Rabi,Rajasthan,Jaipur,Ammonium Sulphate,Nitrogenous,46,617.5,0.05,28405,16100,12305,Government Scheme,SR-009,Large Farmer,No
TXN02702,11/12/2022,2022,11,Nov,Q4,Rabi,Haryana,Ambala,SSP,Phosphatic,143,416.64,0.008,59579.52,28600,30979.52,Online Portal,SR-019,Cooperative,No
TXN02703,1/11/2022,2022,1,Jan,Q1,Rabi,Haryana,Faridabad,NPK 10-26-26,Complex,280,1141.2,0.049,319536,229600,89936,Online Portal,SR-014,Small Farmer,No
TXN02704,4/23/2023,2023,4,Apr,Q2,Kharif,Maharashtra,Nagpur,Urea,Nitrogenous,383,595.2,0.008,227961.6,107240,120721.6,Dealer,SR-008,Cooperative,No
TXN02705,4/4/2022,2022,4,Apr,Q2,Kharif,Karnataka,Hubli,SSP,Phosphatic,88,373.8,0.11,32894.4,17600,15294.4,Online Portal,SR-021,Cooperative,No
TXN02706,12/22/2022,2022,12,Dec,Q4,Rabi,Uttar Pradesh,Kanpur,Urea,Nitrogenous,286,556.2,0.073,159073.2,80080,78993.2,Online Portal,SR-008,Small Farmer,No
TXN02707,7/24/2023,2023,7,Jul,Q3,Kharif,Punjab,Amritsar,SSP,Phosphatic,352,391.02,0.069,137639.04,70400,67239.04,Online Portal,SR-025,Cooperative,Yes
TXN02708,5/16/2022,2022,5,May,Q2,Kharif,Karnataka,Mangaluru,Zinc Sulphate,Micronutrient,454,314.65,0.101,142851.1,81720,61131.1,Online Portal,SR-029,Cooperative,No
TXN02709,7/13/2023,2023,7,Jul,Q3,Kharif,Maharashtra,Nashik,SSP,Phosphatic,66,409.5,0.025,27027,13200,13827,Cooperative Society,SR-020,Large Farmer,No
TXN02710,1/27/2022,2022,1,Jan,Q1,Rabi,Rajasthan,Udaipur,Urea,Nitrogenous,247,585,0.025,144495,69160,75335,Cooperative Society,SR-025,Cooperative,No
TXN02711,11/9/2024,2024,11,Nov,Q4,Rabi,Uttar Pradesh,Meerut,Ammonium Sulphate,Nitrogenous,265,599.95,0.077,158986.75,92750,66236.75,Direct Farm,SR-019,Large Farmer,No
TXN02712,11/21/2023,2023,11,Nov,Q4,Rabi,Karnataka,Belagavi,Urea,Nitrogenous,81,552.6,0.079,44760.6,22680,22080.6,Cooperative Society,SR-001,Medium Farmer,No
TXN02713,5/29/2023,2023,5,May,Q2,Kharif,Rajasthan,Jodhpur,Urea,Nitrogenous,420,583.2,0.028,244944,117600,127344,Dealer,SR-012,Medium Farmer,No
TXN02714,12/2/2024,2024,12,Dec,Q4,Rabi,Rajasthan,Kota,Urea,Nitrogenous,249,586.2,0.023,145963.8,69720,76243.8,Government Scheme,SR-005,Small Farmer,No
TXN02715,7/17/2022,2022,7,Jul,Q3,Kharif,Karnataka,Mangaluru,Zinc Sulphate,Micronutrient,251,338.1,0.034,84863.1,45180,39683.1,Cooperative Society,SR-015,Large Farmer,No
TXN02716,1/19/2024,2024,1,Jan,Q1,Rabi,Punjab,Jalandhar,DAP,Phosphatic,272,1204.2,0.108,327542.4,244800,82742.4,Government Scheme,SR-030,Medium Farmer,No
TXN02717,1/8/2022,2022,1,Jan,Q1,Rabi,Andhra Pradesh,Nellore,MOP,Potassic,439,834.3,0.073,366257.7,263400,102857.7,Online Portal,SR-028,Cooperative,No
TXN02718,7/21/2023,2023,7,Jul,Q3,Kharif,Punjab,Bathinda,Calcium Nitrate,Nitrogenous,91,825.35,0.029,75106.85,45500,29606.85,Direct Farm,SR-006,Cooperative,No
TXN02719,1/9/2024,2024,1,Jan,Q1,Rabi,Andhra Pradesh,Vijayawada,SSP,Phosphatic,94,396.9,0.055,37308.6,18800,18508.6,Cooperative Society,SR-010,Medium Farmer,No
TXN02720,6/27/2024,2024,6,Jun,Q2,Kharif,Madhya Pradesh,Bhopal,Calcium Nitrate,Nitrogenous,216,831.3,0.022,179560.8,108000,71560.8,Online Portal,SR-007,Small Farmer,No
TXN02721,7/8/2022,2022,7,Jul,Q3,Kharif,Andhra Pradesh,Guntur,Zinc Sulphate,Micronutrient,286,329,0.06,94094,51480,42614,Government Scheme,SR-025,Medium Farmer,No
TXN02722,1/11/2024,2024,1,Jan,Q1,Rabi,Maharashtra,Kolhapur,SSP,Phosphatic,222,388.5,0.075,86247,44400,41847,Online Portal,SR-027,Small Farmer,No
TXN02723,11/9/2022,2022,11,Nov,Q4,Rabi,Madhya Pradesh,Indore,Zinc Sulphate,Micronutrient,381,344.05,0.017,131083.05,68580,62503.05,Cooperative Society,SR-004,Cooperative,No
TXN02724,10/26/2024,2024,10,Oct,Q4,Rabi,Karnataka,Bengaluru,MOP,Potassic,462,881.1,0.021,407068.2,277200,129868.2,Cooperative Society,SR-022,Small Farmer,No
TXN02725,5/27/2024,2024,5,May,Q2,Kharif,Maharashtra,Aurangabad,Zinc Sulphate,Micronutrient,38,321.65,0.081,12222.7,6840,5382.7,Online Portal,SR-009,Cooperative,No
TXN02726,4/4/2025,2025,4,Apr,Q2,Kharif,Maharashtra,Aurangabad,DAP,Phosphatic,331,1221.75,0.095,404399.25,297900,106499.25,Cooperative Society,SR-016,Large Farmer,No
TXN02727,2/19/2023,2023,2,Feb,Q1,Rabi,Karnataka,Belagavi,DAP,Phosphatic,429,1208.25,0.105,518339.25,386100,132239.25,Online Portal,SR-018,Small Farmer,No
TXN02728,3/7/2023,2023,3,Mar,Q1,Kharif,Gujarat,Gandhinagar,DAP,Phosphatic,190,1255.5,0.07,238545,171000,67545,Government Scheme,SR-016,Small Farmer,No
TXN02729,4/4/2025,2025,4,Apr,Q2,Kharif,Rajasthan,Udaipur,Calcium Nitrate,Nitrogenous,95,808.35,0.049,76793.25,47500,29293.25,Online Portal,SR-007,Large Farmer,No
TXN02730,11/14/2024,2024,11,Nov,Q4,Rabi,Gujarat,Rajkot,NPK 10-26-26,Complex,278,1196.4,0.003,332599.2,227960,104639.2,Direct Farm,SR-001,Cooperative,No
TXN02731,6/12/2022,2022,6,Jun,Q2,Kharif,Haryana,Faridabad,Calcium Nitrate,Nitrogenous,358,838.95,0.013,300344.1,179000,121344.1,Dealer,SR-030,Small Farmer,Yes
TXN02732,11/15/2023,2023,11,Nov,Q4,Rabi,Punjab,Bathinda,DAP,Phosphatic,89,1200.15,0.111,106813.35,80100,26713.35,Online Portal,SR-017,Cooperative,Yes
TXN02733,7/21/2022,2022,7,Jul,Q3,Kharif,Andhra Pradesh,Visakhapatnam,Urea,Nitrogenous,342,540.6,0.099,184885.2,95760,89125.2,Dealer,SR-030,Cooperative,No
TXN02734,3/17/2022,2022,3,Mar,Q1,Kharif,Punjab,Ludhiana,Zinc Sulphate,Micronutrient,310,344.4,0.016,106764,55800,50964,Cooperative Society,SR-025,Medium Farmer,No
TXN02735,2/10/2025,2025,2,Feb,Q1,Rabi,Haryana,Hisar,NPK 10-26-26,Complex,124,1160.4,0.033,143889.6,101680,42209.6,Online Portal,SR-022,Cooperative,No
TXN02736,7/19/2024,2024,7,Jul,Q3,Kharif,Uttar Pradesh,Agra,Ammonium Sulphate,Nitrogenous,32,617.5,0.05,19760,11200,8560,Government Scheme,SR-015,Cooperative,No
TXN02737,4/7/2023,2023,4,Apr,Q2,Kharif,Madhya Pradesh,Gwalior,Ammonium Sulphate,Nitrogenous,363,614.9,0.054,223208.7,127050,96158.7,Cooperative Society,SR-015,Medium Farmer,No
TXN02738,12/16/2022,2022,12,Dec,Q4,Rabi,Madhya Pradesh,Bhopal,Ammonium Sulphate,Nitrogenous,178,623.35,0.041,110956.3,62300,48656.3,Dealer,SR-022,Large Farmer,No
TXN02739,3/9/2022,2022,3,Mar,Q1,Kharif,Maharashtra,Nashik,DAP,Phosphatic,278,1273.05,0.057,353907.9,250200,103707.9,Online Portal,SR-022,Medium Farmer,No
TXN02740,7/15/2023,2023,7,Jul,Q3,Kharif,Rajasthan,Udaipur,Urea,Nitrogenous,169,573.6,0.044,96938.4,47320,49618.4,Online Portal,SR-018,Medium Farmer,No
TXN02741,6/6/2022,2022,6,Jun,Q2,Kharif,Rajasthan,Jaipur,SSP,Phosphatic,464,395.64,0.058,183576.96,92800,90776.96,Dealer,SR-021,Small Farmer,No
TXN02742,4/10/2023,2023,4,Apr,Q2,Kharif,Maharashtra,Pune,NPK 10-26-26,Complex,215,1123.2,0.064,241488,176300,65188,Cooperative Society,SR-004,Large Farmer,Yes
TXN02743,3/16/2024,2024,3,Mar,Q1,Kharif,Andhra Pradesh,Nellore,DAP,Phosphatic,390,1344.6,0.004,524394,351000,173394,Cooperative Society,SR-029,Cooperative,No
TXN02744,7/3/2024,2024,7,Jul,Q3,Kharif,Andhra Pradesh,Guntur,MOP,Potassic,128,830.7,0.077,106329.6,76800,29529.6,Government Scheme,SR-026,Large Farmer,No
TXN02745,5/23/2024,2024,5,May,Q2,Kharif,Andhra Pradesh,Kurnool,SSP,Phosphatic,220,370.86,0.117,81589.2,44000,37589.2,Online Portal,SR-026,Large Farmer,No
TXN02746,4/20/2023,2023,4,Apr,Q2,Kharif,Bihar,Bhagalpur,SSP,Phosphatic,426,418.74,0.003,178383.24,85200,93183.24,Cooperative Society,SR-007,Medium Farmer,No
TXN02747,10/16/2023,2023,10,Oct,Q4,Rabi,Gujarat,Surat,Zinc Sulphate,Micronutrient,269,322.35,0.079,86712.15,48420,38292.15,Dealer,SR-012,Cooperative,No
TXN02748,7/16/2024,2024,7,Jul,Q3,Kharif,Haryana,Rohtak,MOP,Potassic,349,852.3,0.053,297452.7,209400,88052.7,Dealer,SR-017,Cooperative,No
TXN02749,3/3/2023,2023,3,Mar,Q1,Kharif,Uttar Pradesh,Agra,DAP,Phosphatic,179,1259.55,0.067,225459.45,161100,64359.45,Government Scheme,SR-021,Medium Farmer,No
TXN02750,4/10/2023,2023,4,Apr,Q2,Kharif,Haryana,Ambala,DAP,Phosphatic,202,1210.95,0.103,244611.9,181800,62811.9,Government Scheme,SR-003,Large Farmer,Yes
TXN02751,6/5/2023,2023,6,Jun,Q2,Kharif,Andhra Pradesh,Visakhapatnam,Calcium Nitrate,Nitrogenous,418,810.05,0.047,338600.9,209000,129600.9,Cooperative Society,SR-030,Medium Farmer,No
TXN02752,8/21/2023,2023,8,Aug,Q3,Kharif,Bihar,Bhagalpur,SSP,Phosphatic,209,411.18,0.021,85936.62,41800,44136.62,Dealer,SR-012,Large Farmer,No
TXN02753,8/4/2023,2023,8,Aug,Q3,Kharif,Punjab,Patiala,SSP,Phosphatic,389,372.96,0.112,145081.44,77800,67281.44,Online Portal,SR-004,Cooperative,No
TXN02754,6/24/2024,2024,6,Jun,Q2,Kharif,Uttar Pradesh,Kanpur,Urea,Nitrogenous,495,588.6,0.019,291357,138600,152757,Direct Farm,SR-003,Small Farmer,No
TXN02755,3/2/2025,2025,3,Mar,Q1,Kharif,Andhra Pradesh,Guntur,SSP,Phosphatic,466,369.6,0.12,172233.6,93200,79033.6,Direct Farm,SR-026,Large Farmer,No
TXN02756,9/9/2024,2024,9,Sep,Q3,Rabi,Bihar,Patna,SSP,Phosphatic,428,391.86,0.067,167716.08,85600,82116.08,Cooperative Society,SR-026,Cooperative,No
TXN02757,2/22/2022,2022,2,Feb,Q1,Rabi,Haryana,Rohtak,MOP,Potassic,284,855.9,0.049,243075.6,170400,72675.6,Direct Farm,SR-007,Small Farmer,No
TXN02758,5/19/2024,2024,5,May,Q2,Kharif,Maharashtra,Pune,Calcium Nitrate,Nitrogenous,372,766.7,0.098,285212.4,186000,99212.4,Dealer,SR-018,Medium Farmer,No
TXN02759,2/12/2024,2024,2,Feb,Q1,Rabi,Gujarat,Rajkot,DAP,Phosphatic,317,1228.5,0.09,389434.5,285300,104134.5,Cooperative Society,SR-014,Cooperative,No
TXN02760,1/4/2022,2022,1,Jan,Q1,Rabi,Haryana,Ambala,Calcium Nitrate,Nitrogenous,478,825.35,0.029,394517.3,239000,155517.3,Direct Farm,SR-026,Small Farmer,No
TXN02761,9/20/2022,2022,9,Sep,Q3,Rabi,Haryana,Faridabad,SSP,Phosphatic,324,390.18,0.071,126418.32,64800,61618.32,Dealer,SR-003,Medium Farmer,No
TXN02762,5/17/2024,2024,5,May,Q2,Kharif,Andhra Pradesh,Visakhapatnam,Calcium Nitrate,Nitrogenous,259,813.45,0.043,210683.55,129500,81183.55,Dealer,SR-004,Cooperative,No
TXN02763,5/28/2022,2022,5,May,Q2,Kharif,Maharashtra,Nashik,SSP,Phosphatic,151,378.84,0.098,57204.84,30200,27004.84,Dealer,SR-009,Large Farmer,No
TXN02764,12/3/2022,2022,12,Dec,Q4,Rabi,Madhya Pradesh,Indore,Ammonium Sulphate,Nitrogenous,42,614.25,0.055,25798.5,14700,11098.5,Cooperative Society,SR-030,Large Farmer,No
TXN02765,9/22/2023,2023,9,Sep,Q3,Rabi,Haryana,Hisar,Urea,Nitrogenous,66,560.4,0.066,36986.4,18480,18506.4,Direct Farm,SR-016,Medium Farmer,No
TXN02766,3/23/2023,2023,3,Mar,Q1,Kharif,Punjab,Bathinda,Ammonium Sulphate,Nitrogenous,386,579.15,0.109,223551.9,135100,88451.9,Cooperative Society,SR-029,Large Farmer,No
TXN02767,4/8/2025,2025,4,Apr,Q2,Kharif,Haryana,Faridabad,Zinc Sulphate,Micronutrient,360,331.45,0.053,119322,64800,54522,Government Scheme,SR-026,Small Farmer,No
TXN02768,4/3/2022,2022,4,Apr,Q2,Kharif,Uttar Pradesh,Agra,Ammonium Sulphate,Nitrogenous,11,573.95,0.117,6313.45,3850,2463.45,Government Scheme,SR-011,Small Farmer,No
TXN02769,7/10/2023,2023,7,Jul,Q3,Kharif,Rajasthan,Udaipur,Calcium Nitrate,Nitrogenous,256,835.55,0.017,213900.8,128000,85900.8,Online Portal,SR-030,Medium Farmer,No
TXN02770,1/2/2022,2022,1,Jan,Q1,Rabi,Rajasthan,Ajmer,NPK 10-26-26,Complex,499,1166.4,0.028,582033.6,409180,172853.6,Government Scheme,SR-030,Large Farmer,No
TXN02771,2/14/2024,2024,2,Feb,Q1,Rabi,Punjab,Jalandhar,Zinc Sulphate,Micronutrient,159,325.5,0.07,51754.5,28620,23134.5,Direct Farm,SR-005,Large Farmer,No
TXN02772,8/23/2022,2022,8,Aug,Q3,Kharif,Rajasthan,Kota,Zinc Sulphate,Micronutrient,279,328.3,0.062,91595.7,50220,41375.7,Online Portal,SR-027,Large Farmer,No
TXN02773,5/11/2022,2022,5,May,Q2,Kharif,Haryana,Gurugram,SSP,Phosphatic,17,390.6,0.07,6640.2,3400,3240.2,Government Scheme,SR-008,Cooperative,No
TXN02774,6/10/2024,2024,6,Jun,Q2,Kharif,Bihar,Patna,NPK 10-26-26,Complex,36,1099.2,0.084,39571.2,29520,10051.2,Government Scheme,SR-017,Small Farmer,No
TXN02775,7/24/2022,2022,7,Jul,Q3,Kharif,Andhra Pradesh,Vijayawada,NPK 10-26-26,Complex,53,1155.6,0.037,61246.8,43460,17786.8,Online Portal,SR-003,Large Farmer,No
TXN02776,5/13/2022,2022,5,May,Q2,Kharif,Rajasthan,Jodhpur,Calcium Nitrate,Nitrogenous,256,795.6,0.064,203673.6,128000,75673.6,Direct Farm,SR-021,Small Farmer,No
TXN02777,9/22/2024,2024,9,Sep,Q3,Rabi,Andhra Pradesh,Guntur,Zinc Sulphate,Micronutrient,59,348.25,0.005,20546.75,10620,9926.75,Cooperative Society,SR-021,Large Farmer,No
TXN02778,9/9/2023,2023,9,Sep,Q3,Rabi,Haryana,Ambala,Zinc Sulphate,Micronutrient,439,347.9,0.006,152728.1,79020,73708.1,Online Portal,SR-021,Small Farmer,No
TXN02779,5/26/2024,2024,5,May,Q2,Kharif,Karnataka,Mysuru,NPK 10-26-26,Complex,483,1083.6,0.097,523378.8,396060,127318.8,Dealer,SR-012,Large Farmer,No
TXN02780,2/6/2023,2023,2,Feb,Q1,Rabi,Uttar Pradesh,Varanasi,Urea,Nitrogenous,37,586.8,0.022,21711.6,10360,11351.6,Dealer,SR-006,Cooperative,No
TXN02781,11/18/2023,2023,11,Nov,Q4,Rabi,Uttar Pradesh,Kanpur,MOP,Potassic,96,868.5,0.035,83376,57600,25776,Dealer,SR-004,Large Farmer,No
TXN02782,2/25/2022,2022,2,Feb,Q1,Rabi,Bihar,Bhagalpur,Zinc Sulphate,Micronutrient,28,345.8,0.012,9682.4,5040,4642.4,Dealer,SR-009,Large Farmer,No
TXN02783,3/5/2025,2025,3,Mar,Q1,Kharif,Haryana,Gurugram,DAP,Phosphatic,450,1285.2,0.048,578340,405000,173340,Direct Farm,SR-007,Medium Farmer,No
TXN02784,10/5/2022,2022,10,Oct,Q4,Rabi,Haryana,Ambala,Urea,Nitrogenous,26,528.6,0.119,13743.6,7280,6463.6,Direct Farm,SR-028,Medium Farmer,No
TXN02785,12/27/2022,2022,12,Dec,Q4,Rabi,Uttar Pradesh,Kanpur,Calcium Nitrate,Nitrogenous,81,782.85,0.079,63410.85,40500,22910.85,Dealer,SR-022,Small Farmer,No
TXN02786,8/22/2022,2022,8,Aug,Q3,Kharif,Madhya Pradesh,Gwalior,SSP,Phosphatic,117,408.66,0.027,47813.22,23400,24413.22,Dealer,SR-007,Medium Farmer,Yes
TXN02787,12/23/2022,2022,12,Dec,Q4,Rabi,Maharashtra,Nashik,Calcium Nitrate,Nitrogenous,499,750.55,0.117,374524.45,249500,125024.45,Direct Farm,SR-006,Medium Farmer,No
TXN02788,6/5/2023,2023,6,Jun,Q2,Kharif,Maharashtra,Nagpur,SSP,Phosphatic,180,413.7,0.015,74466,36000,38466,Government Scheme,SR-006,Cooperative,No
TXN02789,9/3/2023,2023,9,Sep,Q3,Rabi,Karnataka,Mangaluru,Calcium Nitrate,Nitrogenous,416,849.15,0.001,353246.4,208000,145246.4,Government Scheme,SR-019,Cooperative,No
TXN02790,1/31/2023,2023,1,Jan,Q1,Rabi,Rajasthan,Jodhpur,Urea,Nitrogenous,383,541.8,0.097,207509.4,107240,100269.4,Government Scheme,SR-008,Cooperative,No
TXN02791,8/27/2024,2024,8,Aug,Q3,Kharif,Madhya Pradesh,Gwalior,Ammonium Sulphate,Nitrogenous,100,601.25,0.075,60125,35000,25125,Direct Farm,SR-012,Cooperative,No
TXN02792,11/17/2023,2023,11,Nov,Q4,Rabi,Haryana,Hisar,Calcium Nitrate,Nitrogenous,199,766.7,0.098,152573.3,99500,53073.3,Online Portal,SR-028,Small Farmer,No
TXN02793,9/26/2024,2024,9,Sep,Q3,Rabi,Bihar,Muzaffarpur,Ammonium Sulphate,Nitrogenous,413,630.5,0.03,260396.5,144550,115846.5,Online Portal,SR-002,Cooperative,No
TXN02794,9/7/2023,2023,9,Sep,Q3,Rabi,Punjab,Jalandhar,Zinc Sulphate,Micronutrient,410,308.35,0.119,126423.5,73800,52623.5,Direct Farm,SR-008,Cooperative,No
TXN02795,1/30/2024,2024,1,Jan,Q1,Rabi,Haryana,Ambala,Zinc Sulphate,Micronutrient,408,308.35,0.119,125806.8,73440,52366.8,Government Scheme,SR-030,Cooperative,No
TXN02796,10/13/2023,2023,10,Oct,Q4,Rabi,Madhya Pradesh,Gwalior,NPK 10-26-26,Complex,297,1116,0.07,331452,243540,87912,Cooperative Society,SR-005,Large Farmer,No
TXN02797,11/12/2022,2022,11,Nov,Q4,Rabi,Rajasthan,Jodhpur,Calcium Nitrate,Nitrogenous,262,755.65,0.111,197980.3,131000,66980.3,Direct Farm,SR-010,Small Farmer,No
TXN02798,8/30/2024,2024,8,Aug,Q3,Kharif,Punjab,Amritsar,Zinc Sulphate,Micronutrient,452,323.05,0.077,146018.6,81360,64658.6,Cooperative Society,SR-007,Medium Farmer,No
TXN02799,7/10/2023,2023,7,Jul,Q3,Kharif,Madhya Pradesh,Gwalior,Calcium Nitrate,Nitrogenous,290,816.85,0.039,236886.5,145000,91886.5,Cooperative Society,SR-008,Small Farmer,No
TXN02800,7/27/2022,2022,7,Jul,Q3,Kharif,Bihar,Darbhanga,MOP,Potassic,161,838.8,0.068,135046.8,96600,38446.8,Online Portal,SR-021,Medium Farmer,No
TXN02801,1/23/2025,2025,1,Jan,Q1,Rabi,Punjab,Patiala,DAP,Phosphatic,191,1210.95,0.103,231291.45,171900,59391.45,Online Portal,SR-003,Small Farmer,No
TXN02802,11/21/2024,2024,11,Nov,Q4,Rabi,Madhya Pradesh,Jabalpur,DAP,Phosphatic,24,1310.85,0.029,31460.4,21600,9860.4,Cooperative Society,SR-026,Medium Farmer,No
TXN02803,9/25/2022,2022,9,Sep,Q3,Rabi,Bihar,Patna,Zinc Sulphate,Micronutrient,363,343,0.02,124509,65340,59169,Dealer,SR-004,Large Farmer,No
TXN02804,5/17/2024,2024,5,May,Q2,Kharif,Gujarat,Gandhinagar,Urea,Nitrogenous,294,535.2,0.108,157348.8,82320,75028.8,Cooperative Society,SR-024,Large Farmer,No
TXN02805,3/2/2023,2023,3,Mar,Q1,Kharif,Punjab,Amritsar,DAP,Phosphatic,156,1285.2,0.048,200491.2,140400,60091.2,Direct Farm,SR-019,Large Farmer,No
TXN02806,3/23/2024,2024,3,Mar,Q1,Kharif,Haryana,Ambala,SSP,Phosphatic,439,412.86,0.017,181245.54,87800,93445.54,Online Portal,SR-027,Medium Farmer,No
TXN02807,8/31/2023,2023,8,Aug,Q3,Kharif,Maharashtra,Nagpur,NPK 10-26-26,Complex,479,1082.4,0.098,518469.6,392780,125689.6,Online Portal,SR-004,Cooperative,No
TXN02808,4/13/2025,2025,4,Apr,Q2,Kharif,Karnataka,Hubli,Urea,Nitrogenous,120,571.8,0.047,68616,33600,35016,Online Portal,SR-009,Small Farmer,No
TXN02809,1/7/2023,2023,1,Jan,Q1,Rabi,Bihar,Bhagalpur,SSP,Phosphatic,300,396.9,0.055,119070,60000,59070,Online Portal,SR-014,Cooperative,No
TXN02810,4/23/2024,2024,4,Apr,Q2,Kharif,Andhra Pradesh,Visakhapatnam,NPK 10-26-26,Complex,178,1168.8,0.026,208046.4,145960,62086.4,Dealer,SR-002,Small Farmer,No
TXN02811,8/9/2022,2022,8,Aug,Q3,Kharif,Haryana,Ambala,Urea,Nitrogenous,68,571.2,0.048,38841.6,19040,19801.6,Direct Farm,SR-019,Large Farmer,No
TXN02812,3/11/2022,2022,3,Mar,Q1,Kharif,Punjab,Amritsar,NPK 10-26-26,Complex,128,1160.4,0.033,148531.2,104960,43571.2,Government Scheme,SR-007,Cooperative,No
TXN02813,9/14/2024,2024,9,Sep,Q3,Rabi,Madhya Pradesh,Gwalior,DAP,Phosphatic,154,1343.25,0.005,206860.5,138600,68260.5,Online Portal,SR-018,Large Farmer,No
TXN02814,5/8/2022,2022,5,May,Q2,Kharif,Punjab,Patiala,Zinc Sulphate,Micronutrient,317,340.9,0.026,108065.3,57060,51005.3,Dealer,SR-009,Small Farmer,No
TXN02815,3/31/2024,2024,3,Mar,Q1,Kharif,Uttar Pradesh,Kanpur,DAP,Phosphatic,405,1345.95,0.003,545109.75,364500,180609.75,Government Scheme,SR-021,Medium Farmer,No
TXN02816,11/5/2022,2022,11,Nov,Q4,Rabi,Andhra Pradesh,Nellore,Calcium Nitrate,Nitrogenous,446,807.5,0.05,360145,223000,137145,Dealer,SR-013,Small Farmer,No
TXN02817,3/23/2022,2022,3,Mar,Q1,Kharif,Madhya Pradesh,Gwalior,MOP,Potassic,72,796.5,0.115,57348,43200,14148,Direct Farm,SR-009,Large Farmer,No
TXN02818,2/7/2025,2025,2,Feb,Q1,Rabi,Rajasthan,Jodhpur,Urea,Nitrogenous,117,577.2,0.038,67532.4,32760,34772.4,Dealer,SR-014,Small Farmer,No
TXN02819,3/4/2025,2025,3,Mar,Q1,Kharif,Punjab,Patiala,DAP,Phosphatic,115,1201.5,0.11,138172.5,103500,34672.5,Cooperative Society,SR-002,Small Farmer,No
TXN02820,9/11/2024,2024,9,Sep,Q3,Rabi,Punjab,Ludhiana,Zinc Sulphate,Micronutrient,69,341.6,0.024,23570.4,12420,11150.4,Direct Farm,SR-026,Small Farmer,No
TXN02821,9/26/2023,2023,9,Sep,Q3,Rabi,Uttar Pradesh,Agra,SSP,Phosphatic,473,396.48,0.056,187535.04,94600,92935.04,Dealer,SR-006,Small Farmer,No
TXN02822,7/8/2022,2022,7,Jul,Q3,Kharif,Punjab,Amritsar,Zinc Sulphate,Micronutrient,445,323.4,0.076,143913,80100,63813,Government Scheme,SR-005,Cooperative,No
TXN02823,3/13/2023,2023,3,Mar,Q1,Kharif,Bihar,Bhagalpur,Ammonium Sulphate,Nitrogenous,261,620.1,0.046,161846.1,91350,70496.1,Cooperative Society,SR-007,Small Farmer,No
TXN02824,2/8/2025,2025,2,Feb,Q1,Rabi,Punjab,Ludhiana,Zinc Sulphate,Micronutrient,164,324.1,0.074,53152.4,29520,23632.4,Dealer,SR-022,Cooperative,No
TXN02825,3/28/2025,2025,3,Mar,Q1,Kharif,Rajasthan,Jodhpur,NPK 10-26-26,Complex,338,1178.4,0.018,398299.2,277160,121139.2,Government Scheme,SR-010,Small Farmer,No
TXN02826,5/2/2023,2023,5,May,Q2,Kharif,Punjab,Jalandhar,NPK 10-26-26,Complex,179,1192.8,0.006,213511.2,146780,66731.2,Online Portal,SR-022,Cooperative,No
TXN02827,3/6/2024,2024,3,Mar,Q1,Kharif,Punjab,Patiala,SSP,Phosphatic,426,402.78,0.041,171584.28,85200,86384.28,Direct Farm,SR-011,Medium Farmer,Yes
TXN02828,10/14/2024,2024,10,Oct,Q4,Rabi,Rajasthan,Jaipur,Urea,Nitrogenous,81,554.4,0.076,44906.4,22680,22226.4,Government Scheme,SR-016,Small Farmer,No
TXN02829,4/10/2025,2025,4,Apr,Q2,Kharif,Andhra Pradesh,Nellore,SSP,Phosphatic,276,393.54,0.063,108617.04,55200,53417.04,Government Scheme,SR-014,Cooperative,No
TXN02830,8/2/2023,2023,8,Aug,Q3,Kharif,Andhra Pradesh,Nellore,NPK 10-26-26,Complex,39,1195.2,0.004,46612.8,31980,14632.8,Dealer,SR-019,Large Farmer,No
TXN02831,7/13/2024,2024,7,Jul,Q3,Kharif,Maharashtra,Nagpur,NPK 10-26-26,Complex,197,1147.2,0.044,225998.4,161540,64458.4,Online Portal,SR-010,Medium Farmer,No
TXN02832,7/7/2024,2024,7,Jul,Q3,Kharif,Punjab,Patiala,MOP,Potassic,209,855.9,0.049,178883.1,125400,53483.1,Government Scheme,SR-013,Large Farmer,No
TXN02833,6/15/2023,2023,6,Jun,Q2,Kharif,Bihar,Patna,Zinc Sulphate,Micronutrient,21,322,0.08,6762,3780,2982,Dealer,SR-010,Large Farmer,No
TXN02834,4/1/2023,2023,4,Apr,Q2,Kharif,Uttar Pradesh,Varanasi,Calcium Nitrate,Nitrogenous,450,831.3,0.022,374085,225000,149085,Dealer,SR-026,Cooperative,No
TXN02835,1/11/2022,2022,1,Jan,Q1,Rabi,Uttar Pradesh,Varanasi,Calcium Nitrate,Nitrogenous,287,788.8,0.072,226385.6,143500,82885.6,Government Scheme,SR-026,Small Farmer,No
TXN02836,10/5/2022,2022,10,Oct,Q4,Rabi,Andhra Pradesh,Visakhapatnam,Urea,Nitrogenous,251,570.6,0.049,143220.6,70280,72940.6,Direct Farm,SR-017,Small Farmer,No
TXN02837,12/21/2023,2023,12,Dec,Q4,Rabi,Haryana,Faridabad,NPK 10-26-26,Complex,83,1120.8,0.066,93026.4,68060,24966.4,Direct Farm,SR-006,Medium Farmer,No
TXN02838,1/27/2022,2022,1,Jan,Q1,Rabi,Andhra Pradesh,Kurnool,Zinc Sulphate,Micronutrient,177,313.6,0.104,55507.2,31860,23647.2,Online Portal,SR-007,Large Farmer,No
TXN02839,4/25/2025,2025,4,Apr,Q2,Kharif,Karnataka,Hubli,Urea,Nitrogenous,10,580.2,0.033,5802,2800,3002,Dealer,SR-024,Large Farmer,No
TXN02840,8/26/2022,2022,8,Aug,Q3,Kharif,Madhya Pradesh,Gwalior,DAP,Phosphatic,370,1331.1,0.014,492507,333000,159507,Direct Farm,SR-012,Small Farmer,No
TXN02841,2/2/2023,2023,2,Feb,Q1,Rabi,Maharashtra,Nagpur,MOP,Potassic,94,817.2,0.092,76816.8,56400,20416.8,Online Portal,SR-019,Medium Farmer,No
TXN02842,6/13/2024,2024,6,Jun,Q2,Kharif,Rajasthan,Jaipur,Ammonium Sulphate,Nitrogenous,499,611.65,0.059,305213.35,174650,130563.35,Dealer,SR-020,Cooperative,No
TXN02843,5/8/2023,2023,5,May,Q2,Kharif,Uttar Pradesh,Agra,Urea,Nitrogenous,445,594.6,0.009,264597,124600,139997,Government Scheme,SR-004,Large Farmer,No
TXN02844,5/12/2023,2023,5,May,Q2,Kharif,Rajasthan,Jaipur,Ammonium Sulphate,Nitrogenous,456,590.85,0.091,269427.6,159600,109827.6,Online Portal,SR-025,Small Farmer,Yes
TXN02845,6/22/2023,2023,6,Jun,Q2,Kharif,Rajasthan,Ajmer,Calcium Nitrate,Nitrogenous,419,804.1,0.054,336917.9,209500,127417.9,Direct Farm,SR-018,Small Farmer,No
TXN02846,6/24/2022,2022,6,Jun,Q2,Kharif,Andhra Pradesh,Nellore,NPK 10-26-26,Complex,21,1144.8,0.046,24040.8,17220,6820.8,Government Scheme,SR-016,Small Farmer,No
TXN02847,8/9/2024,2024,8,Aug,Q3,Kharif,Andhra Pradesh,Nellore,DAP,Phosphatic,351,1325.7,0.018,465320.7,315900,149420.7,Direct Farm,SR-027,Cooperative,No
TXN02848,5/6/2023,2023,5,May,Q2,Kharif,Bihar,Darbhanga,Urea,Nitrogenous,173,541.2,0.098,93627.6,48440,45187.6,Online Portal,SR-011,Large Farmer,No
TXN02849,2/2/2024,2024,2,Feb,Q1,Rabi,Karnataka,Belagavi,SSP,Phosphatic,367,381.36,0.092,139959.12,73400,66559.12,Online Portal,SR-025,Large Farmer,No
TXN02850,3/25/2025,2025,3,Mar,Q1,Kharif,Uttar Pradesh,Varanasi,Calcium Nitrate,Nitrogenous,300,784.55,0.077,235365,150000,85365,Government Scheme,SR-012,Medium Farmer,No
TXN02851,1/17/2025,2025,1,Jan,Q1,Rabi,Bihar,Patna,Calcium Nitrate,Nitrogenous,44,776.05,0.087,34146.2,22000,12146.2,Cooperative Society,SR-011,Cooperative,No
TXN02852,5/8/2023,2023,5,May,Q2,Kharif,Madhya Pradesh,Jabalpur,SSP,Phosphatic,200,397.74,0.053,79548,40000,39548,Dealer,SR-003,Cooperative,No
TXN02853,10/22/2022,2022,10,Oct,Q4,Rabi,Gujarat,Rajkot,DAP,Phosphatic,484,1313.55,0.027,635758.2,435600,200158.2,Online Portal,SR-003,Large Farmer,No
TXN02854,2/4/2025,2025,2,Feb,Q1,Rabi,Uttar Pradesh,Agra,Ammonium Sulphate,Nitrogenous,122,600.6,0.076,73273.2,42700,30573.2,Online Portal,SR-009,Medium Farmer,No
TXN02855,3/27/2024,2024,3,Mar,Q1,Kharif,Karnataka,Belagavi,MOP,Potassic,337,833.4,0.074,280855.8,202200,78655.8,Cooperative Society,SR-010,Large Farmer,No
TXN02856,7/30/2024,2024,7,Jul,Q3,Kharif,Gujarat,Surat,Ammonium Sulphate,Nitrogenous,420,581.75,0.105,244335,147000,97335,Dealer,SR-018,Large Farmer,No
TXN02857,5/8/2023,2023,5,May,Q2,Kharif,Haryana,Ambala,MOP,Potassic,118,867.6,0.036,102376.8,70800,31576.8,Dealer,SR-025,Small Farmer,No
TXN02858,6/13/2022,2022,6,Jun,Q2,Kharif,Gujarat,Surat,SSP,Phosphatic,66,383.88,0.086,25336.08,13200,12136.08,Government Scheme,SR-008,Cooperative,No
TXN02859,8/10/2022,2022,8,Aug,Q3,Kharif,Maharashtra,Kolhapur,Ammonium Sulphate,Nitrogenous,171,614.25,0.055,105036.75,59850,45186.75,Online Portal,SR-030,Small Farmer,No
TXN02860,12/23/2022,2022,12,Dec,Q4,Rabi,Gujarat,Gandhinagar,Calcium Nitrate,Nitrogenous,17,833.85,0.019,14175.45,8500,5675.45,Direct Farm,SR-012,Cooperative,No
TXN02861,5/5/2023,2023,5,May,Q2,Kharif,Madhya Pradesh,Indore,MOP,Potassic,327,814.5,0.095,266341.5,196200,70141.5,Online Portal,SR-010,Large Farmer,No
TXN02862,4/1/2023,2023,4,Apr,Q2,Kharif,Punjab,Jalandhar,MOP,Potassic,278,858.6,0.046,238690.8,166800,71890.8,Dealer,SR-009,Small Farmer,No
TXN02863,6/10/2024,2024,6,Jun,Q2,Kharif,Bihar,Muzaffarpur,DAP,Phosphatic,236,1324.35,0.019,312546.6,212400,100146.6,Cooperative Society,SR-010,Medium Farmer,No
TXN02864,10/12/2022,2022,10,Oct,Q4,Rabi,Haryana,Gurugram,SSP,Phosphatic,54,399.42,0.049,21568.68,10800,10768.68,Online Portal,SR-030,Medium Farmer,No
TXN02865,1/6/2024,2024,1,Jan,Q1,Rabi,Madhya Pradesh,Ujjain,MOP,Potassic,470,855.9,0.049,402273,282000,120273,Online Portal,SR-007,Cooperative,No
TXN02866,3/22/2024,2024,3,Mar,Q1,Kharif,Madhya Pradesh,Indore,Ammonium Sulphate,Nitrogenous,394,647.4,0.004,255075.6,137900,117175.6,Direct Farm,SR-004,Medium Farmer,No
TXN02867,11/18/2022,2022,11,Nov,Q4,Rabi,Andhra Pradesh,Guntur,SSP,Phosphatic,282,380.52,0.094,107306.64,56400,50906.64,Government Scheme,SR-001,Medium Farmer,No
TXN02868,4/3/2022,2022,4,Apr,Q2,Kharif,Bihar,Patna,Urea,Nitrogenous,64,558.6,0.069,35750.4,17920,17830.4,Direct Farm,SR-007,Large Farmer,No
TXN02869,4/8/2023,2023,4,Apr,Q2,Kharif,Gujarat,Gandhinagar,Zinc Sulphate,Micronutrient,53,324.8,0.072,17214.4,9540,7674.4,Dealer,SR-002,Small Farmer,No
TXN02870,4/6/2025,2025,4,Apr,Q2,Kharif,Maharashtra,Nagpur,DAP,Phosphatic,202,1325.7,0.018,267791.4,181800,85991.4,Government Scheme,SR-013,Large Farmer,No
TXN02871,5/12/2022,2022,5,May,Q2,Kharif,Andhra Pradesh,Kurnool,Ammonium Sulphate,Nitrogenous,317,625.95,0.037,198426.15,110950,87476.15,Cooperative Society,SR-019,Medium Farmer,No
TXN02872,1/1/2022,2022,1,Jan,Q1,Rabi,Rajasthan,Udaipur,NPK 10-26-26,Complex,79,1093.2,0.089,86362.8,64780,21582.8,Dealer,SR-013,Cooperative,No
TXN02873,12/30/2024,2024,12,Dec,Q4,Rabi,Punjab,Jalandhar,Ammonium Sulphate,Nitrogenous,202,627.25,0.035,126704.5,70700,56004.5,Government Scheme,SR-027,Medium Farmer,No
TXN02874,1/27/2022,2022,1,Jan,Q1,Rabi,Punjab,Bathinda,SSP,Phosphatic,493,381.78,0.091,188217.54,98600,89617.54,Direct Farm,SR-022,Small Farmer,No
TXN02875,7/13/2024,2024,7,Jul,Q3,Kharif,Gujarat,Rajkot,Calcium Nitrate,Nitrogenous,374,806.65,0.051,301687.1,187000,114687.1,Dealer,SR-012,Medium Farmer,No
TXN02876,5/6/2024,2024,5,May,Q2,Kharif,Punjab,Amritsar,Urea,Nitrogenous,411,558.6,0.069,229584.6,115080,114504.6,Online Portal,SR-003,Large Farmer,No
TXN02877,1/26/2025,2025,1,Jan,Q1,Rabi,Uttar Pradesh,Varanasi,DAP,Phosphatic,418,1232.55,0.087,515205.9,376200,139005.9,Dealer,SR-005,Medium Farmer,No
TXN02878,5/22/2022,2022,5,May,Q2,Kharif,Punjab,Patiala,Zinc Sulphate,Micronutrient,330,326.9,0.066,107877,59400,48477,Cooperative Society,SR-001,Cooperative,Yes
TXN02879,9/5/2024,2024,9,Sep,Q3,Rabi,Bihar,Muzaffarpur,Ammonium Sulphate,Nitrogenous,135,639.6,0.016,86346,47250,39096,Direct Farm,SR-022,Cooperative,No
TXN02880,1/9/2025,2025,1,Jan,Q1,Rabi,Maharashtra,Kolhapur,MOP,Potassic,46,806.4,0.104,37094.4,27600,9494.4,Cooperative Society,SR-027,Large Farmer,Yes
TXN02881,11/15/2024,2024,11,Nov,Q4,Rabi,Maharashtra,Nagpur,NPK 10-26-26,Complex,476,1128,0.06,536928,390320,146608,Dealer,SR-010,Medium Farmer,No
TXN02882,10/1/2023,2023,10,Oct,Q4,Rabi,Madhya Pradesh,Bhopal,Urea,Nitrogenous,24,532.2,0.113,12772.8,6720,6052.8,Direct Farm,SR-015,Large Farmer,No
TXN02883,3/12/2025,2025,3,Mar,Q1,Kharif,Andhra Pradesh,Nellore,MOP,Potassic,457,873.9,0.029,399372.3,274200,125172.3,Dealer,SR-007,Medium Farmer,No
TXN02884,6/14/2024,2024,6,Jun,Q2,Kharif,Maharashtra,Kolhapur,Calcium Nitrate,Nitrogenous,204,787.1,0.074,160568.4,102000,58568.4,Direct Farm,SR-016,Large Farmer,No
TXN02885,10/2/2024,2024,10,Oct,Q4,Rabi,Andhra Pradesh,Visakhapatnam,Zinc Sulphate,Micronutrient,221,335.65,0.041,74178.65,39780,34398.65,Dealer,SR-029,Large Farmer,No
TXN02886,12/8/2024,2024,12,Dec,Q4,Rabi,Haryana,Gurugram,DAP,Phosphatic,60,1224.45,0.093,73467,54000,19467,Dealer,SR-027,Cooperative,No
TXN02887,12/2/2022,2022,12,Dec,Q4,Rabi,Bihar,Bhagalpur,SSP,Phosphatic,104,398.16,0.052,41408.64,20800,20608.64,Direct Farm,SR-028,Large Farmer,No
TXN02888,10/23/2022,2022,10,Oct,Q4,Rabi,Gujarat,Surat,SSP,Phosphatic,171,372.54,0.113,63704.34,34200,29504.34,Direct Farm,SR-026,Medium Farmer,No
TXN02889,1/19/2024,2024,1,Jan,Q1,Rabi,Bihar,Gaya,Calcium Nitrate,Nitrogenous,324,802.4,0.056,259977.6,162000,97977.6,Cooperative Society,SR-009,Cooperative,No
TXN02890,8/25/2023,2023,8,Aug,Q3,Kharif,Karnataka,Mangaluru,MOP,Potassic,94,870.3,0.033,81808.2,56400,25408.2,Online Portal,SR-010,Large Farmer,No
TXN02891,2/14/2022,2022,2,Feb,Q1,Rabi,Rajasthan,Ajmer,MOP,Potassic,171,899.1,0.001,153746.1,102600,51146.1,Cooperative Society,SR-019,Medium Farmer,No
TXN02892,5/7/2024,2024,5,May,Q2,Kharif,Maharashtra,Nagpur,Ammonium Sulphate,Nitrogenous,449,641.55,0.013,288055.95,157150,130905.95,Dealer,SR-028,Cooperative,No
TXN02893,7/5/2024,2024,7,Jul,Q3,Kharif,Bihar,Bhagalpur,MOP,Potassic,315,798.3,0.113,251464.5,189000,62464.5,Government Scheme,SR-023,Small Farmer,No
TXN02894,6/21/2024,2024,6,Jun,Q2,Kharif,Karnataka,Mysuru,SSP,Phosphatic,360,375.9,0.105,135324,72000,63324,Direct Farm,SR-003,Medium Farmer,No
TXN02895,8/14/2022,2022,8,Aug,Q3,Kharif,Rajasthan,Ajmer,Ammonium Sulphate,Nitrogenous,471,649.35,0.001,305843.85,164850,140993.85,Direct Farm,SR-026,Medium Farmer,No
TXN02896,10/7/2024,2024,10,Oct,Q4,Rabi,Gujarat,Gandhinagar,Urea,Nitrogenous,156,534.6,0.109,83397.6,43680,39717.6,Cooperative Society,SR-024,Cooperative,No
TXN02897,2/5/2024,2024,2,Feb,Q1,Rabi,Punjab,Bathinda,SSP,Phosphatic,367,386.82,0.079,141962.94,73400,68562.94,Cooperative Society,SR-001,Medium Farmer,No
TXN02898,12/20/2024,2024,12,Dec,Q4,Rabi,Haryana,Gurugram,SSP,Phosphatic,241,391.86,0.067,94438.26,48200,46238.26,Direct Farm,SR-025,Medium Farmer,No
TXN02899,6/29/2024,2024,6,Jun,Q2,Kharif,Haryana,Gurugram,SSP,Phosphatic,172,416.64,0.008,71662.08,34400,37262.08,Cooperative Society,SR-016,Cooperative,No
TXN02900,1/25/2022,2022,1,Jan,Q1,Rabi,Bihar,Muzaffarpur,Calcium Nitrate,Nitrogenous,332,827.9,0.026,274862.8,166000,108862.8,Direct Farm,SR-028,Cooperative,No
TXN02901,1/9/2022,2022,1,Jan,Q1,Rabi,Punjab,Ludhiana,MOP,Potassic,462,814.5,0.095,376299,277200,99099,Direct Farm,SR-001,Small Farmer,No
TXN02902,8/22/2023,2023,8,Aug,Q3,Kharif,Andhra Pradesh,Kurnool,MOP,Potassic,208,811.8,0.098,168854.4,124800,44054.4,Online Portal,SR-007,Medium Farmer,No
TXN02903,5/16/2024,2024,5,May,Q2,Kharif,Gujarat,Gandhinagar,Calcium Nitrate,Nitrogenous,21,753.1,0.114,15815.1,10500,5315.1,Online Portal,SR-006,Cooperative,No
TXN02904,6/25/2022,2022,6,Jun,Q2,Kharif,Madhya Pradesh,Jabalpur,Urea,Nitrogenous,446,576,0.04,256896,124880,132016,Government Scheme,SR-020,Large Farmer,No
TXN02905,9/30/2022,2022,9,Sep,Q3,Rabi,Uttar Pradesh,Meerut,Ammonium Sulphate,Nitrogenous,479,617.5,0.05,295782.5,167650,128132.5,Online Portal,SR-023,Small Farmer,No
TXN02906,1/20/2023,2023,1,Jan,Q1,Rabi,Haryana,Ambala,Ammonium Sulphate,Nitrogenous,400,582.4,0.104,232960,140000,92960,Online Portal,SR-030,Medium Farmer,No
TXN02907,4/13/2022,2022,4,Apr,Q2,Kharif,Uttar Pradesh,Lucknow,DAP,Phosphatic,470,1296,0.04,609120,423000,186120,Cooperative Society,SR-004,Cooperative,No
TXN02908,12/22/2024,2024,12,Dec,Q4,Rabi,Uttar Pradesh,Meerut,Urea,Nitrogenous,120,531.6,0.114,63792,33600,30192,Online Portal,SR-019,Small Farmer,No
TXN02909,6/7/2023,2023,6,Jun,Q2,Kharif,Punjab,Ludhiana,SSP,Phosphatic,41,406.14,0.033,16651.74,8200,8451.74,Dealer,SR-012,Cooperative,No
TXN02910,11/8/2024,2024,11,Nov,Q4,Rabi,Maharashtra,Pune,NPK 10-26-26,Complex,436,1152,0.04,502272,357520,144752,Online Portal,SR-021,Small Farmer,No
TXN02911,11/20/2024,2024,11,Nov,Q4,Rabi,Madhya Pradesh,Jabalpur,SSP,Phosphatic,244,404.04,0.038,98585.76,48800,49785.76,Online Portal,SR-002,Medium Farmer,No
TXN02912,1/25/2022,2022,1,Jan,Q1,Rabi,Punjab,Patiala,Ammonium Sulphate,Nitrogenous,205,627.9,0.034,128719.5,71750,56969.5,Dealer,SR-016,Cooperative,No
TXN02913,6/22/2023,2023,6,Jun,Q2,Kharif,Uttar Pradesh,Lucknow,Urea,Nitrogenous,89,535.8,0.107,47686.2,24920,22766.2,Dealer,SR-013,Medium Farmer,No
TXN02914,7/30/2022,2022,7,Jul,Q3,Kharif,Bihar,Patna,DAP,Phosphatic,197,1266.3,0.062,249461.1,177300,72161.1,Cooperative Society,SR-014,Cooperative,No
TXN02915,6/24/2022,2022,6,Jun,Q2,Kharif,Karnataka,Belagavi,Zinc Sulphate,Micronutrient,433,315,0.1,136395,77940,58455,Cooperative Society,SR-012,Medium Farmer,No
TXN02916,11/24/2022,2022,11,Nov,Q4,Rabi,Bihar,Patna,Zinc Sulphate,Micronutrient,455,348.25,0.005,158453.75,81900,76553.75,Government Scheme,SR-028,Small Farmer,No
TXN02917,1/3/2025,2025,1,Jan,Q1,Rabi,Madhya Pradesh,Gwalior,NPK 10-26-26,Complex,140,1148.4,0.043,160776,114800,45976,Online Portal,SR-003,Large Farmer,No
TXN02918,11/2/2023,2023,11,Nov,Q4,Rabi,Gujarat,Surat,Ammonium Sulphate,Nitrogenous,136,621.4,0.044,84510.4,47600,36910.4,Direct Farm,SR-008,Medium Farmer,No
TXN02919,11/23/2022,2022,11,Nov,Q4,Rabi,Bihar,Bhagalpur,MOP,Potassic,58,849.6,0.056,49276.8,34800,14476.8,Cooperative Society,SR-011,Small Farmer,No
TXN02920,11/8/2023,2023,11,Nov,Q4,Rabi,Andhra Pradesh,Kurnool,Calcium Nitrate,Nitrogenous,229,793.9,0.066,181803.1,114500,67303.1,Online Portal,SR-028,Medium Farmer,No
TXN02921,2/19/2023,2023,2,Feb,Q1,Rabi,Uttar Pradesh,Agra,Ammonium Sulphate,Nitrogenous,114,637.65,0.019,72692.1,39900,32792.1,Cooperative Society,SR-006,Cooperative,No
TXN02922,5/30/2024,2024,5,May,Q2,Kharif,Karnataka,Belagavi,NPK 10-26-26,Complex,140,1154.4,0.038,161616,114800,46816,Government Scheme,SR-026,Small Farmer,No
TXN02923,10/18/2023,2023,10,Oct,Q4,Rabi,Haryana,Rohtak,Ammonium Sulphate,Nitrogenous,493,626.6,0.036,308913.8,172550,136363.8,Dealer,SR-008,Small Farmer,No
TXN02924,8/14/2024,2024,8,Aug,Q3,Kharif,Madhya Pradesh,Bhopal,Zinc Sulphate,Micronutrient,74,312.9,0.106,23154.6,13320,9834.6,Dealer,SR-021,Cooperative,No
TXN02925,2/11/2025,2025,2,Feb,Q1,Rabi,Haryana,Hisar,Zinc Sulphate,Micronutrient,250,330.75,0.055,82687.5,45000,37687.5,Dealer,SR-004,Large Farmer,No
TXN02926,10/16/2023,2023,10,Oct,Q4,Rabi,Haryana,Hisar,Calcium Nitrate,Nitrogenous,111,850,0,94350,55500,38850,Online Portal,SR-002,Small Farmer,No
TXN02927,6/19/2022,2022,6,Jun,Q2,Kharif,Haryana,Gurugram,Urea,Nitrogenous,433,589.8,0.017,255383.4,121240,134143.4,Government Scheme,SR-005,Medium Farmer,No
TXN02928,8/18/2023,2023,8,Aug,Q3,Kharif,Gujarat,Surat,Urea,Nitrogenous,188,546.6,0.089,102760.8,52640,50120.8,Cooperative Society,SR-028,Cooperative,No
TXN02929,7/12/2022,2022,7,Jul,Q3,Kharif,Karnataka,Mangaluru,DAP,Phosphatic,357,1255.5,0.07,448213.5,321300,126913.5,Cooperative Society,SR-004,Cooperative,No
TXN02930,6/8/2024,2024,6,Jun,Q2,Kharif,Maharashtra,Nagpur,Calcium Nitrate,Nitrogenous,404,803.25,0.055,324513,202000,122513,Government Scheme,SR-002,Cooperative,No
TXN02931,4/26/2023,2023,4,Apr,Q2,Kharif,Madhya Pradesh,Gwalior,SSP,Phosphatic,18,419.16,0.002,7544.88,3600,3944.88,Government Scheme,SR-005,Medium Farmer,No
TXN02932,10/11/2022,2022,10,Oct,Q4,Rabi,Bihar,Gaya,NPK 10-26-26,Complex,409,1134,0.055,463806,335380,128426,Direct Farm,SR-023,Medium Farmer,No
TXN02933,6/30/2022,2022,6,Jun,Q2,Kharif,Karnataka,Bengaluru,SSP,Phosphatic,134,370.44,0.118,49638.96,26800,22838.96,Dealer,SR-015,Small Farmer,No
TXN02934,8/6/2023,2023,8,Aug,Q3,Kharif,Gujarat,Surat,Calcium Nitrate,Nitrogenous,35,772.65,0.091,27042.75,17500,9542.75,Government Scheme,SR-016,Small Farmer,No
TXN02935,11/5/2023,2023,11,Nov,Q4,Rabi,Uttar Pradesh,Lucknow,Urea,Nitrogenous,45,571.2,0.048,25704,12600,13104,Direct Farm,SR-014,Small Farmer,No
TXN02936,10/29/2024,2024,10,Oct,Q4,Rabi,Uttar Pradesh,Agra,Calcium Nitrate,Nitrogenous,188,793.05,0.067,149093.4,94000,55093.4,Direct Farm,SR-022,Large Farmer,No
TXN02937,11/20/2023,2023,11,Nov,Q4,Rabi,Karnataka,Mangaluru,NPK 10-26-26,Complex,122,1154.4,0.038,140836.8,100040,40796.8,Online Portal,SR-017,Medium Farmer,No
TXN02938,10/4/2024,2024,10,Oct,Q4,Rabi,Punjab,Bathinda,MOP,Potassic,65,869.4,0.034,56511,39000,17511,Cooperative Society,SR-016,Small Farmer,No
TXN02939,2/27/2024,2024,2,Feb,Q1,Rabi,Madhya Pradesh,Ujjain,Calcium Nitrate,Nitrogenous,334,810.9,0.046,270840.6,167000,103840.6,Government Scheme,SR-022,Medium Farmer,No
TXN02940,2/16/2022,2022,2,Feb,Q1,Rabi,Madhya Pradesh,Bhopal,Zinc Sulphate,Micronutrient,364,344.05,0.017,125234.2,65520,59714.2,Cooperative Society,SR-014,Large Farmer,No
TXN02941,11/27/2024,2024,11,Nov,Q4,Rabi,Haryana,Ambala,Calcium Nitrate,Nitrogenous,285,816,0.04,232560,142500,90060,Online Portal,SR-029,Medium Farmer,No
TXN02942,9/21/2022,2022,9,Sep,Q3,Rabi,Rajasthan,Jaipur,Urea,Nitrogenous,425,597.6,0.004,253980,119000,134980,Direct Farm,SR-001,Cooperative,No
TXN02943,6/26/2022,2022,6,Jun,Q2,Kharif,Rajasthan,Ajmer,Urea,Nitrogenous,173,594,0.01,102762,48440,54322,Dealer,SR-018,Large Farmer,No
TXN02944,3/3/2023,2023,3,Mar,Q1,Kharif,Haryana,Hisar,DAP,Phosphatic,215,1194.75,0.115,256871.25,193500,63371.25,Direct Farm,SR-024,Small Farmer,Yes
TXN02945,2/10/2023,2023,2,Feb,Q1,Rabi,Madhya Pradesh,Gwalior,Calcium Nitrate,Nitrogenous,442,782.85,0.079,346019.7,221000,125019.7,Direct Farm,SR-013,Medium Farmer,No
TXN02946,7/3/2022,2022,7,Jul,Q3,Kharif,Uttar Pradesh,Lucknow,Urea,Nitrogenous,311,596.4,0.006,185480.4,87080,98400.4,Online Portal,SR-019,Medium Farmer,No
TXN02947,2/6/2025,2025,2,Feb,Q1,Rabi,Gujarat,Gandhinagar,DAP,Phosphatic,382,1350,0,515700,343800,171900,Government Scheme,SR-028,Small Farmer,No
TXN02948,12/14/2024,2024,12,Dec,Q4,Rabi,Madhya Pradesh,Gwalior,SSP,Phosphatic,43,403.2,0.04,17337.6,8600,8737.6,Online Portal,SR-025,Medium Farmer,No
TXN02949,4/14/2022,2022,4,Apr,Q2,Kharif,Karnataka,Mysuru,Urea,Nitrogenous,482,580.8,0.032,279945.6,134960,144985.6,Direct Farm,SR-021,Cooperative,No
TXN02950,5/19/2024,2024,5,May,Q2,Kharif,Punjab,Amritsar,Calcium Nitrate,Nitrogenous,211,833,0.02,175763,105500,70263,Dealer,SR-017,Small Farmer,No
TXN02951,10/8/2022,2022,10,Oct,Q4,Rabi,Bihar,Darbhanga,DAP,Phosphatic,188,1212.3,0.102,227912.4,169200,58712.4,Online Portal,SR-010,Cooperative,No
TXN02952,7/26/2024,2024,7,Jul,Q3,Kharif,Uttar Pradesh,Kanpur,NPK 10-26-26,Complex,47,1057.2,0.119,49688.4,38540,11148.4,Dealer,SR-002,Large Farmer,No
TXN02953,3/11/2023,2023,3,Mar,Q1,Kharif,Madhya Pradesh,Bhopal,Calcium Nitrate,Nitrogenous,264,754.8,0.112,199267.2,132000,67267.2,Online Portal,SR-015,Large Farmer,No
TXN02954,7/13/2022,2022,7,Jul,Q3,Kharif,Andhra Pradesh,Nellore,DAP,Phosphatic,392,1300.05,0.037,509619.6,352800,156819.6,Cooperative Society,SR-020,Medium Farmer,No
TXN02955,4/15/2024,2024,4,Apr,Q2,Kharif,Maharashtra,Pune,DAP,Phosphatic,217,1219.05,0.097,264533.85,195300,69233.85,Cooperative Society,SR-016,Small Farmer,No
TXN02956,10/11/2024,2024,10,Oct,Q4,Rabi,Gujarat,Rajkot,MOP,Potassic,346,842.4,0.064,291470.4,207600,83870.4,Direct Farm,SR-014,Medium Farmer,No
TXN02957,1/20/2025,2025,1,Jan,Q1,Rabi,Andhra Pradesh,Kurnool,Urea,Nitrogenous,54,547.8,0.087,29581.2,15120,14461.2,Cooperative Society,SR-029,Medium Farmer,No
TXN02958,4/2/2024,2024,4,Apr,Q2,Kharif,Haryana,Rohtak,MOP,Potassic,104,854.1,0.051,88826.4,62400,26426.4,Cooperative Society,SR-015,Small Farmer,No
TXN02959,2/3/2023,2023,2,Feb,Q1,Rabi,Gujarat,Rajkot,DAP,Phosphatic,496,1286.55,0.047,638128.8,446400,191728.8,Government Scheme,SR-006,Medium Farmer,No
TXN02960,1/6/2025,2025,1,Jan,Q1,Rabi,Karnataka,Bengaluru,Zinc Sulphate,Micronutrient,159,325.5,0.07,51754.5,28620,23134.5,Direct Farm,SR-026,Large Farmer,No
TXN02961,1/1/2025,2025,1,Jan,Q1,Rabi,Punjab,Amritsar,Ammonium Sulphate,Nitrogenous,184,601.25,0.075,110630,64400,46230,Cooperative Society,SR-015,Medium Farmer,No
TXN02962,10/23/2023,2023,10,Oct,Q4,Rabi,Karnataka,Mangaluru,Calcium Nitrate,Nitrogenous,161,847.45,0.003,136439.45,80500,55939.45,Direct Farm,SR-030,Large Farmer,No
TXN02963,2/20/2022,2022,2,Feb,Q1,Rabi,Maharashtra,Pune,DAP,Phosphatic,480,1235.25,0.085,592920,432000,160920,Government Scheme,SR-004,Cooperative,No
TXN02964,3/4/2024,2024,3,Mar,Q1,Kharif,Maharashtra,Nagpur,NPK 10-26-26,Complex,302,1190.4,0.008,359500.8,247640,111860.8,Direct Farm,SR-019,Large Farmer,No
TXN02965,12/20/2023,2023,12,Dec,Q4,Rabi,Punjab,Bathinda,Zinc Sulphate,Micronutrient,51,322.7,0.078,16457.7,9180,7277.7,Government Scheme,SR-017,Cooperative,No
TXN02966,4/25/2022,2022,4,Apr,Q2,Kharif,Maharashtra,Pune,Urea,Nitrogenous,377,556.8,0.072,209913.6,105560,104353.6,Government Scheme,SR-009,Medium Farmer,No
TXN02967,7/4/2024,2024,7,Jul,Q3,Kharif,Andhra Pradesh,Vijayawada,Ammonium Sulphate,Nitrogenous,337,613.6,0.056,206783.2,117950,88833.2,Dealer,SR-021,Medium Farmer,Yes
TXN02968,2/4/2022,2022,2,Feb,Q1,Rabi,Haryana,Rohtak,NPK 10-26-26,Complex,19,1182,0.015,22458,15580,6878,Direct Farm,SR-011,Small Farmer,No
TXN02969,11/4/2024,2024,11,Nov,Q4,Rabi,Bihar,Patna,Zinc Sulphate,Micronutrient,150,342.65,0.021,51397.5,27000,24397.5,Dealer,SR-013,Large Farmer,No
TXN02970,1/7/2023,2023,1,Jan,Q1,Rabi,Haryana,Faridabad,NPK 10-26-26,Complex,218,1112.4,0.073,242503.2,178760,63743.2,Dealer,SR-021,Small Farmer,No
TXN02971,12/11/2022,2022,12,Dec,Q4,Rabi,Uttar Pradesh,Lucknow,Zinc Sulphate,Micronutrient,337,341.95,0.023,115237.15,60660,54577.15,Direct Farm,SR-026,Large Farmer,No
TXN02972,2/28/2024,2024,2,Feb,Q1,Rabi,Bihar,Muzaffarpur,SSP,Phosphatic,369,379.26,0.097,139946.94,73800,66146.94,Cooperative Society,SR-012,Medium Farmer,No
TXN02973,8/14/2023,2023,8,Aug,Q3,Kharif,Uttar Pradesh,Kanpur,Zinc Sulphate,Micronutrient,462,317.1,0.094,146500.2,83160,63340.2,Dealer,SR-026,Large Farmer,No
TXN02974,3/11/2024,2024,3,Mar,Q1,Kharif,Karnataka,Hubli,Calcium Nitrate,Nitrogenous,357,770.95,0.093,275229.15,178500,96729.15,Cooperative Society,SR-009,Small Farmer,No
TXN02975,1/16/2025,2025,1,Jan,Q1,Rabi,Gujarat,Surat,Ammonium Sulphate,Nitrogenous,340,626.6,0.036,213044,119000,94044,Government Scheme,SR-008,Large Farmer,No
TXN02976,5/15/2022,2022,5,May,Q2,Kharif,Rajasthan,Ajmer,Calcium Nitrate,Nitrogenous,468,793.9,0.066,371545.2,234000,137545.2,Online Portal,SR-022,Cooperative,No
TXN02977,11/18/2024,2024,11,Nov,Q4,Rabi,Madhya Pradesh,Gwalior,NPK 10-26-26,Complex,412,1156.8,0.036,476601.6,337840,138761.6,Direct Farm,SR-022,Large Farmer,Yes
TXN02978,1/25/2025,2025,1,Jan,Q1,Rabi,Bihar,Muzaffarpur,Calcium Nitrate,Nitrogenous,436,799.85,0.059,348734.6,218000,130734.6,Cooperative Society,SR-013,Large Farmer,No
TXN02979,10/4/2023,2023,10,Oct,Q4,Rabi,Madhya Pradesh,Indore,Urea,Nitrogenous,450,552,0.08,248400,126000,122400,Cooperative Society,SR-016,Large Farmer,No
TXN02980,8/22/2024,2024,8,Aug,Q3,Kharif,Uttar Pradesh,Meerut,SSP,Phosphatic,134,412.02,0.019,55210.68,26800,28410.68,Cooperative Society,SR-025,Medium Farmer,Yes
TXN02981,5/31/2023,2023,5,May,Q2,Kharif,Rajasthan,Jodhpur,Calcium Nitrate,Nitrogenous,315,779.45,0.083,245526.75,157500,88026.75,Online Portal,SR-002,Large Farmer,No
TXN02982,9/18/2023,2023,9,Sep,Q3,Rabi,Maharashtra,Pune,Ammonium Sulphate,Nitrogenous,379,647.4,0.004,245364.6,132650,112714.6,Direct Farm,SR-018,Large Farmer,No
TXN02983,8/7/2024,2024,8,Aug,Q3,Kharif,Haryana,Gurugram,Urea,Nitrogenous,244,585.6,0.024,142886.4,68320,74566.4,Direct Farm,SR-030,Medium Farmer,No
TXN02984,4/4/2022,2022,4,Apr,Q2,Kharif,Gujarat,Rajkot,NPK 10-26-26,Complex,478,1093.2,0.089,522549.6,391960,130589.6,Direct Farm,SR-028,Large Farmer,No
TXN02985,12/9/2023,2023,12,Dec,Q4,Rabi,Uttar Pradesh,Agra,Urea,Nitrogenous,42,569.4,0.051,23914.8,11760,12154.8,Government Scheme,SR-018,Large Farmer,No
TXN02986,12/27/2023,2023,12,Dec,Q4,Rabi,Uttar Pradesh,Agra,Urea,Nitrogenous,163,528.6,0.119,86161.8,45640,40521.8,Dealer,SR-022,Medium Farmer,No
TXN02987,7/12/2022,2022,7,Jul,Q3,Kharif,Rajasthan,Jodhpur,Ammonium Sulphate,Nitrogenous,126,581.1,0.106,73218.6,44100,29118.6,Direct Farm,SR-030,Cooperative,No
TXN02988,6/27/2023,2023,6,Jun,Q2,Kharif,Madhya Pradesh,Indore,Zinc Sulphate,Micronutrient,327,313.95,0.103,102661.65,58860,43801.65,Government Scheme,SR-007,Small Farmer,No
TXN02989,8/17/2022,2022,8,Aug,Q3,Kharif,Haryana,Faridabad,Ammonium Sulphate,Nitrogenous,304,647.4,0.004,196809.6,106400,90409.6,Direct Farm,SR-013,Large Farmer,No
TXN02990,8/1/2024,2024,8,Aug,Q3,Kharif,Rajasthan,Jodhpur,Calcium Nitrate,Nitrogenous,440,781.15,0.081,343706,220000,123706,Direct Farm,SR-026,Large Farmer,No
TXN02991,4/15/2022,2022,4,Apr,Q2,Kharif,Andhra Pradesh,Kurnool,Zinc Sulphate,Micronutrient,124,327.95,0.063,40665.8,22320,18345.8,Online Portal,SR-023,Large Farmer,No
TXN02992,8/23/2023,2023,8,Aug,Q3,Kharif,Maharashtra,Pune,SSP,Phosphatic,333,381.78,0.091,127132.74,66600,60532.74,Dealer,SR-026,Small Farmer,No
TXN02993,4/21/2023,2023,4,Apr,Q2,Kharif,Maharashtra,Pune,DAP,Phosphatic,254,1242,0.08,315468,228600,86868,Government Scheme,SR-012,Large Farmer,No
TXN02994,3/27/2023,2023,3,Mar,Q1,Kharif,Gujarat,Ahmedabad,Calcium Nitrate,Nitrogenous,79,801.55,0.057,63322.45,39500,23822.45,Online Portal,SR-028,Small Farmer,No
TXN02995,7/22/2024,2024,7,Jul,Q3,Kharif,Madhya Pradesh,Indore,Zinc Sulphate,Micronutrient,138,333.9,0.046,46078.2,24840,21238.2,Direct Farm,SR-028,Small Farmer,No
TXN02996,9/1/2024,2024,9,Sep,Q3,Rabi,Maharashtra,Nagpur,MOP,Potassic,399,854.1,0.051,340785.9,239400,101385.9,Dealer,SR-006,Cooperative,No
TXN02997,11/18/2024,2024,11,Nov,Q4,Rabi,Rajasthan,Kota,DAP,Phosphatic,271,1192.05,0.117,323045.55,243900,79145.55,Cooperative Society,SR-013,Medium Farmer,No
TXN02998,4/21/2025,2025,4,Apr,Q2,Kharif,Karnataka,Bengaluru,Calcium Nitrate,Nitrogenous,302,826.2,0.028,249512.4,151000,98512.4,Online Portal,SR-027,Cooperative,No
TXN02999,2/11/2022,2022,2,Feb,Q1,Rabi,Madhya Pradesh,Ujjain,Ammonium Sulphate,Nitrogenous,496,644.15,0.009,319498.4,173600,145898.4,Cooperative Society,SR-002,Large Farmer,No
TXN03000,3/8/2022,2022,3,Mar,Q1,Kharif,Maharashtra,Kolhapur,MOP,Potassic,479,810.9,0.099,388421.1,287400,101021.1,Cooperative Society,SR-015,Medium Farmer,No
